Protein.Group	Genes	MaxLFQIntensity.EF_DIA_1ug	MaxLFQIntensity.EFp2_DIA_1ug	MaxLFQIntensity.EFp4_DIA_1ug	MaxLFQIntensity.EFp6_DIA_1ug	MaxLFQIntensity.EL_DIA_1ug	MaxLFQIntensity.ELp2_DIA_1ug	MaxLFQIntensity.ELp3_DIA_1ug	MaxLFQIntensity.ELp4_DIA_1ug	MaxLFQIntensity.ELp5_DIA_1ug	MaxLFQIntensity.EFp3_DIA_1ug
A0A3Q1MH98	DUSP28	215315.0	209007.0	407244.0	217555.0	256896.0	324906.0	257081.0	174203.0	225529.0	
A4FUD0	MTHFD1	948895.0	512513.0	943959.0	553581.0	1070060.0	723190.0	672160.0	1203580.0	786660.0	
Q32L54	SPAG6										
Q0P5M9	MFSD10			44197.7		67387.1					
A0A3Q1M752;E1BJH1	EDC4	152254.0		500645.0	185359.0	238672.0	154769.0		430202.0	152006.0	
P26882	PPID			302135.0						54444.2	
Q2TBR6	PFDN4	1414740.0	1703530.0		1594000.0	758928.0	1781720.0		3392940.0	822658.0	2486200.0
E1BBJ7	INPPL1	15240.3	23324.7			20113.9					
A0A3Q1MSL5;Q148D3	FH	557944.0	1445680.0	862150.0	516383.0	755901.0	985248.0	489263.0	227842.0	1424760.0	167690.0
Q08E34	TOMM70	159118.0	223725.0	190530.0	103361.0	230637.0	283793.0	153653.0		198498.0	
A5PKJ5;F6PRQ6	UNC45A					85651.0					
A0A3Q1MLQ7	TLN1	4446040.0	3107450.0	3254640.0	5716620.0	4791910.0	6179020.0	6731610.0	2760460.0	2596350.0	7277810.0
A0A3Q1NNK1	POSTN	3144320.0	1641550.0	2958080.0	4139420.0	2093150.0	2596620.0	2365530.0	3433680.0	2189080.0	2614190.0
Q3T046	BDH2	399741.0	193634.0	268635.0	222756.0	360473.0	236999.0			399737.0	
E1BF91	ATAT1										
Q3ZBZ8	STIP1					149344.0				187526.0	
P11024	NNT	119561.0	176359.0		123804.0	350415.0	212422.0			150048.0	
E1BIZ3	UNC119B	1105310.0	806537.0	1330110.0	1064100.0	724253.0	592955.0			1263050.0	
F1N7I5	NUMA1	1956490.0	866970.0	1867900.0	2053710.0	2504180.0	2016260.0	2880760.0	1729020.0	984613.0	2063300.0
Q29443	TF	1188110.0	1219810.0	918741.0	615849.0	584736.0	943905.0	708718.0	1435990.0	963614.0	1095890.0
P00727	LAP3	605980.0	633014.0	675646.0	423374.0	500869.0	666097.0	313889.0		824182.0	
A0A3Q1LSP2;A0A3Q1NE22;A6QLA8	TRIM25	623810.0	431451.0	676381.0	473299.0	814195.0	733028.0	502929.0	579079.0	318569.0	495547.0
Q3T052	ITIH4	8415770.0	1179800.0	4478330.0	6534160.0	4603780.0	5487720.0	4985170.0	2689860.0	3882680.0	4128230.0
A2VE99	SEPTIN11	37656700.0	11536300.0	16527600.0	28112000.0	14828000.0	14124200.0	25082300.0	21834700.0	20903800.0	28471500.0
A0A3Q1M211;G3MYE7	MECP2	191490.0	2476520.0	3082810.0	439470.0	2108410.0	2981600.0		526634.0	835322.0	
A0A3Q1MN97;F1N789	VCL	4615100.0	2948870.0	6366570.0	5912620.0	3182290.0	3040470.0	3549810.0	4229280.0	5067750.0	3944260.0
P04394	NDUFV2		509623.0							175758.0	
A6QLN6	MYH11	2571950.0	1176590.0	4357460.0	7912550.0	3473870.0	2431700.0	3928790.0	2092880.0	1809030.0	2301590.0
A1A4J1	PFKL	252314.0	209970.0	874102.0	255784.0	500829.0	149831.0		717081.0	254921.0	
E1BC38	CD248	609475.0	2017150.0	821142.0	344125.0	2169130.0	3326020.0	702078.0	322929.0	612078.0	731118.0
A0A3Q1MUD4	HDLBP	796774.0	1180530.0	437531.0	1114620.0	589001.0	661283.0	568246.0	865847.0	1144860.0	227435.0
A0A3Q1M4K7;A0A3Q1MRG8;E1BDZ2	NEK7	130379.0		90913.3	130467.0	198236.0	64853.4			88454.5	
A0A3Q1LSN0;F1MYX5	LCP1	418796.0			280295.0	235962.0	212724.0			175461.0	
Q5KR47	TPM3	3596330.0	2799210.0	1906120.0	2049920.0	5120890.0	6048430.0	2582020.0		2517220.0	4646390.0
A0A3Q1LY20;Q1RMR9	PACSIN2	440108.0	1050380.0	735159.0	518890.0	1591870.0	1576560.0	652251.0	210481.0	898307.0	
A0A3Q1NGN7;F1MB84	GRHPR		62275.5			155964.0				65982.4	
O46375	TTR	947457.0	672623.0	1428160.0	904980.0	423824.0	794430.0	2092950.0	1680910.0	608825.0	1177080.0
A6QPP2;F6R4P6	SERPIND1	298827.0	87835.3	239000.0	353544.0	408842.0	218433.0			385266.0	
E1BDS6	TP53BP1	389197.0	362927.0	138954.0	289436.0	596538.0	280493.0	547586.0		270301.0	
Q0VCM0	S100A16		260478.0							200780.0	
A7YWE4	ALDH4A1		104838.0		50868.3	82298.5				222588.0	
A0A3Q1LKL2;A0A3Q1LWI0;A0A3Q1MH41;A0A3Q1NBC4;F1MNS2	SRPK2	965945.0	840767.0	1829460.0	540879.0	1457850.0	1072880.0	827712.0	1053960.0	1237380.0	1098960.0
E1BMW2	AP2A1	509721.0	1375600.0	517757.0	554420.0	890654.0	1131790.0	518183.0	502098.0	802314.0	468901.0
E1BPA1	TBC1D4					213097.0				113928.0	
P67808	YBX1		874237.0			278977.0	950271.0			277777.0	
Q24K15	ANGPT4		832950.0	451923.0	148282.0	168784.0	126158.0			112697.0	
Q148C9	HEBP1		466522.0	301272.0		294735.0	260700.0			184895.0	
E1BBS9	CROCC	460216.0	141343.0	567967.0	457635.0	343921.0	370134.0	821255.0	582546.0	308080.0	
Q28141	DHX9	917522.0	1487450.0	1130660.0	652877.0	1851060.0	1477530.0	899032.0	677329.0	748373.0	565857.0
Q58DT8	WDR55	558440.0	543859.0	446314.0	497324.0	201252.0		327861.0	925454.0	515398.0	545281.0
A0A3Q1LUC5	LAMA1	419970.0	1129960.0		292554.0	69948.8					11222500.0
A0A3Q1LUQ7;A0A3Q1LYL5;A0A3Q1MM69;A0A3Q1N969;A4FV90	PCCA	154575.0	61597.5	194245.0	110211.0	214259.0	57411.5			250350.0	
Q9TS87	TAGLN	2191230.0	1419600.0	879348.0	5221280.0	1505620.0	1162290.0	1076950.0	863363.0	2343930.0	908211.0
F6QT88	GDF7	154664.0	13757.4	807074.0	369046.0	173308.0	229637.0	184270.0		153834.0	87760.8
E1BB91	COL6A3	76256200.0	82927400.0	49890300.0	158606000.0	64781600.0	146959000.0	91636000.0	45612000.0	49318100.0	115314000.0
A0A3Q1M6S1;A0A3Q1M766;E1BM42	RELCH	2716110.0	811268.0	1507890.0	2281660.0	1604350.0	1341470.0	2081970.0	216956.0	1848970.0	747402.0
Q3T165	PHB1	1514440.0	4382910.0	2161240.0	896473.0	1831850.0	1848740.0	644515.0	165754.0	2136210.0	
F1MWY9	ECI2	907312.0	608701.0	655643.0	265139.0	2424190.0	719021.0	401752.0		761546.0	
A6QP46	IGBP1									66373.3	
A0A3Q1MXL6;F1N1G7	KIF5B	579311.0	215713.0	540694.0	329656.0	768819.0	436121.0			353196.0	
A7MB45	ACSS3				53789.5	365304.0	116441.0			51967.6	
F1MWF0	HIP1	157217.0	36202.0	340102.0	85051.0	164116.0				71078.9	
Q9TRY0	FKBP4	2540880.0	1425480.0	2033460.0	2148630.0	1942550.0	1748930.0	1861190.0	1625060.0	2249750.0	1583220.0
F1MH61	FAM98B	493747.0	1156380.0	886640.0	359452.0	1613140.0	1177370.0	1506610.0		1076890.0	
E1BI98	COL6A1	54979400.0	17914800.0	51153400.0	99913400.0	27233200.0	45414500.0	52860600.0	49499500.0	24237400.0	52140100.0
A0A3Q1LP63;Q0VBZ6	TIA1				158458.0	35948.1				51316.1	
P62261	YWHAE	4310920.0	6335990.0	6544780.0	4510040.0	22333700.0	14478400.0	4574050.0	1250860.0	9168140.0	1541750.0
A0A3Q1M0D6	SRRM2	297489.0	282990.0	391137.0	375283.0	208869.0	297314.0	265058.0	960321.0	184788.0	314359.0
P31039	SDHA	1836310.0	2230090.0	2041390.0	1374170.0	1995640.0	1606250.0	1296940.0	869706.0	2350230.0	473906.0
A2VE29	ITIH5	509603.0	954362.0	978991.0	366460.0	952026.0	1614920.0	528486.0	450469.0	244372.0	446371.0
F1MM55;Q08DW6	NUP133	160300.0	176153.0	179233.0	113837.0	483834.0	292585.0			263712.0	
P20000	ALDH2	1618160.0	2079590.0	2060810.0	1509660.0	1271250.0	1051470.0	1401440.0	417302.0	1251070.0	476503.0
Q3MHW8	PALLD	456653.0	479086.0	549762.0	464330.0	346310.0	428676.0		868540.0	384331.0	401441.0
Q3SZ76	COMMD3	88786.5	222233.0	95825.1	168417.0	65400.5				405440.0	
F1MMS9	ITGA3	71945.3	143778.0	544577.0	280492.0	514972.0	326113.0	562833.0		86347.9	
F1MY28	BAG6	777374.0	614683.0		984334.0	631328.0			179329.0	947128.0	
A4FV08	GNPDA1	763914.0	221319.0	407589.0	367004.0	372407.0	214282.0		184711.0	610584.0	
A4FV05;A8E654;F1N6W9	COL18A1	12431200.0	29336800.0	13999800.0	14389400.0	16046200.0	30431900.0	11272900.0	13571700.0	7478160.0	7898120.0
A0A3Q1LXM2;A0A3Q1M0N0;A0A3Q1M4P8;A0A3Q1MUA3;F1MUC5	COL15A1	12564300.0	11956000.0	4550860.0	15280200.0	5067950.0	7601450.0	7181280.0	4963230.0	10824300.0	8806440.0
P36225	MAP4	2689340.0	1403700.0	1768730.0	3472680.0	2032020.0	2212170.0	1697300.0	1711360.0	1395540.0	2307600.0
Q2KHU5	MACROD1	227397.0	300927.0	384378.0	201490.0	595180.0	441107.0			292194.0	
Q56K14	RPLP1	10573100.0	20976000.0	14838100.0	4954600.0	8939160.0	16297900.0	9692280.0	7923130.0	11818600.0	2920240.0
F1MER7	HSPG2	15264100.0	14070300.0	20554200.0	21636500.0	15243600.0	16724800.0	17563100.0	15476300.0	9855990.0	12764400.0
Q5EA98	MFAP1		354331.0	600938.0		266986.0	456244.0				
Q2TBU9	RUVBL2	2145820.0	3424400.0	2580210.0	1820180.0	3265270.0	3342530.0	2336040.0	1817140.0	3133420.0	1420840.0
A0A3Q1LR45;A0A3Q1NK96	PCBD2		281661.0	237119.0	197927.0	257479.0	216871.0			455104.0	
F1MVK1	LOC107131209	7679460.0	5921370.0	5260400.0	4105640.0	10222200.0	5610340.0	5304860.0	5391180.0	6739700.0	3106020.0
A0A3Q1NJB1;F1N076	CP	3382220.0	1442600.0	1834430.0	3959480.0	2470990.0	3457610.0	5692100.0	1077400.0	2372770.0	5163660.0
P61763	STXBP1	351008.0	593239.0	221199.0	309043.0	889094.0	886395.0	326041.0		348200.0	
F1N1R3	MRPL40	229112.0	218392.0	171104.0	356308.0	158510.0		344644.0			372024.0
A0A3Q1MFK9	HSPA12B	1648290.0	460527.0	2319660.0	1232900.0	1473920.0	1084160.0	1440010.0	736985.0	943645.0	1372650.0
A0A3Q1MYX6	TNS2	252519.0		282293.0	288915.0	306494.0	123579.0	224408.0	163902.0	144224.0	
Q28009	FUS	210815.0			695686.0	214639.0				93709.7	
A0A3Q1LHT7	RRBP1	3357060.0	2486000.0	1925670.0	3754430.0	2319770.0	2387230.0	2692510.0	3288650.0	3379010.0	2662900.0
A7YW45	PRMT5	294058.0			167841.0	80182.7			446983.0	280612.0	
P08760	AK3	755426.0	1910500.0	878963.0	821670.0	1424620.0	2113740.0	594355.0	236058.0	1313030.0	
A0A3Q1MFR4;E1BNR0	APOB	2379170.0		4133040.0	2976030.0	2569220.0	1847940.0		1288420.0	1856810.0	813503.0
Q0VCM5	ITIH1	2266550.0	1024190.0	1531930.0	2622520.0	1007180.0	1539950.0	1595340.0	1249860.0	1191650.0	1630350.0
A0A3Q1MCV7;E1BJ04	SPECC1L	106822.0								45258.2	
A0A3Q1LLV8;A0A3Q1MVV4;F1N1R8	EML4	1652870.0	929225.0	818634.0	1662810.0	1038710.0	1564670.0	834484.0	316291.0	613912.0	947099.0
A6QLB5;F6RJ80	EML3					143903.0				33456.7	
A7MBI5	DPYSL3	16046200.0	9172740.0	15609800.0	15550800.0	13992200.0	16322800.0	19082100.0	19361800.0	10895300.0	17559200.0
O02675	DPYSL2	19565500.0	8182680.0	16712100.0	17961800.0	12725000.0	14490700.0	19798100.0	16995600.0	11769000.0	15373600.0
A0A3Q1LXK9;A0A3Q1M2E4;E1BF59	PLEC	3851720.0	2590930.0	4259170.0	4635560.0	5948240.0	4342330.0	7227720.0	2512990.0	2374930.0	4700390.0
A5D7L1	CLEC11A	406795.0	130799.0	484639.0	423408.0	110312.0	118157.0		779713.0	191861.0	
P81125	NAPA	720629.0	1008970.0	867442.0	582286.0	970212.0	866349.0	701678.0	605655.0	1621620.0	1530360.0
Q3T0C2	HPGD	610405.0		647918.0		1572760.0	922538.0	1599860.0		425934.0	361512.0
Q3T0Z7	QDPR	166316.0	571743.0	459743.0	314010.0	406450.0	485292.0			763283.0	
F1MDD6	KCTD14	360632.0			146513.0	364462.0	232491.0	101409.0		235884.0	
A0A3Q1MZU3;A4IFD1	PDCD4	219895.0	240900.0	538299.0		632814.0	640300.0			282714.0	
Q3SZ20	SHMT2	644229.0	997895.0	512466.0	100736.0	1172770.0	1017290.0		277383.0	937177.0	288479.0
E1BIS6	SYNM	2630060.0	1627920.0	2607090.0	3914440.0	3115450.0	2797270.0	2590570.0	2334060.0	1975220.0	2368370.0
Q2KI84	HARS1	116337.0	124975.0		133941.0	513972.0	255237.0			260568.0	
A6QPH2	SIPA1				606813.0						
A0A3Q1LQQ3;A0A3Q1MSZ5;A0A3Q1N603;F1MKX7	XRN2	581931.0	79766.9	242930.0	249924.0	301808.0	291277.0	198982.0	368901.0	199975.0	543571.0
P08728	KRT19	29599000.0	18572600.0	29274000.0	35166800.0	32460100.0	50293400.0	70775300.0	18074000.0	35756300.0	40959000.0
Q3ZBK2	PRXL2A	152277.0				142196.0				162502.0	
E1BA17	COL14A1	8097680.0	4307180.0	7215960.0	19165800.0	11400800.0	10391700.0	9641390.0	5287740.0	3010450.0	5190840.0
A0A3Q1NGF0	SMTN	271704.0	604902.0	500841.0	941263.0	494880.0	383954.0	386762.0	976968.0	355127.0	
A0A3Q1LSP4;F1MX87;Q2KIH5	C8A	317867.0	378218.0	273459.0	335143.0	651388.0	249755.0			352805.0	
A0A3Q1M2Z7;Q0P5D6	RARRES1	58237.4	284955.0					75922.3		111986.0	
A0A3Q1M0Y8	CROCC2	167708.0		791054.0	639274.0	227938.0	7594640.0	5862200.0	544626.0	133213.0	
Q3SX14	GSN	8147950.0	8768360.0	9628200.0	9793460.0	9313140.0	9644540.0	14165900.0	7259540.0	10373900.0	8967610.0
G3N337	UAP1L1	153497.0	132572.0	199537.0	167304.0	115459.0	129469.0	202242.0	165821.0	115538.0	168717.0
Q95107	WASL		350117.0			177073.0	250790.0			79091.4	
A0A3Q1NKL1	SPTAN1	2037410.0	1395890.0	2480890.0	2921150.0	1947370.0	1554720.0	3389650.0	1893670.0	3437450.0	2248160.0
Q2KJ21	CALCOCO1	296882.0	83419.0		207659.0	168738.0				266298.0	398105.0
A6QR56	ALDH16A1	202399.0	102973.0	275571.0	205334.0	317098.0	215629.0	176769.0	142823.0	169838.0	
Q27968	DNAJC3	10258.4	137625.0							117097.0	
Q0VCP3	OLFML3	6169160.0	3529920.0	10285200.0	9102590.0	8732720.0	6358330.0	4976370.0	6590730.0	3152790.0	2363800.0
F1N4R4	DCTPP1		40149.9				112664.0		288215.0		
Q56JX5	RPS25	199168.0	2615490.0	423443.0	244525.0	1105080.0	1062840.0			733038.0	
E1BGJ0	LRP1	1536290.0	784834.0	1325750.0	1781790.0	1095730.0	387672.0	628868.0	1205560.0	920847.0	366584.0
O46629	HADHB	376248.0	2029290.0	414290.0	309344.0	1240110.0	1630200.0	478354.0	867259.0	664483.0	
P34955	SERPINA1	304652.0	73884.3	158634.0	448451.0	199493.0	263459.0	212545.0		381068.0	149139.0
Q2HJ81	TUBB6	29088900.0	11295200.0	17838600.0	21526200.0	14078000.0	9698240.0	11552900.0	22750700.0	22135900.0	13569900.0
E1BJH7	RBKS	1319350.0	103764.0	496766.0	2441160.0	612648.0	725216.0	1312820.0	736992.0	449870.0	1749830.0
A0A3Q1MFE4	IMMT	1624880.0	785243.0	1415530.0	1389340.0	1368370.0	620809.0	790967.0	813845.0	1575010.0	425584.0
F1MSQ6	NEFH			114122.0						48959.1	
Q8SPJ1	JUP	458271.0		562878.0		344038.0	537779.0		407661.0	229522.0	
P46193	ANXA1	6309530.0	10145800.0	5900240.0	6279160.0	8828530.0	7612250.0	3212260.0	3524520.0	8084170.0	3278370.0
Q28824	MYLK	1074740.0	2046080.0	1950780.0	1666300.0	3694490.0	3911010.0	459269.0	1196500.0	1295040.0	1025500.0
A0A3Q1MIZ7;A0A3Q1MVC6;F1N0H4	RAI14	559604.0	231157.0	446191.0	632106.0	441997.0	230426.0	245994.0	401235.0	392654.0	
Q2HJH0	LSM5	4460380.0	1842310.0	2381510.0	2667000.0	2031790.0	2493320.0	5571230.0	3695800.0	3639440.0	6251530.0
Q3T0Y5	PSMA2	1683670.0	895427.0	904356.0	557567.0	805700.0	739639.0	482575.0	665148.0	1402050.0	474152.0
A7MB57	YES1	1271470.0	432442.0	968392.0	675974.0	646245.0	307050.0		1026340.0	935188.0	
E1BIM8	SRC	296988.0			184865.0	268862.0	98008.7			196549.0	
A0A3Q1M930;A0A3Q1MBP1;A0A3Q1MJM1;E1B748	HYOU1	538691.0	1188060.0	374356.0	336953.0	652047.0	849317.0	589023.0	471155.0	908936.0	129627.0
P23709	NDUFS3	852988.0	944127.0	774227.0	927728.0	993847.0	665514.0	809539.0	460706.0	1579590.0	136946.0
A0A3Q1LG90	PALLD	609744.0	960239.0	781092.0	1231830.0	853312.0	1076940.0	561211.0	876162.0	640621.0	645727.0
F1N712	PGR	565576.0	631837.0	721716.0	434898.0	273787.0	704431.0	199685.0	1462700.0	343347.0	832858.0
F1MQG6	ACIN1		197710.0	346677.0	414078.0	298501.0	174275.0	96548.1		275004.0	
Q2KHZ9	GCDH	426776.0	312110.0	379513.0	263001.0	571176.0	248128.0	155448.0	104505.0	326953.0	
Q29442	COL4A4										
P37980	PPA1									143720.0	
Q2KJ42	NONO	1942890.0	2728640.0	2217250.0	3046700.0	2834980.0	2613160.0	2631280.0	2770630.0	1997550.0	2019190.0
Q2HJB6	PCOLCE	540680.0	2335300.0	395134.0	591260.0	574658.0	1007680.0		901340.0	939775.0	248795.0
Q17R07	ARFGAP3	464933.0	183104.0	383681.0	397655.0	231638.0	235361.0		441063.0	245745.0	354578.0
A0A3Q1LFY9;A0A3Q1LX56;A6QP77;E1BHU1	TCOF1	216474.0	601844.0	283139.0	270036.0	815907.0	847665.0			241908.0	
A0A3Q1M6U5;A0A3Q1MR25;A6QLG3	PDK3					88167.9				68254.9	
E1BD03	PPM1D	941589.0	362274.0		935661.0	435304.0	475102.0	1099080.0	529595.0	434841.0	1296590.0
A0A3Q1M6B6;A4IF72	CHCHD10	87431.6				111673.0				169700.0	
Q3ZCI0	CHCHD9				248514.0	524799.0				408392.0	
Q9GLX9	SPON1	586480.0	816985.0	1168400.0	412808.0	2152130.0	1506410.0	792786.0	433551.0	875416.0	340053.0
A6QPH1	PYM1		134850.0							95934.9	
Q2TBL6	TALDO1	303447.0	759444.0	523573.0	184184.0	887815.0	569422.0	266631.0		738425.0	237817.0
A0A3Q1LPF4;E1BEX4	UROD	220108.0	121768.0			112114.0				167251.0	
Q3ZBT6	TRA2B	373239.0	1703500.0	854081.0	480714.0	896331.0	1240740.0	946588.0	2337070.0	1234760.0	337410.0
A6QLL8	ALDOA	12397300.0	43337700.0	15639800.0	9695840.0	36426000.0	31511100.0	14388600.0	7582560.0	24894300.0	5246420.0
F1N365	FLII					139246.0				101185.0	
A6QQT9	ILVBL					257933.0					
P00432	CAT	2433390.0	2687360.0	2024900.0	1999270.0	1846880.0	1606070.0	1725680.0	1249680.0	2653480.0	1480340.0
A0A3Q1M6S6;A0A3Q1N7S2;A0A3Q1NLM6;E1BFI2	DHTKD1					61066.5					
A0A3Q1LL65;A0A3Q1M5J6;A0A3Q1ML65;F1MN61	EEA1	507067.0		502863.0	275956.0	228083.0	83897.5		601395.0	311181.0	
E1BDK6	LAMB2	8953700.0	2768050.0	10041200.0	15194400.0	7809450.0	5134810.0	6826020.0	7706190.0	3857610.0	4682460.0
F1MW19	HOMER3	423443.0	465464.0	462679.0	258906.0	476401.0	517161.0	1102780.0	401592.0	321189.0	559595.0
A0A3Q1LKS8	SYNC				138661.0					248200.0	82306.4
A0A3Q1MY30;F1MNT4	LAMB1	2420330.0	961114.0	1955340.0	3922670.0	1975270.0	970969.0	1559910.0	2142250.0	1402180.0	1171810.0
E1BJ55	ZNF428		1372190.0	640205.0		1244200.0	3391420.0			186314.0	
A0A3Q1MZJ3;A0A3Q1NKV3;M5FHK5	THOC6	109053.0	126094.0		104465.0					282904.0	
E1BKT9	DSP	552394.0	260747.0	270288.0	162359.0	816853.0	734830.0	463772.0	116675.0	189952.0	281111.0
Q8SPP7	PGLYRP1	517304.0	2159880.0	834552.0	249382.0	335496.0	1599340.0	85709.5	633568.0	2472960.0	
P42028	NDUFS8	254660.0	792562.0	328140.0	398548.0	688355.0	587723.0	691066.0	323360.0	898643.0	352942.0
A0A3Q1MBX8;F1MZZ9;Q2TA18	CCDC50				90797.2					35800.7	
A6QP83	FUBP3	1024280.0	578675.0	453663.0	929506.0	436487.0	320475.0	531286.0	796344.0	1063080.0	507995.0
A4FV37	CAVIN3	4160360.0	5393620.0	6075190.0	2139020.0	6588100.0	8588280.0	2459360.0	3562490.0	5473060.0	1338740.0
A5PKL2	RRAS2										
A7YY77	ENDOD1	41665.5	346895.0	288512.0	122892.0	236186.0	355793.0		74374.6	125455.0	
A0A3Q1LZ47;Q2HJ65	MACROH2A1	1730070.0	7289600.0	3821360.0	1635680.0	8072690.0	4964080.0	933442.0	1037990.0	1516140.0	
A0A3Q1LWU2;E1BMN5	SPTBN2					90966.7					
P00515	PRKAR2A	1453750.0	1176350.0	1915920.0	730696.0	1708950.0	1291220.0	883387.0	1350740.0	1647040.0	369333.0
Q9GLM4	TNS1	1247390.0	1171320.0	1487230.0	2146160.0	1439190.0	1169590.0	1369960.0	1366860.0	766724.0	908693.0
Q05B92	TFE3	148330.0	143617.0		197694.0					131853.0	
P22027	DMAC2L					72574.3					
A3KN04	RPN1	1250260.0	1801880.0	1576910.0	1496670.0	2035190.0	1977100.0	1557640.0	687081.0	1277640.0	900391.0
P13214	ANXA4	1147650.0	3742800.0	1494110.0	1721040.0	1397770.0	1093920.0	688673.0	476900.0	1369110.0	351860.0
A0A3Q1MNN2;A6QPH7;F1MZC0	AKR7A2	1004430.0	661049.0	1033760.0	450310.0	941340.0	1116620.0			1411490.0	
A6QLV1	SUN2	721984.0	761361.0	1363190.0	846977.0	1394450.0	1028630.0	790265.0	592584.0	614881.0	294927.0
A0A3Q1MRD9;A0A3Q1N2J5;A0A3Q1N3Q6;F1MYS7;Q3MHP6	EIF4B	801001.0	768460.0	661249.0	672971.0	558815.0	945660.0	1112360.0	821726.0	485209.0	1375200.0
P11181	DBT	471551.0	534918.0	657033.0	272781.0	566414.0	360765.0	257042.0	82883.0	418159.0	
P38657	PDIA3	10218000.0	13908500.0	8554550.0	6328680.0	18325400.0	14278500.0	8730300.0	4424720.0	17342200.0	3678420.0
A6H782	TEKT3			106586.0		32035.1			90133.5	19289.0	
E1BJW3	MMRN2	900306.0	804994.0	1414780.0	1058330.0	1269270.0	1248350.0	1378430.0	1106240.0	709572.0	951454.0
A0A3Q1LGL7;A0A3Q1N9E9;F1MYX9	LAMA4	4663020.0	1989720.0	4496980.0	7553280.0	3819510.0	2867900.0	4365910.0	3994710.0	2361470.0	2453510.0
Q5E959	STRAP	625633.0	320639.0	316954.0	751385.0	428760.0	421186.0			972426.0	437025.0
A6QNL5;F6QH94	PDIA6	3374940.0	4124200.0	2881240.0	1544820.0	7195950.0	4269850.0	2038090.0	1384170.0	5576260.0	854772.0
Q08DG4	FBXL8									45205.1	
A0A3Q1MN88;E1BJU6	SYNE3		225092.0		217057.0	362121.0				206599.0	
A0A3Q1MJ97;A0A3S5ZPC1	SYPL1					173361.0					
P31322	PRKAR2B	973312.0	801962.0	821740.0	656724.0	1052150.0	715408.0	535581.0	568657.0	1193240.0	
Q03247	APOE	1592740.0	2226790.0	2525120.0	1636930.0	1498420.0	2596190.0	1017520.0	1141060.0	2469290.0	884118.0
A0A3Q1MFP2;A4FUE5	RAB3GAP1	207040.0	152905.0	228208.0		164141.0	196338.0		271063.0	106563.0	
Q2KI86	RPA2	2116860.0	1101260.0	1181510.0	1983550.0	1379740.0	1429930.0	2411140.0	1225160.0	1471470.0	2157990.0
E1BFH5	TSC22D4									205875.0	
A0A3Q1MRE2	CCDC71L										
Q29RV1	PDIA4	1155860.0	2074220.0	779271.0	642424.0	3554860.0	1717780.0	717577.0	423843.0	2328850.0	112091.0
F6Q8A8;Q0IIH5	NUCB2	403827.0	277596.0	308272.0	398584.0	187830.0	209290.0			856842.0	
E1BDX8	DYNC1H1	584871.0	527698.0	789492.0	695466.0	710174.0	574993.0	621089.0	572523.0	290894.0	637776.0
P81282	VCAN	4887970.0	2604700.0	5988170.0	12016500.0	3447040.0	3384630.0	3098330.0	8557480.0	2560360.0	7461830.0
A2VDL8	SEC23A	1659190.0	787950.0	929514.0	1077000.0	1277290.0	1043650.0	1078840.0	1102500.0	1195080.0	1111150.0
Q32LE5	ASRGL1	14934400.0	4462300.0	3833050.0	7960640.0	6066140.0	8894460.0	14804900.0	2804710.0	7944580.0	11639700.0
P55906	TGFBI	11663900.0	13714700.0	8555580.0	29092600.0	12119500.0	15827400.0	8727810.0	9782070.0	11621100.0	7895880.0
A0A3Q1NK91;Q0IIL6	HSD17B4	253914.0	738092.0	1244210.0	120861.0	707063.0	589151.0		786959.0	419265.0	
Q148C4	PCP4										
Q17QI3;Q1JPB6	ACAT2	528517.0		385815.0	344829.0	399985.0				409227.0	
Q863B3	SND1	3983930.0	5772740.0	3598100.0	2671580.0	6052700.0	6124050.0	3415000.0	2977370.0	4127790.0	5230910.0
A3KMV5	UBA1	1098010.0	557449.0	1196210.0	713145.0	1193920.0	1063060.0	774301.0	552692.0	1069210.0	697643.0
E1BEA2	EDC3	128275.0	141092.0		170218.0	147864.0	238277.0			163862.0	
F1MWR3	ETFA	449032.0	1044150.0		470591.0	606436.0	707511.0			1236880.0	
P11179	DLST	645091.0	3005780.0	3262840.0	879112.0	1580000.0	2265710.0	1551430.0	1269950.0	1389230.0	
F1MUZ9	HSPD1	1500450.0	3578780.0	1938050.0	792750.0	1444280.0	2115720.0	2121410.0	989426.0	2021030.0	802013.0
Q2KJJ0	PRPF6		284893.0			752850.0	530982.0			334327.0	
E1BFV0	KPNB1	1719570.0	1852240.0	1720640.0	941128.0	4192390.0	2484560.0	1421890.0	519268.0	1366850.0	340161.0
A7MBA2	PSMD1	160275.0	206826.0	410892.0		318305.0	420070.0			290626.0	
A4FV23;F6QHI8	DDX21	87416.1	83727.7			151039.0				167483.0	
A4FV01;F1MC31	SF3B2	296967.0	502930.0	436665.0	473930.0	654110.0	539431.0	290194.0	604856.0	399991.0	
Q148G5	PRODH					202479.0					
Q0VCX4	CTNNB1	875494.0	325846.0	1274090.0	495576.0	1065000.0	568396.0	597903.0	930063.0	588539.0	338126.0
A0A3Q1LY87;F1N214	ENAH	151168.0	95024.7		603320.0	176067.0	166236.0	228373.0		260875.0	145746.0
Q3T0P6	PGK1	1387930.0	5436420.0	1399850.0	1520260.0	3451420.0	3549720.0	1241100.0	906317.0	3059210.0	
F1MQI1	TLN2	1473700.0	1032810.0	1669090.0	1832300.0	1836860.0	1687520.0	2242870.0	1863570.0	1244460.0	1769980.0
P21793	DCN	8037460.0	34772300.0	7324500.0	7105450.0	31667100.0	34551100.0	10774900.0	2894980.0	4947190.0	5043050.0
Q3SZD7	CBR1	156385.0	294036.0	261296.0	198747.0	196644.0	302463.0			406972.0	115718.0
P02070	HBB	67384600.0	84774900.0	67404800.0	49927300.0	134010000.0	223275000.0	64424000.0	35859100.0	150298000.0	45956700.0
D4QBB3	HBB	2418580.0		10004900.0	4593390.0	380561.0	11571900.0		2637910.0	15809900.0	
Q2UVX4	C3	34975200.0	21924000.0	21029500.0	37911800.0	40828400.0	28748000.0	29207200.0	22561100.0	39622000.0	19431100.0
Q3SZB4	ACADM	424195.0	633321.0	691939.0	381163.0	1004990.0	677885.0	184677.0		748896.0	
F1MYG5	LMNA	125357000.0	166723000.0	106068000.0	213863000.0	97400800.0	123254000.0	139076000.0	113329000.0	259989000.0	127432000.0
E1BDP3	ALDH5A1	299413.0	275337.0	333966.0	309385.0	770853.0	291100.0			423673.0	
F1MME1	PTPRK										
P02722	SLC25A4				110226.0	141138.0	40854.9			64217.5	
P25708	NDUFV1	94940.9	327500.0			236840.0	112709.0			169558.0	
F1MCZ7	UBTF	144341.0	658765.0	552653.0	217872.0	768840.0	866511.0			349747.0	
F1N3F6	CHD4	453019.0	673318.0	853295.0	396622.0	968071.0	1064660.0	673289.0	539285.0	458496.0	547900.0
E1B9H3	CCAR2	1445110.0	1216710.0	1950790.0	1255590.0	2212760.0	1814220.0	1566030.0	1604300.0	1096680.0	1640020.0
Q2TBV6	CCDC124		560852.0	256365.0		214239.0	704906.0			264727.0	
P62871	GNB1	4249270.0	5275530.0	5781140.0	2905050.0	4698090.0	3880110.0	4882690.0	3334660.0	4533740.0	2574810.0
Q3MHK9	FSCN1	1181150.0	697861.0	1756330.0	1034670.0	1809250.0	1292630.0	857238.0	829881.0	2110540.0	398453.0
A6QPW6	SERPINI2			430735.0	1696920.0				787450.0	358898.0	
Q59A28	CRYZL1	130068.0	142667.0	162797.0	115123.0	189665.0	170988.0		205933.0	524806.0	
P16116	AKR1B1		331246.0	441996.0	147498.0	234900.0	108614.0			175883.0	
F1MD77	LAMC1	8603370.0	2577800.0	7846250.0	13045500.0	6894780.0	3424210.0	5116170.0	6749590.0	3805880.0	3385040.0
P84466	LSS					34562.6					
Q3ZC85	PLVAP		171996.0		209794.0	301055.0	69103.3			166937.0	
Q6XBT4	USF1		323969.0	277100.0	416241.0	376575.0	526981.0		186483.0	253330.0	
F1MF78	SYNE2	315606.0	253457.0	465529.0	436467.0	675627.0	281575.0	615619.0		257969.0	516513.0
P11017	GNB2	8930290.0	9159500.0	8678950.0	8268590.0	9208370.0	6454000.0	7594280.0	7086480.0	11127500.0	4507220.0
Q29RJ1	NUDT2				41114.4					72712.1	
F1MUP9	VAT1	1724180.0	1027590.0	3020470.0	1920640.0	2218910.0	1309090.0	1200290.0	2268020.0	1620510.0	984091.0
Q29RL6	VAT1L	49680.6		51797.7						73751.3	
A0A3Q1N329	MSRB3	109469.0	115915.0		201832.0		39077.8			182511.0	
F1MN04;Q2HJ26	PAICS	606414.0	456074.0	480954.0	333923.0	928696.0	600080.0			557334.0	
Q0V8S0	HGS	610960.0	413270.0	780399.0	545911.0	404016.0	563276.0	787157.0	1001690.0	423452.0	933818.0
Q29RQ1	C7	985274.0	701699.0	725065.0	890225.0	747802.0	593085.0	1002770.0	1029940.0	1292040.0	717945.0
Q3B8S0	SNU13	787289.0	2925530.0	761285.0	419101.0	1440620.0	1646880.0	507276.0	509728.0	2117880.0	439987.0
Q0VCU3	CTSF			480287.0	671793.0					376895.0	
Q5E9F9	PSMC2	570180.0	279731.0	453299.0	297964.0	350607.0	157996.0	168468.0	746145.0	886812.0	157784.0
A5D7D1	ACTN4	1678810.0	1530210.0	2361000.0	1809750.0	4001890.0	2322180.0	2174530.0	1580250.0	3060330.0	1566510.0
A0A3Q1MBS5;A0A3Q1MPS4	ACTN1				245302.0	188758.0				167604.0	
Q3SYX6	SUPT4H1	269030.0	1784560.0	539620.0		303372.0	724938.0	121128.0	299081.0	438967.0	
F1N6W2	PPIL4	183839.0	116490.0		170897.0	332105.0	185779.0			282157.0	
F1MJI7	LMNB2	22200900.0	24545400.0	15887100.0	20321500.0	21524100.0	18392700.0	17588900.0	14635500.0	35826800.0	18504800.0
P15103	GLUL	165735.0			246107.0					221788.0	
A5PKD6	GNB4	847191.0	860844.0	856467.0	686212.0	895546.0	671856.0	615764.0	971776.0	981217.0	505331.0
G3MZT8	LTBP4	1692310.0	619441.0	1176770.0	2340170.0	770922.0	783841.0	1618630.0	2127070.0	1598760.0	1069640.0
A0A3Q1M193;F1N726;Q0IIA4	GP2	2280370.0	205290.0	961967.0	4816140.0	791436.0	515424.0	1821070.0	1509090.0	783846.0	2708140.0
A0A3Q1M5Q6;A0A3Q1MCW2;A5PJT7	ECM1	4665930.0	1651830.0	8068700.0	10685100.0	2183090.0	2936490.0	8001610.0	7170990.0	3240440.0	8751340.0
A6QNS6	NID1	42516500.0	14498600.0	23157800.0	66340400.0	24483700.0	17846100.0	39646400.0	29725300.0	22990800.0	24473200.0
Q56JV9	RPS3A	341780.0	1772720.0	691987.0	477330.0	1196830.0	969839.0	306598.0	942598.0	924995.0	72090.5
A0A3Q1LY89	MYEF2	830159.0	1692660.0	1790800.0	687240.0	1713370.0	1626020.0	1141220.0	1111820.0	1291440.0	986019.0
A0A3Q1MG73;A0A3Q1MJB2;A5D7S8;F1MYN5	FBLN1	11673300.0	3001550.0	5925650.0	8653510.0	3808780.0	3096990.0	4157480.0	6034610.0	2724630.0	4368970.0
F1MXR3	ADAMTSL4	93685.5		128375.0						76170.1	
Q3T0K2	CCT3	1321690.0	1691040.0	1047970.0	846780.0	2648480.0	2451200.0	839861.0	850641.0	2041100.0	457870.0
Q148E9	NME9	230810.0		440194.0		138296.0					
Q2KIY5	PLBD2	933800.0	2182450.0	1143980.0	1298170.0	733702.0	1240360.0	601146.0	1018600.0	1708440.0	503690.0
A0A3Q1LVA9;A0A3Q1MPB3;F1N647	FASN	390080.0			254915.0	160041.0		299377.0		224491.0	505838.0
Q2NL29	ISYNA1	13560100.0	3907050.0	10732200.0	7636830.0	9805040.0	4774970.0	4753480.0	12852600.0	8787850.0	6603190.0
F6R695;G3MX65;Q3T0Z0	WFDC2										
Q5EAB4	CHID1		732453.0		367331.0	853865.0	658901.0			253878.0	
Q3T169	RPS3	945206.0	865672.0	1171820.0	1431860.0	1104190.0	789641.0	613438.0	751416.0	1062400.0	
A4FV81	ARMC7										
P08169	IGF2R	223011.0	140277.0	250986.0	191982.0	197401.0	83886.1		207221.0	191741.0	
E1BKL4	CILP2	42343900.0	9280400.0	12918200.0	47357700.0	23628600.0	21056200.0	32490600.0	22178100.0	12408400.0	41460800.0
Q2KJB1	SEPTIN10	1802030.0	480220.0	1224430.0	1565070.0	1009680.0	853175.0	1235450.0	1612260.0	1201230.0	1270960.0
A0A3Q1LH60;A0A3Q1M0C9;F1N6K7	SEC16A	245016.0		369551.0	204565.0	217614.0	100736.0		480444.0	193390.0	
Q3T0G3	AHSA1	561590.0	136757.0		328705.0	221729.0	232934.0	333735.0	239950.0	310416.0	355090.0
P49410	TUFM	16137900.0	5542080.0	10993800.0	12369800.0	6345360.0	3326750.0	8124860.0	13058100.0	12011500.0	7642160.0
Q0VC68	SEPTIN5	7705150.0	2351510.0	2782340.0	3814720.0	2810320.0	2544180.0	3903880.0	4217730.0	4855050.0	4524470.0
A4FUE6	MOBKL3	5236460.0	1495020.0	1174460.0	2552040.0	1509790.0	912028.0	2007140.0	2524480.0	3687380.0	3402590.0
F1MQ21	NES	4787630.0	2942060.0	3341590.0	3860440.0	2109000.0	2778400.0	3673000.0	6044000.0	3731960.0	4826930.0
Q8MJJ7	DCPS				65757.1	80795.0	87176.7			78873.5	
P61420	ATP6V0D1	1258220.0	536402.0	1274120.0	763951.0	976766.0	440905.0	298628.0	1165980.0	1180650.0	
Q3SZ32	TCEB2	262443.0	177912.0	154274.0	199418.0	86234.2	89960.4			593083.0	
Q5E947	PRDX1	16042200.0	6526210.0	5719810.0	16097000.0	9329460.0	5734860.0	9264560.0	8487380.0	11297500.0	7038000.0
F1N693	CUX1				141438.0			74927.2		236123.0	
Q29RK2	PC	264108.0	379699.0	288350.0		613985.0				330026.0	
A0A3Q1NE82	AHNAK	8460750.0	7893150.0	11861400.0	17702700.0	7072500.0	5416670.0	13136600.0	7892050.0	7206740.0	10490000.0
Q5E9C2	DAD1	58343.0			89730.2						
O02739	SERPINB6	116436.0		82869.0	205525.0					277432.0	
Q3ZBF6	ACADS	988778.0	1302490.0	1434360.0	667544.0	2020170.0	1356800.0	747402.0	1114860.0	1448980.0	360252.0
P41361	SERPINC1	2771610.0	1096570.0	2042500.0	3468190.0	1561090.0	949845.0	1857870.0	2172550.0	1713900.0	1920550.0
P55918	MFAP4	2553300.0	1419430.0	4515330.0	11899100.0	4305110.0	2486880.0	3590800.0	2820440.0	1839590.0	2619180.0
Q32PB8	RPS21	9558880.0	8869970.0	8189060.0	3202260.0	3110410.0	5315280.0	8192480.0	13376900.0	11850300.0	9655170.0
A0A4D6BI68	SELENOH		667643.0	291464.0	211821.0	597805.0	829727.0			192277.0	
A0A3Q1MGE8;E1BNB3	SNIP1	185956.0	116931.0	115840.0	214217.0	103292.0		84435.7		291864.0	
Q5E958	RPS8	926007.0	4160370.0	2180370.0	1841900.0	1772060.0	2598250.0	1124220.0	2590690.0	1915800.0	1373690.0
Q2KIW6	PSMC6	1296830.0	956174.0	1231850.0	876075.0	1053920.0	786073.0	675411.0	1533780.0	2016590.0	593967.0
P26452	RPSA	5255170.0	7575480.0	5240140.0	3731230.0	8353400.0	7650200.0	3134820.0	3660650.0	9840230.0	1539890.0
A0A3Q1M0Y7;A0A3Q1MQ34;E1BKX7	FLNB	886641.0	616344.0	1289940.0	1965870.0	958049.0	860153.0	1364530.0	1248390.0	997490.0	1075670.0
P68102	EIF2S1	2166650.0	1108150.0	1239460.0	923877.0	2230250.0	1343960.0	866698.0	811629.0	2136450.0	681455.0
A4IFE6	ABCE1	89148.5			57590.3	225252.0				146295.0	
G3MYZ3	AFM										
F1N401	COL12A1	5814670.0	6604630.0	3129010.0	13871200.0	4165690.0	6897450.0	9731610.0	4070150.0	4409530.0	5901500.0
P26779	PSAP	233255.0	626209.0	468759.0	295078.0	147808.0	303050.0	472579.0		220615.0	398813.0
E1BFX4	SGSH	68295.8	141682.0	334037.0	513943.0	292399.0	162604.0			338326.0	
A0A3Q1M4L1;E1BP64	CEP128					21015.4					
F1MC13	LAMA5	3279390.0	1016460.0	3242560.0	5600540.0	2462360.0	2034780.0	2519820.0	2610010.0	1528600.0	2019560.0
Q1JPB0	SERPINB1					14432.7					
P31800	UQCRC1	3714040.0	7512120.0	7358540.0	3505280.0	3655780.0	3706430.0	5792790.0	4715320.0	7326350.0	1696740.0
Q76LV1	HSP90AB1	2271090.0	1442340.0	1895890.0	1663780.0	3858760.0	1714480.0	984982.0	1417110.0	3393520.0	774085.0
E1BP41;E1BP42	CSAD					69579.5					
Q27991	MYH10	6291010.0	2957720.0	8477440.0	12236700.0	5433630.0	3910790.0	9028580.0	7362240.0	4496480.0	6764240.0
A0A3Q1LLF1	TNC	3356380.0	1444060.0	486124.0	6276810.0	312542.0	854905.0	631079.0	2353130.0	3229460.0	2366280.0
Q2KJ47	EHD2	1019850.0	1283710.0	1640850.0	901992.0	2742040.0	2113300.0	811945.0	633047.0	916536.0	656105.0
A0A3Q1NDR1;Q3SZ00	HADHA	640477.0	2497060.0	982079.0	425753.0	2030150.0	2127450.0	836561.0	176585.0	1027020.0	247117.0
A0A3Q1LQU7;A4IFE0	CCDC93					246657.0	172895.0			88134.5	
O97593	SMC1A	580407.0	1247220.0	825598.0	279336.0	1858930.0	1251190.0	473021.0	760649.0	995050.0	
F2Z4H3	POLR2H	939791.0	753483.0	874407.0	1428240.0	446296.0	725382.0	1004650.0	1695120.0	1821440.0	1006380.0
A0A3Q1LIS3;Q3SYW7	SPARCL1	113434.0	245696.0	266167.0	47229.0	418414.0	423505.0	63273.5		216839.0	
A6QQJ3	PRPH	224639.0	555221.0	1098370.0	321959.0	750537.0	984547.0	836360.0	593761.0	466138.0	
A2VE41	EFEMP1	554952.0	313471.0	720727.0	1869620.0	465929.0	300724.0	656504.0		408284.0	608611.0
A0A3Q1MCJ7	RPS14	310846.0	3832080.0	946984.0	282727.0	1437290.0	3292020.0	114005.0	521264.0	741107.0	
P00514	PRKAR1A	180972.0	261674.0	467987.0	133262.0	254191.0	360104.0		317105.0	450622.0	
A3KN33	EGFLAM		296772.0			160965.0					
Q0VCP4	SEPTIN8	6806150.0	1504330.0	3770740.0	3919650.0	3329520.0	2425350.0	4726570.0	4397680.0	2942950.0	4974410.0
Q3T030	PSMC4	1174760.0	1022880.0	1650380.0	1012870.0	994028.0	861093.0	867990.0	1634700.0	1729180.0	995247.0
Q5E9Z8	LSM1	1174280.0	893314.0	862807.0	923356.0	391992.0	714385.0	1589120.0	1833570.0	894711.0	1844550.0
A0A3Q1LHE1;A0A3Q1MH57;F1N6U4	SEPTIN9	2205540.0	2721420.0	2182630.0	1731880.0	2990430.0	2803420.0	1577000.0	2020990.0	2581580.0	1182730.0
Q2NKY7	SEPTIN2	24489900.0	7341840.0	12191600.0	19415800.0	11479600.0	10894100.0	16340900.0	15048900.0	13507300.0	18458300.0
Q3SZC0	ERH	170817.0	553958.0		631593.0		146483.0			1184160.0	
O62654	DES	57129800.0	36404900.0	48940800.0	86164200.0	46371500.0	43128600.0	55451700.0	47093800.0	54389000.0	57794200.0
Q3SZ19	PSMD9		455895.0	590983.0	310072.0		313597.0	573987.0		410230.0	
A6QQT5	SSRP1	616428.0	397737.0	465684.0	675361.0	854271.0	298069.0			533887.0	
Q07130	UGP2	787851.0	1347370.0	817868.0	426352.0	2158460.0	1562310.0	418890.0		1948750.0	
A5D7D5	MATN2	2085800.0	776839.0	2164360.0	3588990.0	2072150.0	1777830.0	1805580.0	2151550.0	1348900.0	1037730.0
Q0II87	TFAM		687265.0			456396.0	812655.0			104478.0	
F1N5C8	ENPP6	222706.0	458535.0	266535.0	389337.0	500669.0	463110.0	741251.0		264843.0	26294.3
Q3ZBS8	TIMM8A	364849.0	319597.0	471630.0	357461.0	322632.0	638675.0	485618.0	157577.0	515012.0	472268.0
P05786	KRT8	24504900.0	15263100.0	18678200.0	24726000.0	31049000.0	38443900.0	55167200.0	10087600.0	30080600.0	24401400.0
Q3T0F4	RPS10	213688.0	597301.0	110511.0	224362.0	313123.0	433042.0			264776.0	68211.7
F1N169	FLNA	13307800.0	9071000.0	11039700.0	28611700.0	13786700.0	11082400.0	13337600.0	13034100.0	9322310.0	14332100.0
F1N768	PPP1R12C	335058.0	157798.0	189550.0	789223.0	402400.0				403118.0	
A6QPV5	POC5					195109.0	402686.0			172299.0	304553.0
P12624	MARCKS									87162.9	
E1B949	FAT4					148223.0					
P04272	ANXA2	12556900.0	39785600.0	12232100.0	12756400.0	28099300.0	24422300.0	6680250.0	5421600.0	30307100.0	3802370.0
O18789	RPS2	705494.0	1521230.0	918387.0	731218.0	1157870.0	823119.0	417588.0	555543.0	997439.0	485309.0
A0A3Q1LPQ6	TPM1	1122320.0	2350530.0	677845.0	1283280.0	4678030.0	2957050.0	779986.0	478082.0	2247370.0	144583.0
Q2HJG7	CHURC1	89677.2		134273.0		80357.0				117680.0	
O46385	SVIL	101675.0			97075.8		73950.7			65791.4	131002.0
A6H7G2	DBNL	711048.0	411557.0	650616.0	942688.0	733310.0	663140.0	668668.0	735703.0	389048.0	543486.0
A4FUG8	RABEP2	1050500.0	499823.0	1160040.0	720182.0	986727.0	899558.0	1468040.0	1062150.0	703421.0	988800.0
Q32PJ2	APOA4	4331280.0	3050550.0	1671540.0	5307460.0	3665700.0	2906800.0	7187950.0	1953770.0	3182030.0	6347740.0
E1BGA0	ITGA7	1282370.0	1375360.0	1238030.0	1986870.0	1878490.0	2207410.0	1516230.0	410614.0	1814160.0	215836.0
P51176	TGM2	244033000.0	30180000.0	133620000.0	200547000.0	111405000.0	78327200.0	209854000.0	120250000.0	103802000.0	85342700.0
Q3T0B6	C1QBP	330741.0	77425.3			676642.0	125700.0			144124.0	
A0A3Q1N0N4	TPM1	154794.0	1949040.0	3947890.0		95823.5	4666020.0	4372950.0	2313090.0	936255.0	1546860.0
F1ME65	CKAP4	2244550.0	3619710.0	2128800.0	2341820.0	2432020.0	2470690.0	2701470.0	1682200.0	3339810.0	1565980.0
F1MN93	TOP1	188141.0	601751.0	582283.0	266740.0	941262.0	879770.0	648217.0		304055.0	
P19803	ARHGDIA	1548900.0		875369.0	1469050.0	1154650.0	764807.0			1176090.0	
A0A3Q1MFC3;F1MX83;Q862H7	S100A11	12758800.0	7477710.0	7677580.0	3856220.0	3585940.0	3976430.0	7176500.0	13610800.0	7323820.0	8257520.0
A0A3Q1LXT4;E1BKM0	FIP1L1	343567.0	178475.0	214311.0	378616.0	272833.0	212744.0			356023.0	280497.0
P02769	ALB	48067100.0	23939200.0	54038500.0	85933600.0	17765200.0	28519600.0	55725200.0	38513000.0	44762900.0	44134900.0
A0A3Q1M942;E1BGZ1	DUS3L								692450.0		
F6QQ60	TPM4	13729000.0	24449100.0	10140400.0	9511350.0	28680000.0	33594900.0	14231800.0	5632150.0	22242500.0	7658360.0
E1BNP5	ELP6	568707.0		504168.0	493091.0	162710.0		473549.0	333244.0	476086.0	296564.0
Q17QW1	CDC42EP1	85428.6	272158.0	485790.0		80570.3	83922.0		413693.0	163016.0	
Q8SQ21	HINT2	393229.0	64887.8		470569.0	290804.0		2034660.0		135022.0	
A0A3Q1LMN6;A0A3Q1MSA0	PXDN	1017580.0	509679.0	258118.0	194695.0	441273.0	287953.0		344417.0	468289.0	
A6H7D3;F6S1Q0	KRT18	14518400.0	5987090.0	12439200.0	6978840.0	16019700.0	21813300.0	21817800.0	4963720.0	11410200.0	9169420.0
P00429	COX6B1	414056.0	3221590.0	837264.0	530788.0	612917.0	1032150.0	536403.0		1314500.0	
A7YY47	LMNB1	19182900.0	22627400.0	13767200.0	19248800.0	22213400.0	19288700.0	16153000.0	12943700.0	32832800.0	12164600.0
A6H768	GALK1	353806.0		374073.0	538715.0	375111.0				643260.0	411590.0
A0A3Q1M475;A0A3Q1MUN8;G3X6B2;G3X6B3	PRRC2C										
G3MX98	KRT9	1613770.0	899673.0	745939.0	359976.0	1728350.0	793350.0	2329030.0	965602.0	412962.0	
A0A3Q1M750;F1MZP2;Q58DC1	LPXN	109334.0				77700.4				110888.0	
A4IFB1	SRRT	551861.0	470042.0	693870.0	416720.0	996160.0	801002.0	626907.0	425640.0	605678.0	311322.0
Q2KJ39	RCN3	1958910.0	2294170.0	1000230.0	1392790.0	1296720.0	1343650.0	1019580.0	2063970.0	3563030.0	948864.0
Q0VCK0	ATIC	318984.0	390983.0	726739.0	238416.0	736566.0	468252.0		296254.0	581844.0	
A0A3Q1LJA4;A0A3Q1LQT4;A0A3Q1M3Y3;F1MIC9	DCTN1	640061.0	447142.0	981682.0	668123.0	1439720.0	928062.0	748264.0		692629.0	334581.0
F1MY84	CSPG4	771371.0	1350920.0	667494.0	894700.0	1496390.0	1790030.0	1004910.0	564513.0	845680.0	952859.0
Q2HJG5	VPS35	2307830.0	84437.7	1118850.0	1528790.0	1080550.0	373519.0	632963.0	1364940.0	604396.0	749903.0
A0A3Q1MD73;E1BMK3	RNF31	523048.0	176717.0	492765.0	252089.0	289434.0		119719.0	837333.0	431295.0	
P56701	PSMD2	295772.0	259912.0	407872.0	162219.0	466483.0	374699.0	46933.0	390779.0	566911.0	
Q28056	ASPH	136296.0	449967.0		205711.0	447398.0	446881.0			190150.0	
E1BQ37	SFPQ	26676600.0	59369500.0	31951500.0	32745700.0	53722700.0	60809200.0	43987900.0	20495800.0	27839600.0	33769700.0
Q1LZD9	PSPC1	600415.0	760446.0	393018.0	624322.0	963297.0	883755.0	915065.0	392538.0	569851.0	437730.0
Q08DZ2	PRPF4B					16647.9				104349.0	
Q3ZBV8	TARS1	218468.0	91530.8		199205.0	665535.0				241014.0	
Q5KR49	TPM1	132114000.0	303412000.0	116493000.0	186358000.0	452050000.0	356673000.0	142970000.0	63963600.0	224156000.0	
A0A3Q1M0F0;A0A3S5ZPF0;F1MZV1;Q5W5U3	HK1	196525.0	94959.5	334136.0	187938.0	386373.0	149010.0		46116.6	147871.0	
Q5E9F1	BCAP31	71098.2		158939.0	136162.0	261922.0				137954.0	
Q148J6	ARPC4	1061190.0	402168.0	448959.0	714015.0	1094230.0	264966.0		220898.0	702804.0	
A0A3Q1LSE5;A0A3Q1MR04;F1MZU2	NSF	438612.0	188893.0	438621.0	310029.0	373570.0	359932.0	96659.0	275493.0	422014.0	
P61157	ACTR3	978174.0	1096270.0	537091.0	715646.0	1617470.0	1018070.0	564347.0		889967.0	148739.0
Q3ZCE0	LSM8	30195000.0	10396400.0	7720280.0	29031400.0	10224500.0	12244400.0	31491900.0	11607800.0	29439000.0	31110900.0
A0A3Q1LQQ5;F1MMA0	ILF3	342435.0	699986.0	344491.0	303479.0	1307730.0	587155.0	131421.0		461929.0	100598.0
A0A3Q1LKU3;A4FUC2	HNRNPUL1	575242.0	818908.0	685632.0	572148.0	1582410.0	993572.0	1072210.0	685568.0	566037.0	1062370.0
F1N091	CCDC6	984418.0	441930.0	849029.0	1010580.0	713036.0	743356.0	629417.0	959094.0	843511.0	529389.0
A0A3Q1LY05;A0A3Q1MEH9;A0A3Q1MJ12;A0A3Q1NJS7;F1MBN2	TJP2	109956.0	218327.0	119882.0	132729.0	263192.0	283627.0	288642.0		187429.0	
P80227	APEH	529817.0	177044.0	948232.0	331107.0	1268920.0	549991.0	293869.0	267662.0	515370.0	
Q3MHF7	MTAP	153406.0	322351.0	459679.0	179372.0	222579.0	340964.0			602625.0	
Q762I5	RETN	86436.8	261864.0		596667.0	121939.0		172496.0		369375.0	373570.0
A0A3Q1LV73	AHNAK2	164792.0	271253.0	174418.0	410628.0	151223.0	107641.0	356580.0	508709.0	133097.0	
Q3SZ54	EIF4A1	12121100.0	4785300.0	4766130.0	9566240.0	4208140.0	4191940.0	2655060.0	7212400.0	17041900.0	4781640.0
Q3T090	TSR2		62105.7		43116.0	183036.0	175744.0			75657.9	
A0A3Q1M2P8;E1BCX9;F1N6C4	EPS8					193594.0					
Q32KZ9	TEKT1		133924.0	340355.0	41146.2					224374.0	
F1MNS5	ENPP1	344080.0	258871.0	228616.0	221930.0	426557.0	169545.0			376904.0	
A0A3Q1MHQ3;A0A3Q1N4F6;E1BIY5	SULF2	36626.3									
Q32LP2	RDX	101778.0	379015.0	285495.0	275988.0	467379.0	157649.0			347152.0	
F1MWD3	CCT5	1393920.0	1613080.0	1384580.0	1285850.0	2278890.0	1733830.0	1442340.0	1803110.0	2238780.0	1539410.0
G3MX91	TARDBP	2828920.0	2199470.0	1989320.0	3119580.0	1409060.0	1292810.0	2178740.0	2684210.0	3379110.0	2013890.0
A0A3Q1LXA8;Q2KIV7	PPA2				209492.0					210885.0	
M5FKF4;Q09TE3	IGFALS	70367.1		199681.0		201598.0		59487.2		236726.0	
F1ML89	CPS1										
Q1RMJ7	TRNAU1AP		35759.6							93869.8	
P17870	ARRB1	582392.0	2208280.0		197718.0	421312.0	2353530.0	1663980.0		641326.0	1662900.0
A0A3Q1MBQ2	CRADD									85880.0	
A6QLU6	ADGRD1	129768.0	78825.7		119222.0	110956.0	108579.0			116455.0	
Q02373	NDUFB10	152461.0	2165100.0	923872.0	184940.0	718106.0	940880.0	495761.0		902553.0	
H7BWV5	CUTC	788919.0	701932.0	1078970.0	298271.0	710109.0	1165910.0	584210.0	632450.0	497644.0	351710.0
Q32PF2	ACLY	1594090.0	706516.0	946091.0	705717.0	1539800.0	874369.0	548368.0	1773010.0	1015810.0	2135000.0
A0A3Q1MXU7;F1MYC9	SPTBN1	2136590.0	1412970.0	2468940.0	2598720.0	2610010.0	2483890.0	4914580.0	1538070.0	1530200.0	3416830.0
A0A3Q1MY98;E1BBQ3	ELP1	290216.0				305085.0		96907.9	243256.0	137178.0	
Q3ZBT1	VCP	2182470.0	2121870.0	2505090.0	1113990.0	4659520.0	2101160.0	1843270.0	1392050.0	4756910.0	743515.0
A0A3Q1MQ74;A0A3Q1MUJ8;G3X755	PLXNB2	1938060.0	962023.0	1583330.0	1247780.0	589757.0	542193.0	1041760.0	1865480.0	1335050.0	1183950.0
Q58D05	TRAFD1				134099.0	31525.2			67786.3	200736.0	
A0A3Q1LZU8;A6QNJ8;F1N6Y1	GANAB	1433470.0	1199230.0	2033220.0	705418.0	2482870.0	1267890.0	941469.0	644874.0	1608610.0	602829.0
Q3ZBH5	PA2G4	1027860.0	4671780.0	1671880.0	804087.0	3021580.0	2999300.0	1153290.0	818349.0	2199930.0	366551.0
Q3ZBD3	PCBD1	283723.0	1718750.0	688983.0	336825.0	295527.0	2071570.0	286695.0		300897.0	97205.2
A0A3Q1M504;A5D9F1;F1MYP4	CTBP1	521841.0	460687.0	744397.0	324601.0	498262.0	466470.0	227461.0	482750.0	790638.0	369796.0
A0A3Q1LV98	FLNC	1566460.0	1676240.0	1655050.0	2929390.0	1282130.0	1796870.0	1653910.0	2225140.0	1644730.0	1785880.0
Q3SZR8	SRSF3	9613580.0	28392600.0	12969800.0	8177240.0	16099400.0	29759300.0	7548500.0	5289660.0	12463800.0	3983450.0
Q32L40	TCP1	1164330.0	873709.0	716011.0	999363.0	1534360.0	1084360.0	470602.0	853654.0	1628180.0	788089.0
Q3MHH4	QARS1	248121.0		385765.0		452816.0	251714.0		169476.0	272551.0	
A4FUD3	EFTUD2	688027.0	815766.0	1035120.0	609133.0	1690810.0	978100.0	337110.0	501451.0	1389980.0	
A0A3Q1LRP7;A0A3Q1LU49;A0A3Q1MJA4;A5D7S2	NRF1	370044.0	344774.0	584758.0	366232.0	417884.0	388637.0		474148.0	444090.0	
A0A3Q1MJD5	HNRNPM	18399300.0	24193600.0	26817200.0	15819000.0	17209100.0	19636400.0	20663000.0	27183000.0	24899400.0	18125700.0
G5E683	MBD2		160267.0							94182.8	
Q2TBI4	TRAP1	2341600.0	2195940.0	1948440.0	1734730.0	1557730.0	632486.0	292462.0	330908.0	3181160.0	126042.0
A0A3Q1LZC7;A0A3S5ZPK0;A5D7G1;A6QQD9	OGT	117266.0	49457.1	120708.0	97920.5	135514.0	20790.5			184135.0	
F1N5Q5;Q24K07	VPS11	107396.0			61121.2	134930.0				60517.4	
F1ML72;Q3SYZ7	RPL34		554517.0	625562.0	333292.0	113228.0	195998.0		295723.0	238180.0	
A0A3Q1LZU4;A0A3Q1M3Y2	CHD3		56941.1			89014.1	68322.3			68574.0	
F1MFI5	SDK1	574845.0	290613.0	428612.0	258205.0	256644.0	209006.0	290471.0	668616.0	552648.0	381543.0
A6QLS9	RAB10	143281.0	108427.0	219112.0	138103.0	216296.0	80222.5	96579.9		126874.0	
F1N583	OLFML1	5689120.0	4200230.0	10473000.0	9933790.0	9153820.0	4946550.0	4246980.0	2610910.0	2603760.0	1396280.0
P49951	CLTC	1015180.0	550613.0	1442360.0	787987.0	1755120.0	700320.0	496571.0	694431.0	805370.0	306316.0
A0A3Q1MJ47;A2VDN2	MBD3		152781.0		86576.0	85743.7	93320.0			100413.0	
A6QP05	DHRS12										
Q3SZI8	IVD	2144230.0	1567280.0	3481140.0	1377610.0	1843050.0	1871330.0	2249780.0	1833220.0	2187040.0	1076440.0
G5E532;Q24JZ8	U2AF2	714252.0	1248820.0	1126170.0	955319.0	1625690.0	1925050.0	1481070.0	548026.0	1039400.0	947167.0
F6RU19;Q0VCN2	WDR83	862828.0	233786.0		461316.0	234413.0	399753.0	342274.0	670940.0	436310.0	756007.0
Q1JQB2	BUB3	20708700.0	12932000.0	14703600.0	20544600.0	10392300.0	11388500.0	14149800.0	23628500.0	24057400.0	11533400.0
A6QPG6	LANCL2	1207310.0			434630.0	1066550.0				531247.0	
F1MVX2	LANCL1	267025.0	682503.0		266758.0	801124.0	410230.0	321200.0		352036.0	
G3MWU2	SUN1	84181.5			148562.0	168436.0	39476.3			119693.0	
Q9GLE5	MMP2	442325.0	457073.0	90697.3	345018.0	450814.0	346265.0	239960.0		500189.0	
E1BBY7	HSPA4	1206100.0	648502.0	615575.0	830176.0	1207370.0	1133440.0	471489.0	505036.0	683735.0	729871.0
A0A3Q1MSL1	DACT3	189792.0				192112.0				551042.0	
F1N6H4	MACF1	408158.0	129329.0	388163.0	519473.0	588847.0	505602.0	1066060.0		165093.0	988297.0
A0A3Q1M913;F1N4K1	PFAS	538992.0	473236.0	562135.0	463909.0	465936.0	456208.0	343296.0		550230.0	286266.0
Q3SZ71	PMPCB	279212.0	174669.0	296896.0	221205.0	99906.4		305681.0		277440.0	
Q2LGB5	TOLLIP	1039950.0	591728.0	778870.0	836652.0	738632.0	669322.0	991481.0	777000.0	847803.0	788225.0
A0A3Q1M326;A7E355;F1MCT8	SYNCRIP	951837.0	1578970.0	551079.0	754819.0	1746280.0	1697260.0	1571910.0	561619.0	1485570.0	1430640.0
A0A3Q1MS19;F1MMK1	LAMB3	493954.0	232135.0	189764.0	226881.0	161928.0	200151.0	459888.0		294120.0	789722.0
F1MVT7	EPM2AIP1	251966.0	111793.0	329476.0	248611.0	196532.0	261694.0		563914.0	202552.0	173976.0
Q3T106	SRSF7	2128990.0	10843400.0	3199540.0	2646460.0	5948620.0	12975000.0	2702350.0	788961.0	5598940.0	618115.0
Q3SZE2	PFDN1	19661300.0	5673620.0	5153670.0	10682600.0	4685000.0	6228050.0	12506200.0	8147450.0	10426600.0	20335500.0
A0A3Q1LWF3;A0A3Q1M9U0;A0A3Q1N8S4	ATP2A2	296024.0	137416.0	414529.0	376046.0	438362.0				371749.0	
A0A3Q1M3D3;A0A3Q1M407;A0A3Q1MHK6;E1BH47	CEP131			552919.0						14817.7	
C4T8B4	CRP	1878600.0	454141.0	1649740.0	8742010.0	1316710.0		537954.0	1141820.0	513260.0	804413.0
A0JNJ3	SPART				75029.3					111948.0	
Q56JY9	B9D2										
A0A3Q1LLU1;F1N0R5;F5XVA9	VWF	480005.0		697944.0	1023040.0	270021.0		192846.0	408543.0	125680.0	295842.0
A0A3Q1LWB8;A0A3Q1M4A0	ARAP1					45364.4				23463.3	
Q5E9G3	PSME2	198768.0	128174.0		159479.0	217827.0	211944.0			259121.0	
A6QLR7;F1N665	ARSG										
P15101	DBH										
A6QLY8;F1MPP2	IGFBP7	697171.0	2614130.0	1341450.0	954337.0	782415.0	1626270.0			1035040.0	
Q32PF3	PCNP		349589.0								
Q2KI74	TRADD	93623.5	145479.0	147856.0	193514.0	109045.0			300199.0	247388.0	
Q32LG3	MDH2	2994450.0	10020200.0	3588260.0	2369000.0	5352130.0	6532830.0	1551950.0	1306150.0	6168180.0	805976.0
Q95140	RPLP0	1384380.0	4396270.0	484853.0	1013360.0	1887640.0	1366110.0	314530.0		1932880.0	
A6QLB2	DDX23	240933.0	507973.0	148040.0	31681.6	579050.0	519887.0			389028.0	
E1BEK9	UPF1	630543.0	403042.0	752884.0	677280.0	828333.0	571068.0			484723.0	
Q7SIH1	A2M	7645980.0	1123880.0	3047850.0	4074080.0	2797030.0	2034610.0	5758970.0	4730840.0	2204290.0	4456300.0
P0CG10	DERPC										
Q27977	ITGA5	862671.0	485102.0	1153670.0	1375690.0	817158.0	434418.0	815324.0	917077.0	1430190.0	128980.0
F1MFC2	DSG2			532391.0		508104.0					220161.0
Q9XSJ4	ENO1	1395380.0	1667350.0	808386.0	1384020.0	1679700.0	2732470.0	1291490.0	737649.0	2869180.0	523996.0
A0A3Q1M6J4;A0A3Q1MD24;E1BNH9	OBSL1	81595.6			90451.7	87802.7				94219.3	
A0A3Q1ME81;F1MLV3;Q0II43	TXNL1	1113160.0	1107380.0	1571360.0	984911.0	1394430.0	1622380.0	1504170.0	643773.0	1443310.0	912121.0
Q32L50	SBSPON	7074610.0	3298580.0	5456130.0	8561950.0	3482620.0	4059750.0	7554890.0	4837110.0	3771140.0	5158290.0
Q58DK5	ALAD	83811.1				60689.9				85498.8	
Q1RMQ9	CDC42EP4	333774.0	151248.0	319772.0	301987.0	315141.0	250628.0			205335.0	
A4FV61	ZNF512		293843.0		219866.0	148796.0	177998.0		150836.0	111597.0	
F1N0Y1	SCRIB	315680.0	336514.0	287197.0	270604.0	658098.0	490385.0	349668.0	204654.0	380057.0	77994.8
A0A3Q1LL18;E1BIP4	EMILIN2	970332.0	232022.0	769676.0	1705340.0	710932.0	491926.0	691083.0	1377220.0	349135.0	571035.0
F1MZ93	MAMDC2	3303950.0	457733.0	1417770.0	2798900.0	1544940.0	850235.0	3158140.0	357190.0	1164060.0	1090660.0
A0A3Q1LJV3;A0A3Q1LWU4;A0A3Q1LY64;A0A3Q1M305;A0A3Q1MDI4;A0A3Q1MGZ2;A0A3Q1MHF4;A0A3Q1NEL1;E1BFE8	TNS3	563332.0	362193.0	847038.0	578071.0	614260.0	475191.0	237231.0	689869.0	579340.0	183056.0
E1BJT7	IFT172										407757.0
Q9XSK7	HDGF	985470.0	1609520.0	1566260.0	1140570.0	2772240.0	1985690.0	932660.0	710648.0	1236890.0	465986.0
F1MZT6	C3H1orf50	189628.0	53745.9	143148.0	52868.0		55139.7			189425.0	
A0A3Q1MWG1;A0A3Q1N883;A0A3Q1NCQ2;F1MBG0	CARM1	219718.0			106754.0	53395.8			344228.0	70985.2	
Q3ZC42	ADH5					67550.7				110469.0	
A0A3Q1LV21;E1BNG8;F6R9I4;Q2KJ23	BIN1	930512.0	465469.0	740172.0	849082.0	633418.0	1004210.0	680366.0	1040990.0	686957.0	977565.0
A0A3Q1MG84;E1BEL6	NRP2										
Q5E9Y9	NME7	871141.0	412985.0	835431.0	769077.0	302224.0	261883.0	333590.0	880231.0	694594.0	437626.0
P02465	COL1A2	1217100000.0	790859000.0	728788000.0	2268540000.0	481595000.0	672470000.0	1129060000.0	2080000000.0	622387000.0	1647600000.0
Q28084	COL4A3	1949320.0		864979.0	9367450.0	730338.0	224360.0	3220360.0	3098410.0	2800980.0	4178820.0
Q3T0R1	RPS18	295821.0	1036940.0	844031.0	225256.0	755640.0	412135.0			525832.0	
A0A3Q1LRD5;A0A3Q1MMC9	SORBS1	489852.0	434287.0	697099.0	826764.0	700499.0	837293.0		760236.0	512058.0	
B2Z4B0	ANGPTL2	861518.0	419549.0	977285.0	1227050.0	295577.0	349569.0	259634.0	1106270.0	657229.0	
A0A3Q1MGP5;E1BP85	UCKL1	73733.7		116300.0		102325.0				52924.4	
Q3SYZ4	DARS1	539308.0	194930.0	532674.0	331596.0	618923.0	297177.0	235893.0	350446.0	489847.0	
E1BFC8	LOXL3				234355.0					151050.0	
A0A3Q1M0F4;A0A3Q1MBE1	LOC404103		671409.0			80754.2				85133.1	
F1N556;M5FK76	USP7	440311.0	174152.0	275657.0	244747.0	584640.0	300020.0	351101.0		263470.0	291220.0
A6QPR1;F1N2K1	PCYOX1	134051.0	83900.9		153109.0	299746.0	62218.2			202205.0	
P42201	SELP			51901.0	170785.0	181832.0				148674.0	
A5D7R3;F1MPG7	NAT10					66823.8				28810.6	
A6QL85	RCC2	1621590.0	2391460.0	2147830.0	1198300.0	1922330.0	1838620.0	1279460.0	1429790.0	1467740.0	1552540.0
Q24JZ7	OXCT1	1083830.0	2067940.0	1994650.0	1021570.0	1820300.0	1945960.0	1248470.0	1108900.0	1868480.0	570011.0
P02459	COL2A1	550011.0	62164.3		602474.0	581778.0	943270.0	1616340.0	748899.0	507678.0	732837.0
F6QVL1;Q0VD10	POLR1G	266619.0	311044.0	216656.0		330002.0	417707.0			251554.0	
Q08E14	COL3A1	51271400.0	16477200.0	13558300.0	59514900.0	13663300.0	28600200.0	39915100.0	42618000.0	15552800.0	52071000.0
Q0IIM3	HSPH1	304884.0	181736.0		183161.0	209791.0				290278.0	
Q1LZ92	MACROH2A2	303177.0	2308460.0	1468770.0	716863.0	1813810.0	1554230.0	1407890.0	2093780.0	839642.0	
A0A3Q1LWN4;A0A3Q1N7L1;E1BME9	NDUFV3		857164.0	1078440.0	438287.0	276216.0	306304.0	495178.0	488513.0	662931.0	
Q2TBX6	PSMB1	1606420.0	419883.0		500762.0	855742.0	690076.0			1133280.0	
A0A3Q1MFF8;A6H718	ARMC6	922820.0		779369.0	611032.0	419761.0			844832.0	871952.0	
Q3T067	SCCPDH	130600.0	92593.2	147383.0	129460.0	225631.0				160598.0	
Q2KJE5	GAPDHS	762488.0	1479730.0		522907.0	1235390.0	827235.0	2785940.0		746827.0	113313.0
P35526	CLIC5					625195.0	577675.0			211684.0	
A0A3Q1LG16;E1BFZ9;Q148N1	MCM4		194083.0			389192.0	251576.0			215523.0	
Q3ZBH9	MCM7	308899.0		348220.0	111649.0	309707.0			244773.0	264660.0	
Q3MHL4	AHCY	543712.0	245523.0	725196.0	539550.0	207381.0	293364.0	310640.0	321499.0	1046940.0	
A6QP55	SFXN3	336639.0	493167.0	723480.0	337241.0	544609.0	319053.0			356042.0	
A0A3Q1LHC9;A0A3Q1LKN6;F1N506	MCM2					101510.0				98666.7	
Q5E9E6	RPL10A	124728.0	197891.0	351554.0	191724.0	427131.0	165011.0		131613.0	170532.0	
Q08E32	CHMP4B	1209880.0	1665550.0	1768640.0	695193.0	1001080.0	1220410.0	853967.0	481020.0	2549350.0	
Q3MHZ4	TGFB1I1	2113660.0	1470710.0	2688400.0	2010850.0	1028780.0	1077530.0	701922.0	2670510.0	1849320.0	947726.0
A0A3Q1LXV4;A5PKE2;F1N151	DNAJC10				26404.6	50657.6	61808.3			48936.8	
G5E6J5	TUBAL3		110668.0	163663.0	143544.0		328101.0	775303.0	220692.0	63628.6	826032.0
A6QLY7	PBXIP1	475764.0	936304.0	601429.0	275321.0	1234350.0	1142020.0	375049.0	251778.0	664624.0	
A0A3Q1LPM0;A6QPK7	PTI		13194700.0	15014300.0	1693580.0			2958480.0			
E1BC94	IBA57		132029.0	213822.0		143037.0	166096.0			93829.2	
F1N2K8;M5FKH8	PPL	334422.0			271126.0	611856.0	738188.0	418069.0	107951000.0	143791.0	504098.0
E1BJ81;F1MMZ9;Q17R04	CCAR1	1484020.0	322510.0	594651.0	1154430.0	940724.0	410020.0	721137.0	1138610.0	751498.0	971877.0
Q32LE7	PDZD11	1297000.0		134679.0	831532.0	336654.0	198316.0	578056.0		591037.0	579883.0
Q28046	SCIN	448355.0	445766.0	656785.0	573237.0	436053.0	364979.0	390301.0	231317.0	535976.0	216982.0
A0A3Q1LP31	ATL2										
A0A3Q1MRF5;E1B8C7	MDM1										
A7YWQ4;F6QN89	SNTB2	1584800.0	495001.0	1565760.0	1132010.0	1133860.0	767282.0	611752.0	1537510.0	695132.0	1024380.0
Q71SP7	FASN	747518.0	286355.0		431582.0	375959.0	672416.0	449129.0	334446.0	346195.0	998404.0
P19427	DPT	342928000.0	98738800.0	149712000.0	460538000.0	114836000.0	168432000.0	336753000.0	130579000.0	149710000.0	216700000.0
F1MRG0;Q2KIW8	GSTK1					334077.0				369226.0	
Q58DT1	RPL7	949948.0	520645.0	387418.0	1362320.0	523527.0	283622.0	464890.0	980406.0	572417.0	400645.0
A0JN52	SF3B3	1044410.0	823719.0	989178.0	605508.0	2190890.0	915583.0	628413.0	957036.0	1652280.0	537967.0
A0A3Q1LR67;F1N301	RPL22	360745.0	3889790.0	502178.0	388352.0	1572730.0	2420200.0	236226.0	337376.0	1281760.0	111485.0
Q0IIG2	EFEMP2	1121810.0	1991820.0	2386920.0	737892.0	2197340.0	2293610.0	614760.0	539309.0	1072030.0	
A7MB84;F1MZX8	GPC5										
E1BP33	WTIP	456233.0	223579.0	412621.0	313306.0	115752.0	78052.6	212396.0	530111.0	352905.0	
Q148N0	OGDH	1926680.0	1566840.0	2936720.0	996056.0	2725400.0	1949120.0	1494390.0	1580740.0	2046040.0	380941.0
A0A3Q1N363;A0A3Q1NHJ2;F1MSQ7;Q0P5K8	NIPSNAP1	591433.0	1047070.0	1263840.0	319176.0	996561.0	924711.0	267508.0	623391.0	773172.0	
E1BNQ4	NAXD	671776.0	1104800.0	1035610.0	304315.0	1061340.0	1473110.0	397151.0	3185960.0	659983.0	685001.0
F1MMK9	KIF12	875257.0	2299840.0	2878450.0	2167260.0	4216520.0	4649210.0	1564410.0	326690.0	1111160.0	788817.0
Q5I597	BHMT										
A0A3S5ZPM3;Q3ZCI4	PGD	252694.0	217763.0	300244.0	180782.0	567471.0	247649.0			202430.0	
A7E318	TSKU				67555.0	68206.3				74296.0	
Q32L92	CNN3	1302950.0	546166.0	1437440.0	1405930.0	812549.0	490647.0	669287.0	1802990.0	850333.0	574995.0
P81187	CFB	1878330.0	5032640.0	2579000.0	1774370.0	3934010.0	5191360.0	1434890.0	1388320.0	3700980.0	649658.0
Q5EA95	IFT57									69413.7	
F1MPK6	TNXB	1338230.0	1109080.0	1279810.0	4538550.0	1915330.0	2240170.0	3510220.0	1887560.0	1005570.0	4049990.0
A0A3Q1LM14;G3X686	SELENOO	171597.0	83041.4	137321.0	78484.4	73402.3	104187.0		183260.0	111628.0	123871.0
A0A3Q1LFZ6	TPM1	4522620.0	10587400.0	7431730.0	6238220.0	16248300.0	13850700.0	7518150.0	3482430.0	7954050.0	2900420.0
P17289	TH										
P23004	UQCRC2	891273.0	2721060.0	1303710.0	549714.0	1605210.0	1376390.0	854741.0	951677.0	2272530.0	508537.0
A0A3Q1LY29;A0A3Q1MAJ2;G5E5V6	CGNL1	475718.0	198896.0	329718.0	336586.0	468147.0	337914.0	412367.0	484386.0	315573.0	
P81644	APOA2	407708.0	426876.0	195810.0	137036.0	441035.0	918278.0	378515.0	101189.0	641722.0	257969.0
E1B6X6	BAZ1B		133766.0			222286.0	78465.5			210461.0	
A5PK03;F6QQB6	FRMD8	108577.0		101925.0	84321.2	136635.0				117273.0	
Q5EAD2	PHGDH	588082.0	381224.0	951159.0	170001.0	3133650.0	1809740.0	836359.0		1108910.0	96300.5
Q08DI7	MYOZ3										
Q3B7N2	ACTN1	2974600.0	1948070.0	2946640.0	3514080.0	4480350.0	2930090.0	2907810.0	1729050.0	4997990.0	2464830.0
P80746	ITGAV	171271.0	101530.0	362008.0	552623.0	228062.0		227967.0	198624.0	264942.0	
Q3SYV4	CAP1	2686030.0	1328800.0	1360490.0	1395800.0	1353020.0	1290630.0	1185880.0	2082020.0	2397940.0	996730.0
P05126	PRKCB										
Q3SZM9	NAGK	197906.0	97401.4		62030.0	460355.0	411400.0			211436.0	
A0A3Q1MCV0;Q32S21	HSD17B8	539728.0	872589.0	812247.0	315812.0	959489.0	915884.0	394064.0	511257.0	521694.0	383533.0
Q3T0S7	RTRAF	729204.0	1034110.0	457744.0	793798.0	450415.0	445703.0	475189.0	514615.0	1948360.0	535853.0
Q1LZ81	PDCD6	713304.0	1729580.0	1106670.0	1262550.0	1044740.0	669671.0	406406.0	434161.0	1232360.0	219767.0
Q2TBQ5	RPL7A	271723.0	821730.0	543907.0	417967.0	420889.0	605304.0			420598.0	391892.0
Q17QP9	PSMD14	362900.0	927735.0	375050.0	328002.0	688641.0	458902.0	127182.0		1043780.0	180860.0
Q9BH11	ZP4										
P23805	CGN1	1711390.0	1899410.0	1757070.0	1543960.0	895870.0	1248800.0	2591710.0	3222060.0	2502220.0	2436360.0
A6QNW7	CD5L	629223.0	221820.0	781085.0	727730.0	173586.0	370835.0	661625.0	546479.0	348594.0	626181.0
Q1RMW4	APPL2	2148960.0	614199.0	1549990.0	1376830.0	1045040.0	1128580.0	1274440.0	2631500.0	1318470.0	1454840.0
P34942	NDUFA10	581702.0	518273.0	826905.0	403618.0	463345.0	641790.0	881757.0	731749.0	704100.0	540489.0
A0A3Q1MKV0;E1BNU3	KANK3	865142.0	504589.0	1559850.0	642762.0	1239940.0	983639.0	1122780.0	1213050.0	692303.0	672800.0
Q1LZH7	KANK2	1505770.0	1652920.0	2548120.0	1515010.0	1894950.0	1576510.0	1366930.0	3811050.0	1766580.0	1071430.0
Q3SZV7	HPX	1362730.0	465245.0	1294740.0	1593590.0	2373890.0	1085400.0	1431620.0	1095460.0	1664290.0	
Q58DW5	RPL5	114670.0	828240.0	350155.0	167290.0	491541.0	451028.0			325543.0	33824.8
F6RWK1	ARHGAP1	188523.0		371905.0	257284.0	271213.0	160834.0		122126.0	186378.0	
A7YY75	SEH1L	155772.0	50073.0	196975.0	85247.1	236847.0				91859.1	
E1BNE7	CAVIN1	12426600.0	13453900.0	15935000.0	8439680.0	15218300.0	16791300.0	7891670.0	10710700.0	10993100.0	6244690.0
A0JN63	CSTF1		587919.0	245171.0	170159.0	719346.0	581510.0	266833.0		628304.0	324402.0
Q2KJH4	WDR1	839827.0	502210.0	1969820.0	1161440.0	1323450.0	1047620.0		761604.0	1313420.0	1064060.0
F1MTP5	WDR1										
Q3ZCI9	CCT8	1893670.0	1878830.0	2342690.0	1352430.0	2982350.0	2565840.0	2032200.0	1410990.0	2443920.0	1149280.0
A7MB35	PDHA1	547209.0	969124.0	566048.0	471474.0	719269.0	740759.0	341884.0		898561.0	
Q7SIB2	COL4A1	14410300.0	5435670.0	6910050.0	20901500.0	4315010.0	4609190.0	7163320.0	7935740.0	4707090.0	9628030.0
A0A3Q1M0M2;A0A3Q1M970;F1N474	COL4A5	1581090.0	1253790.0	1215110.0	3695290.0	1125440.0	1533890.0	1598590.0	3215890.0	621324.0	2610120.0
F1MK44	ITGA5	845660.0	679237.0	1718180.0	970729.0	839276.0	678459.0	1467940.0	1034620.0	1105940.0	108289.0
A0A3Q1LK49;A5D7R6	ITIH2	1808390.0	1257570.0	2057820.0	2986400.0	2048550.0	2880140.0	3333030.0	4185910.0	1950580.0	2019370.0
P27214	ANXA11	644660.0	913634.0	1083100.0	831392.0	1571610.0	1081950.0	288277.0	528092.0	1210950.0	707387.0
Q95L39	LOXL1	1032210.0	158235.0	1059430.0	1901340.0	287647.0	758527.0	735021.0	1104640.0	275098.0	765107.0
Q58CS7	CHMP3		187393.0	106456.0		91926.0	129816.0			188076.0	
A0A3Q1M1R0;A0A3Q1M906;A0A3Q1NK51;F1MJY9	COL4A6	1422260.0	170868.0	732806.0	3872010.0	507722.0	524246.0	877867.0	743024.0	395459.0	1049490.0
Q7SIB3	COL4A2	9251340.0	4618450.0	4666850.0	18264800.0	2808810.0	3706200.0	5352560.0	4249480.0	4343120.0	7497070.0
P00435	GPX1	3005830.0	3790770.0	3346660.0	2312340.0	3053440.0	2687850.0	2388090.0	3175450.0	3456200.0	2189380.0
F1MDD5	LAMA3	1411750.0	586082.0	916136.0	1166980.0	664047.0	791142.0	960796.0	891098.0	731219.0	1526370.0
A4IFK4	SYNPO2	357511.0	663638.0	601505.0	609280.0	839882.0	1095930.0	1340840.0	706430.0	464859.0	98890.5
G3X736;Q24K13	COPS2	330696.0			102541.0	453449.0	248879.0		57179.6	473832.0	
A7MBJ4	PTPRF	403126.0			336422.0	213417.0	156197.0	327100.0		94377.6	331204.0
F1N2D3	TJP1	358458.0	681017.0	856255.0	593268.0	660527.0	833305.0	1019590.0		378627.0	783482.0
A8QW39	FAM183A										
P43033	PAFAH1B1	851288.0	422908.0	348012.0	847463.0	641653.0	352074.0	421806.0		888477.0	438599.0
A0A3Q1LVF3;E1BEB8	SUPT6H	227908.0			238920.0	675453.0	352904.0	188773.0		247815.0	
A0A3Q1N245	CDA										
A0A3Q1LZL7;A0A3Q1MUY5;E1BNK6	IFI16	409527.0	338494.0	95884.5	354294.0	596342.0	445118.0			256287.0	
A0A3Q1M0W4;E1B9H5	TGFBR3					407023.0			579272.0	103797.0	
F1MPT5	DST	268712.0	140506.0	145573.0	386801.0	328493.0	243611.0	391948.0	150199.0	102853.0	641122.0
A7E306	NID2	25237700.0	15207400.0	35261500.0	36954100.0	15163800.0	14793400.0	23911200.0	22477300.0	21662400.0	14361100.0
Q0IIG5	PFKM			211155.0	61633.4	211234.0			6465980.0	118848.0	
A0A3Q1MC03	WDR54	419667.0	654561.0	136771.0	208364.0	157366.0	110346.0	970523.0	588669.0	131891.0	531364.0
Q32LM2	SGTA	1074120.0	821587.0	1364070.0	925389.0	1706890.0	1795690.0	1237900.0	1078270.0	951913.0	1295920.0
A4FUZ3;Q5E9D7	PSMC1	898296.0	454699.0	571503.0	702327.0	733896.0	486184.0	1504020.0	964016.0	1305970.0	
A3KMV6	HNRNPR	1580980.0	4873680.0	1512130.0	1622640.0	4233550.0	5401470.0	3179460.0	1228110.0	3058150.0	2454930.0
A0A3Q1MD15;F1MD79	ANKFY1	405953.0		713193.0	234381.0	742242.0	535333.0			273752.0	
A0A3Q1MJR6	WNT4									37198.7	
F1MU84	GALNS		145390.0			135287.0	216763.0			136020.0	
Q8MJG1	PSIP1		643921.0	993322.0	233483.0	453053.0	546638.0	593471.0		299239.0	231231.0
A7E3S8	ST13	989613.0	896584.0	740189.0	1065730.0	1294060.0	1307860.0	1146000.0	714504.0	1523240.0	876457.0
E1BB28	SARDH	112743.0	170646.0	204696.0		159024.0				346183.0	
Q10741	ADAM10		1152650.0	1047740.0		448211.0	773902.0			480873.0	
Q1LZB4	IFT46					287306.0				231836.0	
Q5EA36	RBM14	2982990.0	3054820.0	2469560.0	4787230.0	2433840.0	2701230.0	2561950.0	3158340.0	2949430.0	2789830.0
A5PJP2	SAFB	532648.0	3499810.0	2427590.0	469553.0	2819350.0	4027110.0	973783.0	1168260.0	875691.0	885023.0
Q3MHN2	C9	1500000.0	576250.0	2274730.0	1898840.0	1204520.0	1060840.0	1567730.0	1355100.0	1870450.0	1254640.0
Q5EA61	CKB	179982.0	211205.0	516422.0	193053.0	436947.0	784592.0	494406.0		317454.0	
E1BB38	SRP72	185739.0	284212.0	285419.0	247718.0	578504.0	532194.0	252517.0		344861.0	113537.0
Q3T0W4	PPP1R7	1276620.0	817647.0	1032780.0	804242.0	1071330.0	1850090.0	1227970.0	710582.0	743208.0	1799370.0
G3MXM5	GAS1										
A0A3Q1M2B7;F1MBF0	EIF2A	473941.0	875827.0	743103.0	327168.0	601875.0	1069650.0			679003.0	2533740.0
Q3MHP3	S100A14	373703.0	491267.0	415778.0	239721.0	418537.0	532555.0		424023.0	492282.0	
A0A3Q1NK97;F1N1Z2	USP47	88779.0		294039.0	77849.4	158497.0		231497.0	278532.0	148969.0	
Q56JY1	RPL35A	1361760.0	4430960.0	1640810.0	2096950.0	696372.0	2686970.0	1903920.0	1640340.0	1540670.0	1774170.0
A0A3Q1MQM0;A5PK75	TOR1A					40119.0				47888.8	
H7BWW0	CORO1B	1449090.0	690090.0	1802690.0	921348.0	1051220.0	1096800.0	1620550.0	1713590.0	1346980.0	2112700.0
A2VDN8	CORO1C	524663.0	421852.0	982145.0	367579.0	919210.0	835816.0	736781.0	358814.0	534999.0	390467.0
P06623	CNP	154131.0	119761.0	204361.0	168947.0	287455.0	125106.0			169076.0	
Q17R14	MYO1D				123930.0	52801.8					
Q08DM7	SEPTIN3	760837.0	401681.0	220045.0	295591.0	511833.0	473945.0	499691.0	415811.0	1054920.0	93911.4
A0A3Q1MTY6	MAP1B	1076060.0	1159380.0	716771.0	827550.0	1003900.0	1310200.0	1534520.0	1191670.0	931759.0	1439560.0
Q5E987	PSMA5	2884680.0	1208860.0	2293860.0	1653360.0	1395390.0	1329950.0	2113250.0	1962600.0	2915800.0	2352740.0
A5PKG4	NFS1	154388.0	244579.0	273427.0	270485.0	245652.0		2310140.0		113537.0	
P30932	CD9					135087.0					
P01017	AGT			239827.0	412381.0	223633.0				151248.0	
Q3T108	PSMB4	3175550.0	1437580.0	909950.0	1442570.0	1655550.0	1289550.0	1495550.0	1168320.0	3156910.0	1551560.0
F1N1C7	AEBP1	1715310.0	3642660.0	2090730.0	1518520.0	4153670.0	5599120.0	2111330.0	1011940.0	1268680.0	1374970.0
E1B7Q0	HOOK3	1726580.0	877117.0	1744750.0	1242370.0	668007.0	1063430.0	1666610.0	2914470.0	1233810.0	1448420.0
A6H769	RPS7	388208.0	8459360.0	1549150.0	329460.0	2521310.0	4055520.0	687405.0	728583.0	1539100.0	649554.0
Q17QJ1	ACSF2	1612010.0	629388.0	2212460.0	932052.0	1151910.0	460919.0		1862790.0	1486300.0	
Q3SZ65	EIF4A2	414293.0	226589.0	423264.0	333883.0	735481.0	197285.0		207079.0	702198.0	
P04973	CLTA	702216.0	1406920.0	1437750.0	248980.0	967438.0	605153.0	649828.0	659931.0	1315550.0	348478.0
Q3MHX6	OS9	101126.0	191287.0		131165.0	159133.0	84684.6			316799.0	
A0A3Q1M1X1;F1MFD1	PXN	217495.0	69810.6	222852.0	163511.0	179989.0	168491.0		149741.0	96285.8	
A7MB59	MAD1L1	814707.0	248660.0	596997.0	630446.0	530156.0	318617.0	817916.0	808927.0	509602.0	675649.0
P35604	COPZ1				110785.0	178112.0				43644.5	
A0A3Q1ML10;E1BPV0	ARMC3										
Q3SZN2	SEC23B	447378.0	214174.0		226481.0	564360.0	527589.0	317531.0		313816.0	
Q3MHM6	CTNNA1	1199540.0	1077270.0	1514840.0	1137330.0	2246110.0	2033050.0	1892160.0	1459690.0	838542.0	1563080.0
E1BI60	ATE1	142372.0			61348.3	182764.0					
Q32L01	GTF2A2	1235270.0	694885.0	821695.0	1560030.0	609107.0	647175.0	769946.0	843848.0	2027340.0	519701.0
Q32LJ7	RIBC2										
Q2YDE4	PSMA6	3523470.0	1818570.0	2684850.0	1826660.0	2175470.0	1673390.0	2293830.0	1984290.0	3560510.0	2542090.0
A0A3Q1MB99;A0A3Q1N6L6;A0A3Q1NE05;F1MHR6	KHSRP	3071230.0	2882040.0	3391340.0	3346010.0	4380000.0	4345140.0	4137800.0	3619010.0	2058910.0	3147930.0
Q3T0V7	EDF1	212486.0	427669.0		341085.0	375194.0	565223.0	89148.9		184596.0	
Q0VC53	DOHH				29096.5					47523.3	
A5D7P7	ABCB6								693267.0		
P12799	FGG	31132800.0	5244590.0	11259300.0	53652600.0	11805300.0	10532000.0	46075100.0	13223100.0	11430100.0	50351800.0
Q3ZBR5	TTC1	187266.0	165532.0	271107.0	113340.0	237666.0	288135.0	94116.0	116521.0	230126.0	
A0A3Q1MQ45;A0A3Q1NH21;E1B9D1	AKT2				50290.7					26960.0	
Q5KR48	TPM2	1035760.0	2725130.0	786314.0	1172330.0	3774150.0	3479270.0	883880.0		1583060.0	180236.0
Q07536	ALDH6A1	783912.0	909874.0	1171050.0	574022.0	1103940.0	1018350.0	655700.0	319254.0	1292740.0	886641.0
A0A3Q1MT41;E1BP14	ARHGEF17	392568.0	196945.0	689964.0	333356.0	382292.0	226169.0		842192.0	379833.0	
Q0P5D2	CPSF6	1498370.0	1133130.0	1114290.0	1389290.0	961976.0	1139850.0	1290420.0	1769800.0	1788070.0	1232330.0
P13608	ACAN	500129.0	70041.3	291089.0	217476.0	74689.6	119826.0		740215.0	113352.0	
Q08DQ6	ZYX	786455.0	492405.0	906883.0	1090280.0	541174.0	626417.0	640324.0	914544.0	385770.0	991992.0
O18973	RABGEF1	255758.0				234943.0	247774.0	202462.0		198555.0	
A0A3Q1M190;A0A3Q1M1J3	RFC4		169972.0	102288.0		258590.0	183542.0			113316.0	
Q862I1	RPL24	120143.0	1197320.0	564296.0	278393.0	473552.0	837341.0		335177.0	333748.0	
E1BIB4	HNRNPL	2381780.0	7701420.0	2603000.0	2333430.0	5390540.0	5132340.0	2569660.0	2683810.0	4655140.0	1692360.0
A0A3Q1LPY4;A0A3Q1LX34;A0A3Q1M0T4;A0A3Q1MDS1;Q3SYT9	PCBP2	4770880.0	2655890.0	2247200.0	5566200.0	3419630.0	3408050.0	2086390.0	2592680.0	4179200.0	2221640.0
Q5E9A3	PCBP1	9866740.0	5793010.0	6662130.0	10632500.0	5814870.0	5778620.0	5194210.0	7477890.0	8439670.0	6385780.0
P10096	GAPDH	52430200.0	120241000.0	34343700.0	42151900.0	91959200.0	72441500.0	26627400.0	15396500.0	53396700.0	14164200.0
A0A3Q1MSB2;G3MWT9	AKAP12	568154.0	536936.0	749931.0	353690.0	681014.0	815142.0	855765.0		356383.0	826415.0
G3MZ95	FHL1	2200190.0	2042510.0	2427730.0	1588740.0	2729310.0	2498300.0	785580.0	2507990.0	2052730.0	831108.0
G3X6L7	PECR	233996.0	324411.0	221343.0		423477.0	409028.0			260000.0	
Q29460	PAFAH1B3	1311280.0	435267.0	940744.0	737838.0	1436890.0	1024910.0	515210.0	230367.0	1186590.0	450936.0
E1B9R3	UGGT1	223763.0	264100.0	274687.0	199487.0	362581.0	372157.0	238813.0		198365.0	186917.0
P41976	SOD2	426271.0	1614670.0	613131.0	478084.0	601939.0	1056980.0		333791.0	774172.0	
F6Q234	PEPD	274814.0		464493.0	180235.0	315663.0	180176.0	79133.8		222724.0	
Q32KL2	PSMB5	465048.0	245917.0	173401.0	226691.0	290939.0	190462.0			574929.0	97465.4
A0A3Q1MMW1;A0A3Q1N3D0;E1BEE0	TOM1L2			206951.0	466317.0	186429.0					
Q1RMU4	ERLIN2	6974550.0	2634340.0	3971180.0	5946980.0	3095610.0	1858360.0	3011090.0	3588370.0	5027510.0	2715770.0
Q2TBT5	RNASEH2A	62999.1			155857.0	56004.9	75821.4			88143.8	
A5D977	RALB					694581.0					
A4FUF0	GLYR1	161676.0	362003.0	231168.0	294315.0	403417.0	353060.0			222743.0	
Q10568	CPSF2	607938.0	276685.0	762108.0	281352.0	698577.0	341738.0		1167640.0	630637.0	
A0A3Q1LP94;A0A3Q1NAH5	SPAG9					556896.0				512058.0	
P83939	SCRN1			259946.0		431401.0	215931.0				
P20004	ACO2	1416660.0	2237590.0	1247410.0	808011.0	2524360.0	2014810.0	1021390.0		2102200.0	373263.0
A0A3Q1LRI7;A0A3Q1MQL2;F1N4Y6	LOC521224	100198.0	80371.6	112344.0	90915.3	218883.0				87569.7	
P31404	ATP6V1A	613363.0	673401.0	434634.0	458164.0	683614.0	498197.0	408625.0	369298.0	955940.0	
Q0VCX2	HSPA5	10798600.0	9343920.0	6969270.0	8778770.0	5050280.0	5683110.0	6653150.0	7164410.0	16935100.0	4641480.0
P31976	EZR	6425070.0	11547000.0	9489210.0	5427490.0	21785500.0	15594800.0	6525670.0	2690670.0	8866900.0	4153900.0
Q2HJ49	MSN	1184470.0	1120560.0	1255930.0	1169110.0	2113140.0	1452770.0	1194110.0	676271.0	1154180.0	744368.0
F1N7F9	CACNA2D1	539941.0	458294.0	1239520.0	376163.0	717533.0	405068.0	842211.0	905984.0	618589.0	
A2VE14	SAE1	121219.0	30052.5		88151.5	183753.0	93910.4			163778.0	
A0A3Q1LTX9;A0A3Q1LUQ9	NEB									24918.1	
Q27966	MYO1C	1451280.0	973053.0	2183280.0	1843940.0	2186440.0	1900480.0	1944380.0	1810360.0	1453800.0	1355790.0
P15497	APOA1	8596330.0	10474500.0	5623880.0	6965250.0	21561400.0	13516800.0	6900530.0	3183820.0	17110200.0	4173460.0
Q58DR8	SUCLG1	737365.0	2276060.0	1183250.0	539505.0	1917930.0	1548150.0		416184.0	1049870.0	
Q29S21	KRT7	6259940.0	2133600.0	5378650.0	3224180.0	6100420.0	7848640.0	10091900.0	4499100.0	3827690.0	6222990.0
F1MMF4	PAWR	359289.0	214456.0		309435.0	148048.0				349390.0	
Q0VCL3	ATG3					289234.0				119100.0	
A8E4P3	STOM	2065640.0	641810.0	3115380.0	3085310.0	1586560.0	1327140.0	1769520.0	3177770.0	734733.0	1492790.0
Q28115	GFAP	99280.1	607562.0		71263.8	75812.1	1044850.0			114774.0	
Q32PD5	RPS19	141384.0	1850790.0	178388.0	139053.0	665276.0	1781910.0	485685.0		243795.0	
Q3SYX9	ARPC5	463806.0	3268920.0	1559770.0	534883.0	949523.0	1607380.0	126314.0	476602.0	1195680.0	106264.0
A6QQP7	DYSF	137113.0		681215.0	158806.0	380740.0	417153.0	418247.0		137815.0	
P22600	FECH		172146.0			264104.0	358703.0			120438.0	
Q3SZC1	GRPEL1		726483.0	1535100.0	98385.3	81502.4	732388.0			229235.0	
Q3T0L2	ERP44	1592540.0	1358570.0	1319010.0	1087340.0	1947010.0	1322600.0	1343010.0	814622.0	2249500.0	882961.0
E1BNQ3	RAP2A					89593.1				236577.0	
A4IFU2	RAP2B					215380.0				207491.0	
Q5EAC2	GSS									35507.9	
P20821	GCSH	414095.0	275169.0	350536.0		368245.0	370007.0			953767.0	
Q56JV3	RHEB	111855.0		56747.6		84141.0	69490.1			88674.8	
F1MC10	P3H4	117273.0	345739.0	58131.8		251443.0	226264.0		66571.7	419378.0	
A0A3Q1MGW7	STRN	1742220.0	691397.0	1212880.0	829463.0	1731510.0	1294490.0	1407480.0	2889540.0	1637900.0	2248940.0
A5D7H2	STRN3	801287.0	529092.0	624488.0	472131.0	789263.0	710816.0	377803.0	1058160.0	1035300.0	347194.0
A0A3Q1MDC6;A0A3Q1NB59;F1MT12;Q3SZQ1	NCSTN		32901.1			87967.5	44369.9			128752.0	
P10895	PLCD1	111394.0	135349.0	223854.0	108697.0	326054.0	445051.0			181700.0	
Q5E9H9	ABHD10	656809.0	427271.0	144614.0		258576.0	443843.0		128472.0	272278.0	
Q2HJG2	PUF60	886445.0	619631.0	984406.0	946185.0	659878.0	688001.0	965522.0	1219550.0	1134960.0	786560.0
Q2HJJ0	KLC4	457682.0		1104630.0	347782.0	396741.0	389828.0		3188120.0	349342.0	
A0A3Q1M9Z4;G3MYP5	MAP1A	123787.0	223658.0		161182.0	443239.0	508389.0			173432.0	104630.0
Q8HYY4	UACA	219647.0	28291.0	482538.0	234831.0	289270.0		237054.0		105845.0	
A0A3Q1LNU8;A0A3Q1M4B7;A0A3Q1ME37;F1MN29	ESYT2	278229.0	333572.0		322349.0	413982.0	682295.0			265651.0	
F6QIT9;Q0III8	RNASET2	141605.0	130699.0		397524.0	139737.0	109910.0			194091.0	
A1L5A7	DBN1	1154400.0				1092020.0	943939.0			1256580.0	
P05307	P4HB	3428360.0	3446150.0	2810130.0	3289860.0	3944980.0	3702610.0	3784220.0	2974260.0	7182000.0	2325170.0
A0A3Q1LUG9	TXNDC5	2222000.0	1871380.0	1781740.0	1392020.0	2271760.0	1835090.0	2486940.0	1361020.0	3887390.0	2260650.0
A0A3Q1MFB8;A0A3Q1N3A0;F1MMT2	LAMA2	434816.0	84715.3	296185.0	412853.0	453104.0	104059.0	246093.0		213519.0	
Q2TBT3	ECHDC2					436404.0				145993.0	
Q08DI5	RAP2C			338143.0		315947.0				507300.0	
P00366	GLUD1	1787940.0	2778850.0	2362800.0	1413960.0	3656410.0	2521670.0	1369790.0	997914.0	3223940.0	293507.0
Q5E963	ARPC5L	794362.0	2151650.0	1653160.0	409970.0	2523400.0	3235930.0	945115.0		1777360.0	
Q7YRA3	EXOSC4	983701.0	663502.0	443773.0	467298.0	442877.0	654031.0		598189.0	1241660.0	546764.0
G3MZM8	VKORC1L1										
Q6B4J2	VKORC1	175435.0	162616.0	483163.0	169727.0	226772.0				88276.5	
A0A3Q1LJK4;E1BEB4	FBLN2	1088000.0	835180.0	1217650.0	1863950.0	706661.0	510230.0	260628.0	1050820.0	778053.0	455921.0
A5D9D2	C4BPA					362971.0					
F1MW97	HGH1	125121.0	59177.4		205752.0	64297.9				257141.0	
P21214	TGFB2	47552.6			317492.0					56203.3	
Q2KHX3	PRAF2	175665.0	271528.0	546655.0	289298.0	502671.0				248086.0	
A2VE52	REXO2	434981.0	378529.0		278898.0		79213.6	284693.0		413368.0	382022.0
Q0VCG9	PTX3										
Q5E9E1	PDLIM1	343553.0	378556.0	875931.0	524328.0	335973.0	486412.0	608380.0	636319.0	417621.0	571757.0
A7Z025	PRPF8	81308.9	229388.0		178618.0	343076.0	226674.0			169901.0	
Q3B7L6	SRSF6	4955420.0	28894100.0	10295500.0	3666240.0	21810700.0	48451300.0	7161200.0	3117120.0	8922940.0	1603670.0
Q0P5L8	GCAT	75904.6	64979.5			50693.8				56831.3	
P00129	UQCRB	616878.0	1626210.0	881980.0	493929.0	578172.0	774219.0	381553.0	664525.0	1699810.0	
Q0IIH8	MINDY3					881759.0					
P79126	PPM1G	49057.2	138492.0	230018.0	72021.7	898320.0	431682.0			105117.0	
E1BJN3	SAO	3676500.0	234421.0	1311560.0	945331.0	1876420.0	612311.0	668957.0	1504820.0	639431.0	898651.0
A0A3Q1MUI5;A0JN96	STK3	119239.0			170294.0					212277.0	128826.0
A6QP91	TGFB3										
Q58CP9	STIM1				32411.0	36451.4					
A0A3Q1LQM2;A0A3Q1M2R5;F1MAU6	FSD1L										
P15246	PCMT1	518221.0	615052.0	707593.0	911325.0	312163.0	391424.0		752543.0	774624.0	497814.0
P35466	S100A4	38583000.0	15540200.0	42710200.0	35527200.0	21550600.0	11790600.0	13857400.0	29327300.0	21598600.0	17742900.0
P68399	CSNK2A1	499274.0	761912.0	777008.0	219315.0	1159350.0	835397.0		429990.0	881628.0	134185.0
A0A3Q1M7N6;A0A3Q1MRI6;A0A3Q1MUK3;A0A3Q1NL10	SORBS2	776559.0	1482910.0	1510870.0	1242590.0	1257620.0	1699030.0	1553140.0	794769.0	698261.0	609056.0
F1MM57	MYH14	133116.0	172823.0	481622.0	364761.0	510608.0	463499.0	899099.0	1235890.0	180494.0	479252.0
Q08DH7	INA										
Q3ZCJ2	AKR1A1	206355.0	212978.0		155386.0	194268.0	263947.0		222248.0	449188.0	
D3JUI8	RBMX	470430.0	1802120.0	472937.0	556327.0	827714.0	1593790.0	467820.0		671258.0	215964.0
P49907	SELENOP					123841.0				77151.9	
Q32L03	MED11	671492.0	395475.0	254270.0	579004.0	143301.0		260066.0	452446.0	858375.0	762314.0
Q2KJB7	CPT2	339893.0	264450.0	276042.0	89792.0	341275.0	182693.0			365560.0	
A6QLU7	TCAF2	871193.0		382981.0	292689.0	884870.0	512477.0			475206.0	
Q27971	CAPN2	2443250.0	513905.0	1081780.0	1325680.0	1101190.0	718288.0	964180.0	1293430.0	1188700.0	834736.0
F1MQ37	MYH9	5625970.0	1362380.0	5319130.0	8728810.0	4026600.0	2750250.0	6466500.0	4369610.0	2927830.0	3952280.0
F1N102	C8B		313200.0		347387.0	407140.0	162633.0			221078.0	
Q3ZCC8	TPPP3	658170.0	615082.0	647024.0	737246.0	1021890.0	1131080.0	1075890.0	1120650.0	540129.0	851339.0
A0A3Q1MNK3;Q3MHJ8	STMN2									75108.0	
Q2KJA9	ESAM		101359.0		16722.0	75182.3	411826.0			101278.0	
A5PK45	COLGALT1	471176.0	564156.0	342380.0	370307.0	407841.0	317744.0		711224.0	415088.0	
Q9XSG3	IDH1	2305870.0	3976890.0	1553380.0	2128920.0	4612860.0	5312550.0	2788460.0	3276190.0	3522590.0	325913.0
A0A3Q1LKE6;A0A3Q1NK22	PUM1										
P02672	FGA	53838400.0	10899200.0	26130200.0	87978000.0	23359900.0	22859500.0	62559800.0	36491700.0	20901800.0	85152800.0
A0A3Q1LTK2;A3KN15	VPS41	76250.2				56015.9			177463.0	78878.8	
A0A3Q1M166	HSPA12A	89148.3				189095.0				90439.5	
Q2NKZ1	CCT7	498784.0	462993.0	581691.0	264143.0	864362.0	497778.0	357052.0	283731.0	679053.0	137652.0
A6H7H2	KLC1	188014.0		243838.0	108314.0	100774.0	134479.0		188456.0	189313.0	
A7MB38	SRSF4	230303.0	561569.0	465590.0	255105.0	921560.0	1106840.0			280812.0	
P29702	FNTA	290824.0			72490.3	101136.0				217508.0	
Q1RMV0	PEX5	272458.0	573516.0	554663.0	337098.0	428115.0	262781.0		660330.0	406794.0	
A0A3Q1LRY6;E1B8K6	NCL	616506.0	2673490.0	948318.0	665398.0	3940540.0	3513380.0	727582.0	543904.0	1331700.0	409764.0
Q02370	NDUFA2		471475.0	386433.0		126267.0	314213.0			116347.0	
A0A3Q1LTY7	AGRN	560774.0	1383810.0	1122180.0	1069020.0	1060810.0	1397370.0	597915.0	921478.0	764865.0	
P79098	ANPEP	471155.0	274600.0	807176.0	449372.0	489376.0	621302.0	838619.0	517113.0	542402.0	352829.0
Q2KIK0	SUGT1	377787.0	173673.0		521845.0	197578.0	167623.0			318499.0	181742.0
A7MBG8	RUVBL1	896442.0	1634710.0	1114210.0	639046.0	1684400.0	1811340.0	570001.0	896058.0	1512770.0	287388.0
E1BNT9	CCDC78										
G3N3Y2	PRODH					246205.0					
Q3T0U7	CIAO2A					537069.0				139259.0	
G3MXP8	ADAMTSL5	233170.0	887405.0	1674810.0		844080.0	617733.0			367998.0	343017.0
Q3ZCA2	NUDT21	6584170.0	3632060.0	1518300.0	3533070.0	3223630.0	3549480.0	1130730.0	974360.0	4373930.0	1243610.0
A0A3Q1LSP6;F1MK38;Q2KJG6	HS1BP3	239944.0			169280.0	258444.0	207903.0		330556.0	163205.0	
A0A3Q1M4C1;A0A3Q1MB26;A7MB24	ABI2	98847.6	187508.0	328922.0	101938.0	219370.0	256840.0	139447.0	205091.0	204782.0	
P10730	NPR3	2692380.0	2814660.0		2091960.0					3188880.0	1548280.0
A0A3Q1LL88;A0A3Q1MAV6;A0A3Q1MK05;A0A3Q1MTF0;A0A3Q1N716;F1MLS8	KIAA1217	299414.0	419607.0	353744.0	371407.0	118513.0	271172.0		689654.0	335621.0	256867.0
A7MBF8;F1MEW4	CBS				31636.9				102435.0	132288.0	
Q3MHE2	PRPF4	468827.0	551761.0	879844.0	334508.0	705498.0	369743.0	317637.0	590491.0	489029.0	
A0A3Q1MAH9	IRGQ					185432.0	245953.0			145310.0	
G3MXV0	FKBP5					189453.0	132776.0			136096.0	
F1MRT9	UTRN	708622.0	594357.0	1193740.0	1004590.0	1404280.0	906957.0	1425220.0	396171.0	426113.0	1245080.0
A0A3Q1MEA6;A5PJR9	GNL1			185771.0		183273.0				57315.8	
Q1JQB5	FBLIM1	317298.0	244183.0	535320.0	232743.0	136682.0			2267460.0	346610.0	
P60661	MYL6	41355600.0	63855500.0	52243000.0	26714700.0	45512100.0	43046600.0	29458100.0	30409700.0	64850800.0	11081800.0
P85100	MYL3					5821000.0				7996890.0	
F1MF76	LOC515570	234808.0	129262.0	398899.0	282411.0	227046.0				425809.0	
P23196	APEX1	914223.0	1606530.0	1494830.0	819326.0	2364800.0	1249570.0	505633.0	658093.0	856896.0	
Q17QH8	SDR39U1					308442.0				224773.0	
P62964	CRABP1	150808.0	220206.0		331402.0					377291.0	
A0A3Q1LJL3;A0A3Q1MGQ5;E1BBC4	OPA1	345914.0	323599.0		306575.0	467973.0	359613.0			589871.0	
P49355	FNTB	319592.0		158926.0	118838.0	215434.0			159004.0	236588.0	
F1MQQ8	PPFIBP1	566493.0	545807.0	519917.0	320366.0	452534.0	373240.0			376604.0	593498.0
Q3SZV3	EEF1G	802069.0	625505.0	753389.0	532403.0	1092510.0	616931.0	318302.0	699013.0	784254.0	610171.0
Q148D5	SUCLA2	701631.0	417678.0	773586.0	422135.0	590476.0	363402.0	217419.0	358692.0	716468.0	410954.0
Q2T9X2	CCT4	453234.0	348639.0	285873.0	330117.0	838899.0	746452.0			745769.0	136788.0
A0A3Q1MG90;A0A3Q1NM68;E1BNN0	STRN4	144818.0	60838.0		125467.0	100118.0				90095.5	143171.0
Q3ZBM5	SNX5	523205.0	641060.0	656213.0	369902.0	1136140.0	1160370.0			520701.0	
P79134	ANXA6	2000580.0	1752390.0	1648830.0	1820780.0	3237520.0	2141270.0	1456730.0	717064.0	2827210.0	445721.0
A0A3Q1LQX9;A0A3Q1MQK6;A0A3Q1N9L4	ABI1	944860.0	2035110.0	2010350.0	719747.0	1426210.0	2214450.0	1451470.0	1744320.0	1227330.0	583683.0
A5PK70	NME3	157170.0			38107.6	259477.0				111468.0	
E1BLL9	OAF	307196.0	87089.6		159015.0			98405.3		118441.0	
A0A3Q1ME65;A0A3S5ZPJ6;E1BPP7	STAT1	274720.0	169689.0		224171.0	416646.0	223272.0			186941.0	
Q1JQ91	POLR2D		121290.0		50981.2	194430.0				298809.0	
Q0IIK5	DDX1	3466290.0	3084580.0	2115440.0	2550390.0	3159590.0	2284090.0	2152380.0	2647090.0	4949990.0	1049260.0
E1BDN8	SREK1	638862.0	751686.0	925774.0	661145.0	642605.0	703194.0	503460.0	851008.0	937170.0	561434.0
Q148M1	SRSF11	265113.0	394181.0		296243.0	297707.0	264697.0			426626.0	
Q2T9T3	POLR2E	2388190.0	2152320.0	2478600.0	1768590.0	1128880.0	1882410.0	2904760.0	2959840.0	2669830.0	1966430.0
Q1LZB6	CAPRIN1	3077710.0	1631960.0	1977340.0	3051620.0	1655890.0	1937810.0	2330570.0	2981440.0	2740460.0	3442400.0
Q3SWX7	ANXA3	1153670.0	4837950.0	1907560.0	1157070.0	3719770.0	3814570.0	1663310.0	694113.0	3266680.0	356557.0
A0JNB0	FYN				187931.0	129407.0				136536.0	
Q5E9A1	NACA	197488.0	162836.0	324805.0	217054.0	144493.0	153080.0	337173.0		175888.0	291120.0
A0A3Q1M2B9;A0A3Q1N3L4;E1B925	ARID1A	27218.9	77464.9		57046.7	61561.5				102531.0	
Q1JQ94	RTL8A	334639.0	162204.0		184529.0	81099.8				252452.0	
Q08DH4	KLC2	730423.0				414800.0	420377.0			507566.0	1061950.0
E1BAL5	STXBP4	190464.0	65747.9	201266.0	136153.0	146623.0			332624.0	196798.0	
F1N1D1	IQCE										
Q3SYU9	MVP	1388190.0	1362110.0	2247520.0	1275870.0	1060680.0	975470.0	1588370.0	1832340.0	1672430.0	1107470.0
F1N0T1	LAMC3	259398.0	267536.0	360972.0	260781.0	352640.0	359426.0	471100.0	213723.0	245968.0	403524.0
A0A3Q1M177;F1MMH3;Q17QD7	LUC7L	119478.0	298528.0	226126.0	123317.0	370152.0	397052.0			293723.0	
Q0P5A1	DCTN3	2167030.0	1383510.0	1167450.0	1182720.0	1063720.0	919202.0	1018590.0	1390130.0	2389680.0	935790.0
Q3SYU2	EEF2	7747420.0	4529520.0	4903350.0	5684960.0	6279710.0	4081380.0	3319860.0	6568520.0	7790290.0	3883010.0
E1BGS4	TXLNA	414234.0	380661.0	354996.0	913531.0	417735.0	685579.0	467589.0		506508.0	550448.0
Q9XSC9	TCN2				109917.0						
Q3B7M2	HAGH	75451.1	150171.0			165461.0				162980.0	118329.0
A4IFK3	LMOD1	273026.0	259687.0	429137.0	300237.0	395683.0	198685.0		129223.0	163333.0	
Q76LV2	HSP90AA1	7067810.0	5341590.0	9812670.0	4099530.0	25294900.0	8894470.0	4578530.0	3352540.0	9745850.0	2102590.0
A0A3Q1MMU1	IRF2BP1	369927.0	297108.0	147147.0	244699.0	329786.0	271083.0		256911.0	264923.0	
Q32LJ4	TPRG1L									101351.0	
Q3SZ22	MRPL46					69774.3				189486.0	
Q2KJJ8	PLD3	205532.0	150204.0		833103.0	149340.0				239979.0	
A6QPT4	MPO	511847.0	161454.0	293967.0	235503.0	87956.9	452821.0	1029170.0	893605.0	1790780.0	17966400.0
E1BNQ9	HNRNPUL2	1134130.0	3340440.0	2566730.0	976822.0	7539060.0	6149970.0	2343370.0	1817940.0	1820440.0	1321690.0
A0A3Q1M2X8;E1BMX2	TRMT2A		41375.0	102618.0	57809.9	150357.0				61591.4	
A3KMX1	CHST14				100677.0	38157.7					
F1MIZ7	RO60	177727.0	144371.0	194835.0		600487.0	327550.0			150996.0	
Q3T024	ROPN1L									30100.2	
G3X6A9	TXLNG	252467.0			347410.0					201085.0	
E1B937	DTD2		184969.0			73592.9	157830.0				
A0A3Q1LFP0;A0A3Q1MNR0;A0A3Q1NC33	TCERG1	183969.0	364009.0	422038.0	187322.0	595263.0	623109.0	207316.0	197608.0	239690.0	288544.0
Q1JPC8	RBCK1	1054230.0		1002790.0	425471.0	480222.0		453577.0	1166660.0	585414.0	
A6QLI0	EPDR1	139057.0	344098.0	228437.0	192485.0	181847.0	202394.0			263059.0	
E1BKZ1	GSR	4990520.0	783200.0	3451780.0	3802160.0	2980800.0	1760220.0	2450940.0	4302380.0	3290420.0	1438820.0
P55106	GDF6	119782.0	46851.8	167571.0	107412.0	52848.1	93693.0			39948.4	
P31081	HSPD1	1872770.0	3116920.0	2585740.0	1737310.0	1340010.0	1620120.0	1867200.0	1214360.0	3009910.0	707019.0
Q1JPD2	ABHD16A					123160.0					
P53620	COPG1	1207350.0	639844.0	970824.0	766093.0	1538520.0	1145550.0	713103.0	1170420.0	967659.0	565273.0
A0A3Q1LL67;E1BDY3;G3N2K4	GLG1	485262.0	694473.0	336450.0	326132.0	562749.0	469543.0			523964.0	
Q2KIG0	ETFDH	156064.0	121679.0		38763.1	246391.0	144157.0			177346.0	
Q29RU4	C6	797130.0	1316960.0	1305510.0	763593.0	1728260.0	1469910.0	949898.0	754416.0	1445710.0	680619.0
Q3MHE4	MSH2	579467.0	127556.0	422273.0	256556.0	616177.0	353012.0		730614.0	316812.0	244069.0
Q1RMX7	NANS	829253.0	386439.0	353263.0	465519.0	522130.0	463295.0	515849.0	612016.0	1268720.0	398622.0
A0A3Q1MNM4;A0A3Q1MSS5;F1MFX9	PRKAG2									24922.9	
A0JN54	DGKA			104009.0		357615.0	260234.0			58844.3	
A0A3Q1M1I6;Q58CX1	GALT	1420910.0			707315.0	557765.0	642279.0	553470.0		588434.0	1575770.0
Q3SZ62	PGAM1	1777550.0	1259120.0	1022620.0	1419740.0	1297740.0	1795850.0	663771.0	597859.0	2134750.0	724573.0
A0A3S5ZP75;A6QPS1	PPCS									9642.33	
A0A3Q1M8C7;A0A3Q1N2U0;F1N444	LTBP1	401999.0	123115.0	353033.0	703221.0	148804.0		231833.0	440280.0	202821.0	
A4IFA6	ISLR				43129.9	72842.9				145303.0	
A7MBC2	PDXDC1	746387.0	1730530.0		720097.0	300010.0	252529.0			522249.0	287430.0
P28801	GSTP1	399312.0	1135350.0	775868.0	870443.0	349376.0	452866.0	218680.0		749346.0	365835.0
Q3SWY5	NOSIP	343285.0	170111.0		406340.0	132148.0	426304.0			314206.0	
A0A3Q1LL32;F1MCY5	PAPLN	330306.0	504375.0	607642.0	704535.0	662700.0	592562.0	590798.0	876604.0	404437.0	412433.0
F1MKA6	AARS2	287405.0	39980.1	486852.0	158055.0	172686.0			468013.0	229789.0	
O77667	HSD11B2			145582.0		326865.0				136526.0	
Q3ZBY4	ALDOC	648639.0	2622930.0	1173200.0	1005770.0	1474350.0	2096730.0	671033.0		1490040.0	474956.0
Q08E38	PRPF19	20762300.0	7884020.0	8359660.0	10113800.0	7877260.0	7986580.0	9651280.0	13263800.0	19994400.0	16574600.0
A0A3Q1MWX6;A6QLW3	RPRD1B	457472.0	498757.0	683046.0	333504.0	824824.0	742375.0	289457.0		635278.0	
A0A3Q1MBN8;A0A3Q1MC75;A0A3Q1MFL0;A0A3Q1NJP2;A6QQU0;F1MC63	EXOC1	256198.0	298736.0	1090660.0		520480.0	498481.0			249305.0	
A0A3Q1LN50;A0A3Q1NA18;E1BMD5	AVEN		45361.6			184414.0	112405.0			135497.0	
Q3MHL7	CCT6A	377014.0	722765.0	382328.0	324824.0	940920.0	819309.0		346947.0	979849.0	
A0A3Q1M9I5	ITGB4	1583600.0	1435520.0	2296570.0	2879070.0	1931410.0	1542290.0	3556110.0	1925020.0	2319840.0	2307090.0
A0A3Q1LTV0;F1MZ10	LRRC1					77809.5					
Q32PE0	POLR2F	349931.0	413692.0	343570.0	309469.0	494459.0	652200.0		785961.0	224581.0	
Q2KJE0	TAX1BP1									51784.4	
Q1HE26	SMAD4		48007.7	115076.0	49376.5	46762.2	103242.0			53676.7	73643.1
A0A3Q1LYY4;A0A3Q1M201;A0A3Q1M387;Q08DN5	CRAT					179761.0				103505.0	
Q3SX20	BORCS6					131798.0	202856.0			247782.0	
A0A3Q1LXF6;A0A3Q1M2C8;A0A3Q1M7J5;F1MWN8	CFAP58										
A0A3Q1LIR5;A6QP73;F1N5H8	DDX31	628810.0	641490.0	933556.0	628686.0	1265180.0	596378.0			381902.0	608699.0
A0A3Q1LUG5;A0A3Q1NG34;F1N6W6;G3MZ54	SNX9	581259.0	891343.0	865159.0	1160470.0	1130630.0	1669040.0	1205840.0	309855.0	730638.0	885999.0
Q0P5A6	PSMD5	410757.0	256197.0	646568.0	274100.0	768857.0	458712.0		327026.0	761928.0	
A0A3Q1LTK7;A0A3Q1M3R8;A0A3Q1NKD1	ERC1	1190590.0	504368.0	609118.0	941624.0	977468.0	882883.0	1266550.0	1124430.0	1003520.0	1107880.0
Q3T0X5	PSMA1	2087770.0	1667830.0	2077370.0	571881.0	1857960.0	1745520.0	627335.0	1298190.0	2575410.0	973448.0
Q1RMU0	NAB2	5203190.0	2793280.0	1479550.0	4909110.0	637313.0	738414.0	1848930.0	3408360.0	4517930.0	2504260.0
Q9N0F3	SARS2	247665.0	183528.0	649786.0		425399.0	325805.0			371614.0	
E1BNM2	ITGA8	321697.0	183217.0	213450.0	827944.0	234018.0	92774.5		772432.0	201338.0	
Q0VCC0	CAPS	450898.0	1008020.0	3065540.0	387452.0	1396540.0	1897670.0	1505620.0	317824.0	1157130.0	
Q3ZBJ1	NCBP2	375096.0	734010.0	190809.0	532734.0	334243.0	406832.0			988315.0	
Q3T0D0	HNRNPK	5443140.0	6870690.0	4713580.0	5881540.0	7529240.0	8695930.0	6420180.0	4285830.0	5062670.0	5213790.0
Q3T171	RPL36		1448730.0	214234.0	305820.0	84861.1	330121.0			192587.0	
A0A3Q1LLH4;A0A3Q1LZ84;A0A3Q1M7R4;A0A3Q1MQD5;E1BQ11	CTNND1	831822.0	829663.0	774708.0	726789.0	1035220.0	884038.0	788864.0	727229.0	789606.0	480433.0
F1MJB1	DTYMK	2160860.0	1526340.0	2017650.0	1329620.0	1203980.0	1059420.0	1096080.0	1584910.0	1993850.0	1253830.0
P15690	NDUFS1	1027480.0	1444890.0	1588290.0	1093690.0	1151440.0	1120350.0	1111520.0	611671.0	2029090.0	369452.0
A0A3Q1M4A1;Q08DY1	BIN3	95118.9			1831140.0	105767.0				119423.0	
E1BEG2	HNRNPA3	2650330.0	5770630.0	2136890.0	2711910.0	4770200.0	4405300.0	2739180.0	1449900.0	3373100.0	1796240.0
A0A3Q1LP42	HSPB7										
Q2TBM7	MMP23										
F1N3I4	MYOF	260616.0	232647.0	506590.0	282690.0	532239.0	264424.0	281806.0	253648.0	245043.0	75605.1
Q2HJ60	HNRNPA2B1	8227210.0	12072200.0	5857560.0	6165360.0	8807140.0	9720840.0	8796650.0	4239490.0	9593420.0	4779880.0
F1MT41	PTGFRN	345305.0	317428.0	1088730.0	567366.0	655563.0	302851.0	1136860.0	371664.0	532191.0	
Q3T0T1	PSMB10	1281630.0	691419.0	778357.0	319817.0	553214.0	529279.0	579720.0	329237.0	1033100.0	853470.0
A0A3Q1LYU1;E1B8C5	PDK1					140764.0					
Q3SZI7	COG6	109294.0				69475.8				184180.0	
P62935	PPIA	23658700.0	79139900.0	21863700.0	13630200.0	30449600.0	49487700.0	12691100.0	14671200.0	43677300.0	22004700.0
A0A3Q1MDZ9;F6RC54;Q32KR9	CHMP1A	270574.0	1216050.0	795092.0	292258.0	353007.0	476427.0		298573.0	535974.0	
A6QP79	COLEC12	135976.0	186606.0	673295.0	300671.0	160004.0	132548.0	147110.0	165477.0	127122.0	
Q3SZW9	DNAJB13				46049.2						
A0A3Q1M7S5;F6QQY9;Q0IIA3	SRI	448767.0	1271040.0	604605.0	466697.0	559406.0	768519.0	617041.0	507648.0	708633.0	308063.0
F1N206	DLD	419822.0	684029.0	337212.0		476304.0	774984.0			776277.0	
A0JN43	ESYT1	454115.0	318636.0	594788.0	322532.0	583445.0	420028.0	355594.0	305634.0	319210.0	
A7MBJ5	CAND1			154200.0		157795.0	246174.0			123022.0	
E1BM70	CCDC39							936352.0		456085.0	
Q8WNW7	NFKBIA	119542.0			128846.0	190252.0	119521.0			171794.0	
Q3T0V3	EIF3K	652532.0	793735.0	870103.0	744718.0	926055.0	1021630.0			1286800.0	
G3N094	EIPR1	227195.0	293547.0		251918.0	352068.0	459913.0			405205.0	
A0A3Q1MWG7;Q08DM3	ME2	66871.6	85640.7			230410.0	72937.8			106638.0	
A0A3Q1M442;E1BJK2	TUBB1	193428.0								109730.0	
Q2KJD0	TUBB5	141140000.0	45073800.0	119145000.0	115603000.0	81882800.0	67288800.0	61067100.0	182679000.0	89195300.0	63219300.0
F1MTX6	MMP3	3443330.0	1361270.0	276491.0	6230760.0	180919.0	206928.0	523079.0		1215040.0	1283220.0
A8E4P2	FARSB	613114.0	547393.0	450529.0	330029.0	1243330.0	652003.0			587717.0	
Q1LZ72	CNPY2	458748.0	313933.0	513280.0	182216.0	415802.0	361686.0	449850.0	500134.0	623452.0	127376.0
Q3T0U2	RPL14	2388110.0	2570310.0	2010200.0	4543110.0	864823.0	2410580.0	3794540.0	2973960.0	7880820.0	3457730.0
A0A3Q1LNZ7;A0A3Q1M8D9;A0A3Q1M9W2;F1N1F7	ARHGEF2	67562.0	154055.0		68966.6	123042.0	200590.0			98188.2	
A7MB01;F1N0I9	SART3	307497.0		331486.0	154970.0	785083.0	206450.0		314905.0	129270.0	
Q5E946	PARK7	179052.0	575078.0	275547.0	307918.0	365897.0	534026.0	176027.0		375512.0	
A0A3Q1LSA6;A0A3Q1M4W7;A0A3Q1MQW5;F1N413	EHMT2	293383.0			123364.0	168893.0	38265.9		585657.0	231387.0	
E1B8B1	LRRC45									62473.9	
Q3SYT8	POR	286098.0	341716.0	335602.0		275664.0	335491.0			306086.0	
F1MMU4	H1-10	296175.0	3839210.0	1260430.0	872796.0	2142680.0	3149480.0	238499.0	473442.0	398592.0	
Q3ZBV9	DHRS11	1337410.0	482569.0	1174130.0	1185780.0	1492540.0	1398000.0	2006450.0	865283.0	985250.0	1361560.0
Q3SYV9	ADPRS	248927.0	229429.0	390355.0	104831.0	956227.0	374992.0			421065.0	
A1A4K3	DDB1	1085120.0	487742.0	705801.0	544069.0	1295120.0	473542.0	541825.0	939718.0	1088380.0	289763.0
G5E6P3	GNA13	583290.0		751543.0	490281.0	540788.0				494972.0	
F1MXI4	MATR3	2495990.0	3189360.0	2391260.0	2285330.0	3085940.0	2944690.0	2030950.0	2716520.0	3138110.0	1342720.0
E1BLG9	CCDC13				257563.0	899312.0		869047.0			
P00593	PLA2G1B	1281130.0		1299090.0	7239740.0	254709.0		1310100.0	1276310.0	877912.0	1955960.0
Q2KJF1	A1BG	226242.0	374865.0	1503650.0	1025700.0	224653.0	536264.0	475352.0	996755.0	987446.0	337272.0
A0A3Q1LFH6;A0A3Q1LNY1;A0A3Q1LP18;A0A3Q1LX22;A0A3Q1M2V7;A0A3Q1M965;A0A3Q1MQN0;A0A3Q1NEN0;E1BC93	PCM1					364817.0	285983.0			120315.0	
P02548	NEFL		170253.0			63375.9	137731.0				
A0A3Q1MLE7;A0A3Q1MWU8;A3KMZ0;F1MXB4	STXBP3	65826.7			94748.5	281396.0	121390.0			128318.0	
E1BPP6	MCCC2	130833.0	296699.0	485211.0	56373.9	900875.0	502497.0			411787.0	
Q28034	PRKCSH	1103830.0	2278930.0	2883610.0	803557.0	3891800.0	3478860.0	1643120.0	1118000.0	2647900.0	415760.0
Q5E9C0	RSU1	598385.0	1422250.0	716411.0	564279.0	1458530.0	1436130.0	712598.0	465248.0	800605.0	444475.0
A0A3Q1MKT3;G3N266	GPSM1	957447.0	387430.0	733737.0	1054120.0	463364.0	434343.0	755964.0	752878.0	796636.0	464060.0
E1BIX7	GPSM2	272501.0		457642.0	319486.0	132854.0		190570.0		182735.0	
A0A3Q1LQU1;E1BKY4;G3N0W1	ITSN1	220278.0	122371.0	331044.0	299477.0	149784.0		250579.0		119727.0	
E1BIQ0	PNPT1		65060.0		62422.0	65458.0				145595.0	
Q8MJ50	OSTF1		199959.0		115455.0	289947.0	259386.0			176155.0	
Q95121	SERPINF1	1358390.0	2849140.0	644283.0	1115060.0	2366810.0	2102760.0	779416.0	452214.0	1718530.0	546967.0
A0A3Q1MSZ4	DVL2	33244.9			132764.0					210641.0	
P79132	CAV1	925235.0			2819570.0	1499650.0					
Q0VCI1	OSGEP	1172710.0	369646.0	523790.0	552450.0	837967.0	436790.0	242381.0	200525.0	985957.0	
F1MMW6	DVL3	190753.0	102498.0		280201.0					119815.0	
A0A3Q1M0C7;F1MD40	COL6A6										
A0A3Q1LXW3;A0A3Q1MAV9	COL6A5		105280.0		134468.0	69372.1	138527.0	48779.2			
P00257	FDX1	218214.0	312947.0	669283.0		608648.0	575254.0	129883.0	106740.0	261568.0	
A0A3Q1LUD9;F1N0W1	DIAPH1					241539.0				129048.0	
Q3MHX0	SUOX	179533.0	232674.0		202451.0	150824.0	194380.0	161122.0		632657.0	
A6H7B5	COPS3				64181.6					152652.0	
E1BE64	TSGA10					125459.0					
P08239	GNAO1	108650.0		523485.0	237129.0	87644.1	245806.0			151306.0	
Q3T083	SDF2L1		237994.0							72670.3	
Q3SZ45	SDF2	63488.1	182777.0			24208.0				89682.9	
F1MTR1	IQGAP2	146263.0		219579.0		467838.0	332576.0	531200.0		119651.0	284620.0
F1MWE0;Q1JP95;Q3SZ81	PSMC3	2961070.0	1909420.0	2328160.0	1851040.0	1430220.0	1107610.0	1119580.0	2288720.0	4129190.0	929585.0
P31836	NCAM1										
A7MBH9	GNAI2	1433450.0	837608.0	2320240.0	1281750.0	1536900.0	1116590.0	1155830.0	1181760.0	906795.0	776073.0
F1N0F7	EIF5		175182.0			343561.0	280833.0			286704.0	
A0A3Q1MNY3;A7MB95	CELF1	850697.0	845642.0	470361.0	725760.0	630730.0	897554.0	1141480.0	508080.0	1091980.0	1018480.0
A0A3Q1MSG9;A0A3Q1MSL2;E1BIM7	CELF2	783960.0	1020620.0		1036750.0	527994.0	981537.0	1119250.0	650489.0	1510830.0	1013060.0
Q2KI14	NAA10	147352.0	104471.0	173871.0	147134.0	147940.0	107854.0	188248.0		252716.0	
Q5EAC6	CDC37	326132.0		374327.0	239416.0	407537.0	215414.0		263129.0	336091.0	
P20072	ANXA7	1350380.0	2985720.0	1395970.0	1602640.0	2715740.0	2375800.0	1157790.0	1108990.0	1654650.0	1060620.0
A1L5B6	ANXA5	2255290.0	2971510.0	12919200.0	9079010.0	3772880.0	8837890.0	3904680.0	4725740.0	5635130.0	993769.0
P81287	ANXA5	8820390.0	13469200.0	16567300.0	14714900.0	8002040.0	9308010.0	9399210.0	6624600.0	50036100.0	4616890.0
A0A3Q1LYZ2;A0A3Q1MWC4;E1BL45	EHBP1L1					30536.9	46094.7			14789.5	
E1BNA2	XPNPEP3	414318.0	231358.0	298140.0	203433.0	217149.0	308285.0		723835.0	354175.0	
Q2KII4	ELOC	6153370.0	2167320.0	2392960.0	2377870.0	1851110.0	2581820.0	2894070.0	2568070.0	4202600.0	4332630.0
A0A3Q1LV62;A0A3Q1LWI4;A0A3Q1MR91;F1N1B8	KANK1		288165.0		280406.0	351750.0	242514.0			385447.0	
Q3SWY3	IMPDH2	3176810.0	1425670.0	1610150.0	2857630.0	1282740.0	1187530.0	1109380.0	2517790.0	2774130.0	1751500.0
F6RBQ9	RBM3	1450940.0	2221890.0	562587.0	1377470.0	1167740.0	1705480.0	1045090.0	659531.0	1154580.0	553025.0
Q2KJ33	LIMS2		1129940.0	1393850.0		1065260.0				1360340.0	
P49004	POLD2	196523.0	114753.0		90336.7	172483.0				432255.0	
Q3ZCH0	HSPA9	1844070.0	3779200.0	4467620.0	2053290.0	1752490.0	2206360.0	2630400.0	2240420.0	2989650.0	1574240.0
A0A3Q1NJ70;E1BCW3	PFKP					80810.1					
F1N5F3	H2BE1	191351.0	24092400.0	1805540.0	952891.0	1695040.0	13710300.0	1991740.0	534746.0	612405.0	855188.0
F1N2F1	NIBAN1	395920.0	393056.0	259259.0	240658.0	370387.0	326195.0	331018.0		396216.0	2030830.0
P08166	AK2	656695.0	881177.0	670346.0	161782.0	477133.0	774414.0	547131.0	397406.0	899823.0	
A0A3S5ZPL0;A5PJS1	GNB5									1968920.0	
Q0VCA3	LETM1		192050.0	165505.0	81116.6	164264.0				74798.3	
Q02369	NDUFB9		203175.0			83698.1			50101.3	159977.0	55379.6
A0A3Q1LGV7;A0A3Q1LIZ0;A0A3Q1M0U3;A6QLW6;Q29RN1	SORBS3	813459.0	1637920.0	1985520.0	1059240.0	1247430.0	1650290.0	909024.0	1751110.0	822969.0	752261.0
E1BKF4	USP43						76912.5				
F1ME79	CEP70	213870.0									
Q2TBT7	FXR1		675796.0	808342.0		658853.0	657782.0			823417.0	
F1MQH8	RABEP1	357868.0		371006.0	239276.0	318189.0	283685.0	269029.0	370543.0	213672.0	155572.0
P19879	OGN	9964990.0	88987400.0	24120200.0	11740400.0	29226800.0	28375900.0	10477800.0	4297490.0	16517900.0	4100490.0
P09487	ALPL	502281.0	556843.0	1556980.0	707884.0	999194.0	1032960.0	1519450.0	524724.0	852063.0	419881.0
A0A3Q1MR68;Q1RMR3	CTTN	1138280.0	1886700.0	2267310.0	1862950.0	1430100.0	2900260.0	1156480.0	1744430.0	1306400.0	1505060.0
F6RF21	SMCHD1	95189.0	48838.1			335454.0	170992.0		139853.0	153175.0	
Q2TBU3	GOSR1				336706.0	47560.3				21039.4	
A0A3Q1M724;A0A3Q1N5P9;A5D798	FTO									90941.6	
Q3T0U5	CHMP2A		319771.0			184542.0	230700.0	71804.8		159674.0	
A4FV12	UBA2	249000.0	113991.0		213190.0	510847.0	246488.0			377883.0	
A0A3Q1MUM3;A0A3Q1N8M0;C3VEX1;F1N662	PITPNM2									108819.0	
A5D9B6	SDCBP	197322.0	129187.0		218217.0	124973.0				190040.0	
E1BFT5	INHBE										
Q2KJ71	TRA2A	423083.0	1977880.0	1377000.0	389933.0	1105010.0	1710530.0	753423.0		891254.0	
A0A3Q1LTG9;A7MBG5	TBC1D9B										
Q0II90	FAM81B										
Q2T9M8	SNAP23	523187.0	324143.0	471692.0		456225.0	394634.0		1263510.0	348221.0	
E1BH78	SNRNP200	358590.0	184348.0	381142.0	250681.0	606893.0	231090.0	90726.8	553853.0	344570.0	
A8E4R4	EXOSC6	410110.0	977505.0	542297.0	131353.0	471818.0	1339550.0	165185.0	308931.0	1098280.0	
F1N2E4	EMILIN3	799029.0	329838.0	999797.0	1020260.0	1198380.0	764014.0	3091210.0		912776.0	685395.0
Q0II59	PDXK	545651.0	293416.0	2031650.0	348107.0	1441180.0	577908.0	279752.0	318199.0	915762.0	396771.0
Q865S1	AP3D1	286980.0			374610.0	319005.0	168984.0			90213.6	159099.0
F1N5K1	CDK11B		163069.0	90417.1		207397.0	164458.0		46446.6	149398.0	
A4IFN6	SNX18	440599.0	65885.5	232241.0	324360.0	193036.0	137319.0	152774.0	546776.0	324823.0	
E1BL12	PREB		241173.0			262404.0				146933.0	
Q9BH10	ZP2										
F1MMT7	NRIP2			192665.0	172806.0	242426.0	246152.0	142507.0	154247.0		230133.0
E1BNP8	SUPT16H	1352730.0	1274970.0	1184990.0	818045.0	1890530.0	1608510.0			1177540.0	922722.0
Q29RZ1	GATD1	70363.3			64298.5	131225.0				228000.0	
A0A3Q1N1G2	TEAD1	698917.0				337334.0	311565.0				
A6QLH6	SCYL1		65795.2		54432.1	41747.9					
Q1LZH1	MTARC2			16258.8		139470.0				97886.0	
E1BCE7	CNOT2	308590.0	123036.0		338528.0	181168.0	184359.0			378091.0	
A0A3Q1N7L7	ADD1	2030690.0	781763.0	2231570.0	1470660.0	1772220.0	1327650.0	1261830.0	1418350.0	1400560.0	1188350.0
Q0VCT1	MLLT11				54176.7					60488.7	88925.4
P00760	PRSS1	1304490.0	260821.0	4065060.0	18340700.0	781290.0	778019.0	997060.0	5221650.0	3157170.0	1299040.0
Q32LL2	STOML2	520603.0	1210890.0	649411.0	516281.0	432810.0	521304.0	475547.0	205695.0	1083000.0	340060.0
P41563	IDH3A	427321.0	823206.0	600113.0	217308.0	651068.0	746687.0	380282.0	329015.0	887667.0	
A0A3Q1LRU3	DECR2			264444.0		170384.0	122025.0				
Q2KIC7	PPP6C	605299.0	470804.0	516504.0	316829.0	384276.0	295250.0	369772.0	598904.0	777574.0	372145.0
P13213	SPARC	4715250.0	7500820.0	1513240.0	3000860.0	2845380.0	3437520.0	1101190.0	2466480.0	7588470.0	563277.0
G3MWG5	XIAP	177106.0		75658.6	176309.0	81166.5			745222.0	243800.0	
A0A3Q1LMC1;A0A3Q1MDD4;A3KMY8	GUSB	175757.0			106499.0	130530.0				173781.0	
A0A3Q1LP96;A0A3Q1MH34;E1BBI8	DCTN4		105752.0			226464.0	201451.0			166503.0	
Q0VCM4	PYGL					186910.0					
A0A3Q1LYW8;A0A3Q1M535;F1N3M4	PIK3AP1										
Q5E9A4	RAE1	7771700.0	3917880.0	3687840.0	4987280.0	3392650.0	3775740.0	6511150.0	4765740.0	5182150.0	7891420.0
Q28104	COPE	9883070.0	3879180.0	4338930.0	7525850.0	3807090.0	4464930.0	7972670.0	8416120.0	8419310.0	11468100.0
P00586	TST	641486.0	1114320.0	665112.0	191342.0	4848430.0	2001560.0	527612.0		1603430.0	
A0A3Q1LT00;F1N196	TBC1D17	51575.0			80274.7	116415.0				69262.9	
P30535	TSPO	98538.9		87036.9		129808.0					
G3N1L5	SLC9A3R2	217886.0	715603.0	693971.0	193889.0	783347.0	1024640.0	277224.0		523269.0	200930.0
A0A3Q1MA79	LAMA5	1975270.0	461933.0	1940050.0	2807540.0	1160150.0	788295.0	1177330.0	1920110.0	729489.0	979637.0
Q1LZA3	ASNS									20488.2	
P02510	CRYAB	1461760.0	1313380.0	1217330.0	2008280.0	861855.0	955067.0	1203330.0	4667050.0	1652090.0	1182080.0
A7MB80	GTF2I	1236200.0	405984.0	801594.0	1100800.0	930971.0	953193.0	812210.0	1076290.0	685709.0	951691.0
P46196	MAPK1	670741.0	292430.0	748593.0	481954.0	1119830.0	385162.0			462369.0	
Q3SZK1	AAMP		100142.0			334670.0	224639.0			149447.0	
A0A3Q1LFC5;A7Z066	CANX	605443.0	1516970.0	882493.0	534430.0	2710700.0	1405120.0	581093.0	577221.0	1245970.0	
Q8MKF0	LLGL1					177547.0				96676.2	
P06868	PLG	6520750.0	10411800.0	6803680.0	6384340.0	8846530.0	7116530.0	7583390.0	5348130.0	6110650.0	6512390.0
A7E350;E1B726	PLG		478117.0		259381.0	211519.0				267563.0	
E1B970	GOLGA3	396028.0	176696.0	389368.0	322129.0	442818.0	349806.0	715636.0	319114.0	256342.0	575512.0
Q95KU9	IKBKG	181426.0		191430.0	199993.0	229692.0			199867.0	173564.0	149298.0
E1B860;M5FK49	IFT140	83333.2			228348.0	165747.0					
A0A3Q1NFZ7;E1B7Q3	LAMC2	456231.0	146231.0		343164.0	251568.0		178499.0	400911.0	227393.0	479540.0
Q3T132	LAMTOR2	266969.0	615318.0		252412.0	189063.0	304561.0			544445.0	135977.0
Q95115	STAT5A				945215.0					616721.0	
Q95M18	HSP90B1	14677700.0	20015800.0	15058100.0	7235190.0	32686100.0	21570200.0	10170400.0	7382610.0	25713400.0	3742960.0
A0A3Q1N0N9;E1BMP2	SEC31A	2869380.0	2201800.0	1745030.0	2730910.0	2589180.0	3156200.0	2896230.0	2448040.0	1895780.0	3207330.0
Q32KU8	NUDCD2	309670.0	292556.0	503241.0	482839.0	166610.0	136032.0	247962.0	247380.0	491100.0	185128.0
Q3ZBQ0	SIRT5				21894.0						
Q3ZBL4	LZTFL1			159484.0		113481.0				75784.0	
A0A3Q1NGX5;F2Z4E7	ILF2	1129940.0	509506.0	660513.0	603221.0	849977.0	445970.0	551131.0	353200.0	1107100.0	530575.0
Q2KJC1	CDC5L	287868.0	821023.0	871403.0	370623.0	874680.0	1101250.0	612513.0	630303.0	539087.0	
F6PXG2;Q32LN4	CFAP45										
Q32L09	SHFL	227433.0				287407.0	460845.0			370358.0	
Q32PC7	OTOR										
Q3SZK8	SLC9A3R1	264300.0	109820.0	367797.0	177865.0	183194.0	145476.0		2388970.0	279711.0	
Q2HJ97	PHB2	255408.0	991032.0	540805.0		713719.0	682937.0	1135510.0	339583.0	499303.0	402443.0
P12763	AHSG	726803.0	274131.0	1618050.0	1367670.0	227108.0	510420.0	1470180.0	2641430.0	981409.0	770463.0
F1MWK8	PTK7	547668.0	277543.0	670753.0	470665.0	706376.0	463054.0	429051.0	695832.0	668735.0	422664.0
Q08DB4	CPNE1	1143880.0	929033.0	1549910.0	844775.0	1083310.0	1058000.0	1051130.0	914055.0	1300810.0	647285.0
Q28178	THBS1	718843.0	988853.0	678546.0	674159.0	737538.0	942977.0	532104.0	191010.0	539189.0	227971.0
A0A3Q1LP30;A1A4P0;F1MLK1	RSF1	302800.0	208687.0	279894.0	115387.0	472030.0	252927.0	376798.0	183008.0	220508.0	315582.0
F1MWU9	HSPA6	10498800.0	9393010.0	10959300.0	9154290.0	8766370.0	8954350.0	11478100.0	10067700.0	10646500.0	6246400.0
Q9N2I2	SERPINA5	260092.0	229903.0		298442.0	498208.0	292545.0			330321.0	
F1MC70	CCDC170										
F1N6I9;Q2KHZ0	TRIOBP	4291020.0	1500620.0	3806450.0	3153940.0	2632320.0	1833530.0	3077480.0	4119740.0	3094890.0	2110180.0
A0A3Q1M3I7	PPP1R9B	226309.0	187862.0	136011.0	156287.0	254499.0	176824.0	106563.0		335785.0	
Q58DN7	ACSF3	147787.0		360463.0	48833.0	109619.0	266301.0		545930.0	155261.0	
Q0IIF7	USP14				32970.3					118053.0	
Q3SX36	TFG	2068300.0	658126.0	684255.0	3111640.0	1041300.0	661646.0	1574370.0	702549.0	1979000.0	674415.0
E1BC59	PPP1R12A	3258500.0	1418180.0	1287840.0	3199340.0	1547790.0	1622620.0	3465880.0	1492450.0	2329240.0	4861060.0
A0A3Q1MK89;E1BCF0	PIBF1					50932.4				105826.0	
F1MMB4	CROCC2	2450920.0		418544.0		148510.0			277002.0		
A0A3Q1LR26;A6QPY5;Q6XD34	USF2	1106570.0	501221.0	1713340.0	513060.0	485231.0	747065.0	917356.0	2041000.0	610916.0	1310390.0
G3MWG4	IARS2				230812.0			135833.0		65238.9	
Q3SYZ8	PDLIM3	181923.0		277780.0	714287.0	173774.0				208469.0	
Q0P5A2	COQ5					102452.0				141031.0	
A5PKI6	CC2D1A		85036.4		98600.4	91599.9	48099.2				
A0A3Q1LVS2;A0A3Q1M2E2	KTN1	405661.0	136905.0	268091.0	336797.0	387195.0	236702.0	267591.0	172025.0	207725.0	
Q08DN8	FLOT1	427174.0	520344.0	451628.0	596653.0	688791.0	555760.0	536564.0		545345.0	
P05630	ATP5F1D	204438.0	1982710.0	3057780.0		240679.0	722814.0	354784.0	2409140.0	774737.0	599841.0
A0A3Q1LIQ1;A0A3Q1LUL8;A0A3Q1MW55;F6QVZ7;Q2KIY8	MBD1		241752.0	324231.0		186601.0	268031.0			157759.0	
F1MJB0	FILIP1L	354264.0	234593.0		452786.0	151774.0			419684.0	337897.0	254100.0
P62958	HINT1		125024.0							200459.0	
A0JNH6	CCDC102A	460640.0	169341.0	428637.0	444581.0	99975.7			446050.0	295853.0	169650.0
F1MJQ4;G3N2F2	P4HA2	440916.0	807045.0	158440.0	510516.0	296134.0	253987.0		271824.0	915749.0	170193.0
F1N429	SESTD1				360770.0	296817.0				260928.0	
Q5XQN5	KRT5	7834120.0		3089290.0	3728230.0	3291040.0	4456010.0	5529410.0	2687300.0	2950160.0	6004430.0
Q3SWY7	SF3A3	728303.0	1277410.0	486628.0	379947.0	1861670.0	1223940.0	569480.0	682844.0	1629350.0	203152.0
P26884	FKBP3		520054.0			183855.0	454995.0			132122.0	
A0A3Q1MM55	G6PD	2303660.0	1433560.0	1850960.0	1923340.0	5913060.0	3445670.0	2016610.0	1327740.0	2717060.0	977657.0
A0A3Q1LNT8;A0A3Q1MU61;F1N6P6	EML1	598837.0	922857.0	493878.0	300278.0	253196.0	772955.0	2032160.0	463725.0	201343.0	1248380.0
A0A3Q1LSL4;A0A3Q1N4K8;A5D9E1;E1BE76;F1MBV6;Q3ZCA8	TPD52	50398.6			374091.0	259014.0		83392.6		51482.2	111129.0
A0A3Q1LZ16;A1A4K6	UNK										
Q08DC0;Q8HZY1	SERPINE2		103601.0	641021.0	474834.0	201837.0	131133.0			95469.7	
Q28024	GNG12										
P12344	GOT2	941666.0	3840680.0	873112.0	395896.0	2303120.0	1357140.0	122604.0		1626070.0	
F1N690;V6F7T1	DLAT	271274.0	447189.0	469950.0	385861.0	292475.0	263965.0	253893.0	214129.0	526398.0	
A6QLY4	ISOC1	586537.0	380701.0	607740.0	365262.0	312189.0	414518.0		420435.0	674186.0	
Q148F8	HSPB6	9942810.0	7454730.0	8505570.0	13526500.0	4780850.0	5864210.0	8146940.0	7990630.0	13368600.0	9765830.0
A8E4Q5	GAS2										
F6RBS0;Q0VCH9	GLIPR2			154978.0	69662.8	81481.9				40043.0	
Q3ZCK3	BPNT1		65903.5			30038.3					
G3N3P0	BICD2	400344.0	67521.0	181173.0	297846.0	198441.0	78545.9	97026.6	450499.0	389161.0	187481.0
E1BHM5	RBM25	1277270.0	671993.0	1099490.0	1391500.0	787358.0	703595.0	1271220.0	975611.0	925604.0	976225.0
F1MVC0	CAD	856219.0	350646.0	649983.0	809210.0	521254.0	695347.0	825216.0	1107050.0	383809.0	546158.0
F1MLX9	GDA				208770.0					146264.0	
A6H797	MLEC	545561.0	1947650.0	1752920.0	401265.0	1552510.0	2641670.0	3479040.0		593636.0	
P80724	BASP1									381943.0	
A6QQ21	COPS6	1114270.0	628843.0	819510.0	797257.0	675924.0	720636.0	436163.0	620557.0	2491360.0	317111.0
A0JNQ7	CLPS	718591.0		2959600.0	4783700.0	281706.0	113900.0	113562.0	4208740.0	1260890.0	1054690.0
A0A3Q1NI32;E1B7W1	THRAP3	550378.0	998040.0	1287730.0	763907.0	1079940.0	1182570.0	585556.0	781773.0	421915.0	233562.0
Q5BIN2	SMARCB1	1370720.0	1205610.0	1228530.0	944189.0	941363.0	1168010.0	1074820.0	2036950.0	915558.0	1085430.0
E1BM48	PRPF31	305864.0	555896.0	414446.0	258365.0	849369.0	871100.0		244508.0	385462.0	2450630.0
Q2T9U2	ODF2			194443.0	83972.1	170975.0			353797.0	91416.1	
P33072	LOX	15524100.0	9287570.0	5925600.0	13119000.0	2551910.0	4770950.0	8597670.0	9406840.0	8699540.0	4750610.0
Q9TU47	EIF6	3846890.0	3272050.0	2534210.0	3824760.0	2677760.0	2060310.0	2029150.0	2769020.0	5058230.0	2581890.0
Q9N2I8	TXNRD2	213193.0	659212.0			348881.0	481555.0			324684.0	
F1MM88	NEK9	203290.0			183596.0	225576.0				142344.0	
P38447	ENDOG	287298.0	323143.0	274695.0	182327.0	483467.0	582136.0			328208.0	95893.4
Q3T0S6	RPL8	890244.0	1139320.0	958748.0	866730.0	610889.0	1057440.0	366359.0		453717.0	799046.0
A5PK20	H1-12		262503.0			127975.0	355436.0				
E1BJA2	AIFM1	487374.0	834470.0	680929.0	336290.0	916758.0	558920.0			770122.0	
Q3T101	IGL@	13899000.0	65928900.0	54753500.0	16735300.0	17198000.0	92345400.0	31447100.0	30470300.0	77497400.0	19290500.0
Q58DQ3	RPL6	1060130.0	2709290.0	2589440.0	2579940.0	825608.0	1922330.0	979015.0	1645130.0	1304250.0	1511630.0
A4IF63	TRIM2		71535.1	287281.0		197717.0	183361.0			172106.0	
A0A3Q1MA07;A0A3Q1NLS8	SERPINB5										
A0A3Q1M2I5;F1MC11	KRT14			823442.0			203205.0				105170.0
A3KN51	TSG101	212637.0			106521.0	242934.0	83600.6			132266.0	
Q5E983	EEF1B	7585530.0	5773660.0	5740630.0	1289590.0	5756800.0	5412440.0	3670960.0	9688250.0	10342100.0	2261960.0
A5PJL8	C1QTNF5	670218.0			619623.0	216965.0				130582.0	
Q95117	FRZB										
Q2TA14	PRCP	39377.0				167677.0				99106.2	
A0JNC0	TMOD1	108764.0	418908.0	487127.0	123809.0	212067.0	383875.0			388855.0	
Q0VCK5	AP2A2	308819.0	227263.0		263403.0	276505.0	186395.0	171173.0		197256.0	
A0A3Q1LS67	ECH1	742045.0	622978.0	913141.0	545349.0	833356.0	806337.0	515240.0	258198.0	855957.0	548028.0
Q2NKU4	CARHSP1	139085.0	149324.0	164118.0	110914.0		93108.6			180191.0	
F1MH71	PHF2	129137.0	238023.0	220194.0	174023.0	301986.0	289629.0		89788.8	166644.0	
A8E4N3	RSPH3										
A1A4P5	PFDN2	8374810.0	3633560.0	4961630.0	5626460.0	2367280.0	3491710.0	7148130.0	5495170.0	4854980.0	10501000.0
Q32L47	ERP27				460780.0						
Q58CQ2	ARPC1B	43263.7	279423.0		90498.5	191511.0	143911.0			107903.0	
P17697	CLU	9180840.0	3334250.0	8546520.0	24718900.0	5253570.0	3105180.0	7367570.0	4438000.0	5682950.0	7028300.0
Q2TA42	ARGLU1		530570.0	541081.0	155616.0	346307.0	466889.0	137879.0		279444.0	
Q2TBP4	POC1A										
A0A3Q1LHA3;F1MVL2	ACADS					326199.0				231842.0	
Q5EAD4	ACADSB	1913530.0	2304830.0	2606280.0	1310880.0	4813000.0	2515790.0	1263530.0	1606500.0	3157690.0	1184320.0
Q2KJE4	ETFA	621746.0	1336460.0	626957.0	426240.0	908720.0	1005710.0	382997.0	388563.0	1349300.0	
Q0VFX8	CRIP2	790992.0	1101360.0	1442380.0	809483.0	934579.0	732180.0	533169.0		994713.0	559755.0
A0A3S5ZP61	PSMD10	114841.0				223929.0				344452.0	
A0A3Q1LNI4;A0A3Q1LQ56;A0A3Q1LQJ1;E1BET5	ITPRID2		223319.0	166172.0		346031.0	420435.0			173915.0	
E1BAJ3	CCDC40										
P12378	UGDH	523021.0	397285.0	465865.0	395317.0	877737.0	657258.0	248176.0	388479.0	987303.0	
A4FUE2	ABCF3	187814.0			230153.0	147471.0				372651.0	
Q58DA7	GLRX3	150903.0				49229.7				165529.0	
Q2T9V8	DTD1		107512.0	241697.0		443654.0	273519.0			48778.7	
A0A3Q1MSM5;Q17QZ0	PAK4	505096.0							3717100.0		684002.0
A0A3Q1MAI5	TPD52L1										178239.0
Q3T0F9	GRB2		525076.0	486173.0	293858.0	173458.0	463473.0	439893.0	673907.0	495853.0	
A0A3Q1MSS8;Q0VD04	KRT85	270999.0		113879.0		366421.0		42310.4		210104.0	
A0A3Q1MQ76;A7YW40;E1BC98	SUPT5H		67820.6		27377.0	140584.0	128463.0			39786.1	
Q58D08	PYCR3	10882000.0	2982710.0	12445000.0	17059200.0	6747760.0	4358790.0	6952750.0	15836200.0	22637600.0	7872610.0
Q5E9L6	STK4	68649.9			45572.0					98761.3	
Q3ZCK9	PSMA4	4020000.0	2484210.0	2045340.0	1908120.0	2056990.0	2316250.0	3126910.0	2528150.0	5001550.0	2667680.0
Q3ZBW7	MTFR1L	197025.0	224124.0	327916.0	197133.0	96441.5	110556.0	158851.0	424381.0	281681.0	
Q24JY8	CDKN2AIPNL	1704850.0	869011.0	318545.0	1360930.0	237167.0	465197.0	1423360.0	1214940.0	1211200.0	2060930.0
Q04467	IDH2	3227740.0	5488490.0	3913510.0	1528380.0	13006200.0	6589150.0	2575420.0	1097700.0	4863630.0	672687.0
A0A3Q1LQZ9;A0A3Q1ML76;A0A3Q1N835;F1MNI1;V6F971	CEP164										
B0JYQ0	ALB	24004.7			139433.0		224352.0				
Q2TBP0	PSMB7	144009.0	127278.0	180025.0			141520.0	37601.2	352376.0	391250.0	
E1BB17	HNRNPH3	5295660.0	4759650.0	2955150.0	8812490.0	2228040.0	2305320.0	4414580.0	1658910.0	9143010.0	4133370.0
Q3SZF3	HNRNPH2	2140560.0	1711750.0	1675280.0	3868800.0	1003360.0	1368000.0	1886540.0	2137870.0	3431590.0	1922870.0
P00570	AK1		140875.0		72796.5	86147.9		67502.6		129135.0	
Q9TU03	ARHGDIB				121642.0	97876.0				263537.0	
Q02827	NDUFC2	149874.0	107626.0	356365.0	188072.0	192873.0				118862.0	
E1BNC9	ANK3		357608.0	427924.0		528437.0	421505.0			177352.0	
F1MC48	IQGAP1	2175850.0	1710780.0	2877430.0	1733840.0	3724420.0	3731420.0	3702320.0	1251130.0	1533910.0	2666180.0
A0A3Q1MIW9;A0A3S5ZPM7;Q0IIG0	NOLC1		160962.0		56028.5	93790.8	153639.0			97429.6	
Q0P592	FN3KRP		371751.0			198369.0	291366.0			167617.0	
Q3MHX3	RBM4	6913720.0	4503280.0	3955230.0	7836450.0	2487760.0	3221570.0	5881610.0	6332090.0	8276650.0	6208950.0
A2VDU0	TRIP10	1225110.0	734178.0	1066670.0	776667.0	922604.0	1103050.0	875760.0	740604.0	1382300.0	573061.0
Q0VCU1	ACO1	809746.0	1488570.0	956753.0	766088.0	2641550.0	2277640.0	332906.0		1094070.0	2668360.0
A0A3Q1NNG9;A4FV44	FCHO2	213600.0	187471.0	242842.0	95665.5	182751.0	215644.0	54914.2	240993.0	215722.0	
Q3T0F5	RAB7A	351360.0	604531.0		484153.0	466322.0	443286.0			447103.0	
Q3SZ11	RPA3	6724160.0	2641940.0	2351300.0	10115300.0	2172930.0	2736860.0	8151810.0	2542270.0	6641700.0	8416960.0
A0A3Q1M8F1;A0A3Q1NM48;A6QLS4	NDE1										
A0A3Q1LQI2;A0A3Q1N1V9;E1BDZ5;G3N184	NDEL1			205467.0		304435.0					
F1MYN2	CGN	610649.0	308572.0	699748.0	870227.0	829993.0	380094.0	921952.0	172169.0	477281.0	458343.0
Q32P66	CZIB	171498.0	103017.0		232393.0	199595.0	170413.0			332248.0	
A0A3Q1M1N1;A0A3Q1MDU8;A0A3Q1MS46;A0A3Q1N4B7	DMD			519603.0	47966.5	192686.0				40327.6	
A0A3Q1LYE0;A0A3Q1LYL2;A0A3Q1MHE3;A0A3Q1MI69;A0A3Q1N7U4;F6Q5U0;Q148I4	ACOT7	447742.0		81723.9	440844.0				211528.0	393468.0	176081.0
A0A3Q1LZ53;A5PJL4	RPS6KA3				61287.1	101460.0				100004.0	
Q2T9X8	SPICE1			180320.0							
A6QR01	LRRC47	188528.0	429988.0	387739.0	213600.0	537111.0	551514.0			250776.0	
F1MHV4	CTSW		273780.0	324773.0	168761.0	377109.0	352265.0			108124.0	
A7YWH5	DKC1		139846.0	54578.3	32865.4	222314.0				36518.2	
O97764	CRYZ	401424.0	1294600.0	477225.0	575462.0	702345.0	639272.0	540317.0	560240.0	872807.0	199766.0
Q5E9K2	MED22	890781.0	572295.0	897798.0	616205.0	406265.0	737823.0	718954.0	1087010.0	1153600.0	967336.0
P00428	COX5B	1543200.0	3674400.0	2162950.0	787230.0	1462810.0	1587940.0	1327260.0	1766400.0	2645570.0	1075510.0
Q3B7L8	RBM22		198443.0	271016.0		268167.0	268458.0			191212.0	
Q3SZA0	COPS4	1478580.0	460767.0	810634.0	979304.0	749462.0	412099.0	534407.0	1097770.0	2107530.0	425165.0
Q08DK5	SH3GLB2	325060.0	343859.0	283960.0	306443.0	460650.0	559849.0	309096.0		325750.0	137638.0
P17690	APOH	4604890.0	14167700.0	6069750.0	5034050.0	5647330.0	9098750.0	4821250.0	3393490.0	10087700.0	2595790.0
Q5E9X4	LRRC59	103469.0	482329.0		57750.7	468032.0	493593.0			253792.0	
Q2TA49	VASP	1644840.0	3582220.0	1756570.0	1657590.0	1251510.0	1741870.0	1973270.0	1475400.0	1135640.0	2345440.0
P01045	KNG2	438394.0	129708.0	39157.2	619325.0	239820.0				175504.0	306294.0
A6QNY4;F1MH34	STAU1	42847.0	180249.0			131087.0	124675.0			129948.0	
Q0VCV0	RPA1	1353660.0	416748.0	468239.0	850846.0	1170380.0	648462.0	527177.0	954225.0	835634.0	810502.0
P68252	YWHAG	4547500.0	4844490.0	6070460.0	1896120.0	16935600.0	10465800.0	4053720.0	2774330.0	5609100.0	2226770.0
P11178	BCKDHA	732305.0	699809.0	744659.0	849929.0	482006.0	369448.0	449982.0	563511.0	932703.0	376296.0
Q2HJ89	FKBP10	1877970.0	1183510.0	1036260.0	1098740.0	638082.0	579828.0	1056480.0	2679330.0	1918170.0	402936.0
P62194	PSMC5	1300620.0	1202090.0	1251790.0	1084620.0	1254490.0	1015240.0	852084.0	1426150.0	1912170.0	586403.0
Q59A32	GART		6663390.0			127139.0		9647650.0			
A7YY28	ABHD14B	255766.0	239009.0	270730.0		285835.0	256310.0			121512.0	
Q2KJH6	SERPINH1	26354000.0	42205200.0	8577710.0	23060900.0	10486500.0	16438300.0	7683940.0	22030800.0	35945100.0	13331400.0
A0A3Q1M8K4;E1BFQ6	ITGA6	886620.0	830785.0	994254.0	1042090.0	1604410.0	1328780.0	2255140.0	1215260.0	751596.0	1269770.0
A0A3Q1LMS2;A0A3Q1LSW3;A0A3Q1MIV9;F1MFP1	SPATA5	183019.0	134295.0		131154.0	156508.0	99776.7	81192.4		190591.0	
A0A3Q1MQX0;A6QQT1;F1MHQ8	THBS3			107109.0	432460.0						
A0A3Q1MTI5;F6QS88;Q17QK4	EPHX2	184443.0				248638.0				244068.0	
A4FV09;F1MLD0	PANK4				636215.0	151709.0				120384.0	
F1MUP3;Q32PD3	SEC62		46955.1			88710.9				19408.8	
Q3SZ73	ABHD11	622983.0	1306230.0	973725.0	247386.0	1199640.0	1165640.0	608933.0		936846.0	
F1MUZ0;Q3T0K6	EBNA1BP2										
P33046	CATHL4	234623.0			211931.0					462137.0	1904760.0
P22226	CATHL1	2891100.0	1119090.0	1641170.0	1733940.0	526640.0	1858140.0	2811800.0	2599070.0	4846510.0	10034200.0
P19483	ATP5F1A	6483470.0	16215900.0	8387200.0	4875410.0	11749600.0	9547220.0	4172630.0	3352070.0	12505800.0	1459880.0
Q1RML6	TRNT1				22698.4	77169.4				75964.3	
F1N3P2	USP5	475074.0	82725.1	542415.0	358355.0	555045.0	215123.0	533848.0		702502.0	
Q24K16	ZADH2	1612180.0	1544020.0	1648620.0	1182970.0	1114340.0	1407690.0	748727.0	2438750.0	1470600.0	
E1BC52	CFAP418										
Q3SZN8	RNH1	2357790.0	1411280.0	2214330.0	2368840.0	2876330.0	2043590.0	1080210.0	913763.0	2687090.0	924098.0
E1B828	LEMD2	85693.7	886480.0	653558.0	350527.0	837801.0	630702.0			215086.0	
E1BDF2	SHARPIN	323292.0	59205.4		206592.0	125197.0		43314.8	243769.0	232777.0	72568.3
Q0VCR7	MTHFD1L					125913.0	67954.8			178050.0	
Q58DU5	PSMA3	2389030.0	1004550.0	1462070.0	1025910.0	1097040.0	985212.0	1299170.0	1190500.0	2343430.0	1396150.0
Q2HJH9	PDCD5	373041.0	118801.0		320302.0	296158.0	139456.0			249949.0	
Q58DL9	PLTP										
Q08DU9	HP1BP3	528564.0	2999590.0	869076.0	752043.0	2414050.0	2304350.0	782007.0	343910.0	466106.0	330008.0
E1BLS8	EMILIN1	15207800.0	4492330.0	12681500.0	22708300.0	11520300.0	9038660.0	16575600.0	11237300.0	6924560.0	9486780.0
Q8HZJ5	RAB27B										
E1BIE7	PGAM5	238810.0	282329.0	258206.0	142324.0	306376.0	91084.8			378696.0	
A0A3Q1LTC6;A0A3Q1N7I1;A5PJP8	MAP2K4										
A0A3Q1MNT5;F1N6V4;Q3ZC43	EXOC7		228785.0			252404.0	303901.0			179904.0	
Q29RK4	RAD23B	881887.0	357095.0	599252.0	1501580.0	592064.0	419782.0	568544.0		829255.0	709827.0
A6QLT9	AARS1	295112.0	159309.0	251128.0	116344.0	375992.0	288484.0	180589.0	315904.0	328553.0	172872.0
Q08DY5	NRBP1	793988.0	112855.0	421594.0	453827.0	257507.0	157532.0	272075.0	704225.0	565317.0	280781.0
A0A3Q1LYE2	COPZ2	141487.0			295589.0	158942.0				99921.2	
A1A4I9	UFL1	260898.0	314655.0	266722.0	164502.0	526532.0	342711.0			360665.0	
Q2NL05	KIF2A	107475.0			73394.6	188859.0	168795.0			159460.0	
P81948	TUBA4A	39438300.0	9063210.0	24412400.0	29327500.0	22449900.0	13208500.0	17039800.0	21556300.0	20276300.0	13514300.0
A7E3Q8	PLS3					302942.0					
Q3T105	GALE	124335.0				22415.9				107051.0	
E1BE98	XPO1	89004.0		130339.0	104861.0					89702.5	
F1MG93	CHRD			418614.0	378861.0	265955.0	378249.0	382686.0	299658.0		
A5PK00	VPS36	101523.0	214339.0	266995.0	131190.0	275179.0	344124.0			287598.0	
Q3MIC0	RPL37A		404705.0		125323.0	53770.5	101640.0			60434.5	
A0A3Q1LVQ8;A7YWH2	ZRANB2		461506.0			620113.0	670812.0			165787.0	
Q32PI5	PPP2R1A	2735660.0	2502690.0	3825920.0	1394910.0	4749710.0	3790130.0	2420540.0	2017510.0	4649460.0	6398840.0
A7MB98	ZFP36L1	877247.0	1188310.0	1333440.0	764714.0	262771.0			737126.0	1178910.0	
Q1JP65	ZFP36L2									164850.0	
Q05B62	SNX1	527213.0	251198.0	466989.0	470212.0	787984.0	453584.0	292190.0		471314.0	
F1MR63;Q3T0V2	ACY1	25643.6				48154.6	63522.8			115248.0	
Q32PD7	COPS9	53466.9		49439.8	31320.2		54072.5			26228.3	
Q2TA40	NAP1L4	941555.0	1512850.0	1032440.0	415162.0	2999050.0	2797690.0	951974.0	532377.0	931142.0	394672.0
Q8HXG5	NDUFB11					96812.6				105010.0	
A1A4K8	U2AF1	2920110.0	4374770.0	3772150.0	1495260.0	2798250.0	3926270.0	1748300.0	2592180.0	2926290.0	1151830.0
Q5E9D5	DSTN	673617.0	869355.0	732534.0	1153890.0	1135840.0	1120970.0			1097180.0	197357.0
Q3MHR3	DYNLL2	4088880.0			3328670.0	1823100.0				3270460.0	
Q0VCP1	AK4	179266.0	238809.0	243000.0	102776.0	243234.0				458818.0	
A0A3Q1LUY6;E1BEN4	GMPPA	62971.2	172198.0			98953.9				209329.0	
F1MD34	NIBAN2	548220.0	334832.0	399282.0	396155.0	839799.0	888975.0	570850.0		259730.0	399196.0
E1BLV6	VARS1					33945.5				52720.5	
Q3T0J9	GNL3L	237948.0			165674.0					68655.8	
A1L523;F1MS45	CPNE2			279276.0	288118.0	152008.0			244052.0	262081.0	
A6QQ70	MAP1S	446880.0	776126.0	553084.0	332542.0	769145.0	935313.0	492573.0	387302.0	325319.0	160231.0
E1BBC6	P3H3		423215.0	223881.0		131972.0	370059.0	99451.7		192102.0	
Q29RI9	MAT2B	14280300.0	3836560.0	4719510.0	8598900.0	3905640.0	4077830.0	7814810.0	5645620.0	8672890.0	10026600.0
E1BAZ9	EXOG					75921.1				100067.0	
Q5E9F7	CFL1	2311090.0	3773480.0		2593440.0	2005240.0	2313810.0	1996610.0	1042440.0	3576330.0	
Q3T0A3	CFD		54412.3		16083.6					15462.2	
Q3T0S5	ALDOB		286347.0							43960.2	
E1BNE2	CAND2										
A0A3Q1LXQ9;A0A3Q1MED6;F1MMW4	AKAP8L	452678.0	253713.0	686358.0	530267.0	506690.0	220280.0	378888.0	986753.0	488704.0	
F1N1T3	PALM2	248661.0	297041.0	781908.0	281416.0	329180.0	275775.0	285539.0	590233.0	237160.0	219254.0
F1MET0	PLOD3	642280.0	1284350.0	427113.0	350364.0	569027.0	619500.0		514834.0	1135100.0	
Q2HJB8	TUBA8	340377.0		378464.0	275282.0	352243.0				440592.0	
Q0VCJ2	APIP	450677.0	1768180.0		286734.0	136446.0	2264080.0			227880.0	
P33433	HRG	9364260.0	3174230.0	6016290.0	7497070.0	7613190.0	9381800.0	12107700.0	12832500.0	8576620.0	11068000.0
Q2KIF1	GATC										
Q2TBW7	SNX2	1053440.0	641594.0	942288.0	906503.0	1150890.0	951272.0	827729.0	1129980.0	987601.0	727514.0
Q6B858	FANK1										
A0A3Q1M241;F1MJ80	NAMPT			423373.0		478701.0	282601.0			232943.0	
Q5EA19	ARL15	207947.0	70292.3		218534.0	194355.0	36971.5			308636.0	
P21809	BGN	556693.0	1209150.0	1331770.0	797422.0	1810230.0	2380150.0	760187.0	502553.0	480087.0	136151.0
A7MBC5	IARS1					60793.4					
Q7YRC1	AIP	95819.7	109207.0		72720.2					229236.0	281247.0
A6QNX2	DPP7	53821.5			94511.0	74981.0	81810.5			128447.0	
E1BJL9	CFAP210										
E1BBV1	RSBN1					103186.0					
A0A3Q1MUH5;F1MVW1	ZNRD2				702460.0					695219.0	
A8E645;F1MZY2	GFPT1	86230.3								185211.0	332772.0
Q3ZBS7	VTN	3976150.0	3933240.0	11655000.0	16625700.0	5925460.0	4257560.0	4812860.0	5358360.0	5948120.0	3525780.0
F1MU62	CPSF7	1520990.0	932675.0	1009920.0	948485.0	1007680.0	1083660.0	1204270.0	1238460.0	1120170.0	1100980.0
F1MG74	DIPK1C			274533.0	36617.6			128809.0		34253.1	85373.6
Q28019	LTBP2		54818.7	8362880.0	80122.2	42094.7	4475360.0	5978020.0		15232.3	
A0A3Q1LJA9;A0A3Q1LTI8;A0A3Q1MQL1;A0A3Q1MU34;E1BPU9	PTPRM	123300.0								134799.0	
Q2KHW8	GEMIN6	563859.0	72734.6		350367.0	591792.0		1369330.0		553840.0	2760740.0
P68509	YWHAH	756951.0	712822.0	886636.0	366627.0	2751670.0	1440700.0	226578.0		995182.0	
Q3SZI4	YWHAQ	1348340.0	1238800.0	2654830.0	760931.0	4043420.0	2988440.0	877387.0	975503.0	1870950.0	607279.0
P68250	YWHAB	1713770.0	1618170.0	2189890.0	660512.0	7353020.0	4255890.0	1276490.0	578422.0	2290790.0	283197.0
Q2KJA1	SH3GL1	948671.0	1124020.0	1194350.0	805342.0	828141.0	1462200.0	1135870.0	1512740.0	863877.0	906844.0
A0A3Q1LMV9	EPPK1	417457.0	89290.4	220539.0		276165.0	252907.0	212476.0		156174.0	127470.0
Q17QR2	STAMBP									113509.0	
A0A3Q1M038;E1BDU0	NUP107	131817.0			142033.0	303298.0				155257.0	
E1BFT9	ANKS3									34475.6	
P79345	NPC2				191915.0						
Q8SPU8	DHRS4	300824.0	649584.0	417762.0	350679.0	1104670.0	652055.0	368636.0		795636.0	
P00921	CA2									29822.5	
P31408	ATP6V1B2	419276.0	817700.0	751922.0	306354.0	409271.0	416590.0	339428.0	604064.0	587874.0	376607.0
P22292	SLC25A11			108390.0		159747.0				126273.0	
A0A3Q1LMB5	AP1B1	102754.0				258178.0				245493.0	
P63009;Q08DS7	AP2B1	1043500.0	868032.0	822615.0	890382.0	1228800.0	1368810.0	1010790.0	687784.0	858206.0	934388.0
A5PJZ5	NUP93	166282.0	108926.0	159781.0	139987.0	260914.0	186037.0			139338.0	
A0A3Q1LLZ3	UGGT1		162680.0	158360.0	60764.4	197270.0	274054.0			103597.0	228955.0
Q05717	IGFBP5						47780.3				
G5E5M9	PI15	560127.0	1460700.0	2491740.0	2343390.0	2710120.0	1693300.0	755635.0	752087.0	869781.0	2249310.0
E1BKW5	SEC23IP	1321460.0	890696.0	964389.0	1082830.0	1161390.0	1260030.0	1433760.0	1004690.0	605856.0	1547590.0
Q5E9M1	ARL6IP5			144282.0		68174.1				34491.0	
F6R031;Q3T0J0	PAPSS1	543196.0	320598.0	141826.0	231643.0	316201.0	742359.0	381920.0		225747.0	344659.0
P98133	FBN1	4978880.0	255080.0	3689670.0	7261560.0	910695.0	630868.0	1095680.0	2096690.0	530431.0	1566830.0
F1MTZ4	FBN2	280212.0			466594.0	127955.0		495853.0			
Q28013	RASA3										
A0A3Q1LR42;A0A3Q1MUI7	NADK2	65904.4				91202.9				192048.0	
Q95L54	ANXA8										
P04038	COX6C										
Q9GL30	PLBD1	778182.0	797190.0	381155.0	1036920.0	822493.0	878474.0	656458.0	321297.0	923960.0	402615.0
E1BK71	PACSIN3		81398.9			184475.0	110719.0			38602.2	
E1BMD6	LPP	1540570.0	811999.0	1987690.0	1855450.0	1431100.0	970727.0	1547700.0	1955720.0	1078210.0	1487570.0
Q3SX26	TRIP6				272689.0					171845.0	
Q2KHU4	CLPP	265094.0	399724.0		207528.0	202208.0				332611.0	
P33545	DSC2										
P81127	NAPG					118282.0	306934.0			220713.0	
A0A3Q1MUF3;A4FUY8	IK	66535.2	303843.0	246672.0		427794.0	496224.0			157630.0	
Q32LC3	EIF1AX	235490.0	643524.0	278223.0	186046.0	710433.0	939943.0			339919.0	
A0A3Q1MAQ1;G3MWR4	ATP1B1					381852.0	308873.0			168224.0	
Q95116	THBS2			375630.0	951212.0					178468.0	
F1MGK3	ERLEC1		202576.0			88004.7				114539.0	
A5PKF6;F1MSW6	SMARCE1	377222.0	821180.0	1200560.0	349649.0	841116.0	1257530.0	523073.0	620535.0	505933.0	363523.0
Q3T178	VPS28	273266.0	449672.0	540727.0	243990.0	264544.0	394188.0		144052.0	412910.0	77991.4
Q17QE2	LMCD1	306368.0	304551.0		259274.0	365986.0	366887.0	500194.0		366978.0	270752.0
Q2NKU6	DPY30	2058060.0	1038860.0	1126860.0	955127.0	878609.0	1216280.0	1412140.0	882400.0	1378240.0	2311480.0
A7E3V0;F1MIE2;Q32PJ9	SQSTM1	1087790.0	661194.0	840695.0	958272.0	450217.0	391551.0			1136570.0	
Q3T035	ARPC3	1381800.0	1045220.0	969401.0	1014400.0	1416020.0	1038710.0	438258.0	561932.0	1060910.0	336741.0
Q3T0V4	RPS11	185246.0	680573.0	128676.0	224225.0	282741.0	250282.0			226524.0	100741.0
A6QLH5	ERI3									93937.0	
A0A3Q1LQ15	LRRC74B										
E1BLZ8	EIF3F	726210.0	1132290.0	752028.0	935417.0	981991.0	812870.0	549030.0	463419.0	1320380.0	494963.0
P61283	BANF1	122487000.0	40006200.0	33113700.0	183194000.0	33852800.0	43809600.0	129572000.0	41646300.0	54932600.0	155522000.0
Q2YDK0	FHL5	823766.0	204434.0	425988.0	610455.0	329554.0			606743.0	549569.0	173982.0
A5D7S7	LOX	604500.0	342926.0	91613.9	659379.0	60991.6	105001.0			465717.0	
Q28085	CFH	5319790.0	9898070.0	7641590.0	5849710.0	8318690.0	6571980.0	6400000.0	5610220.0	11926400.0	3735150.0
A0A3Q1ME43;A0A3Q1MLK2;A6QR08;F1MP10	GPS1	381426.0	530246.0	599579.0	197803.0	479146.0	679933.0	263794.0			
A0A3Q1LLV2;A0A3Q1LT89;A0A3Q1LZF7;A0A3Q1MPS8;A0A3Q1NK70;F1N7Q7	COL4A2	5778860.0	3602700.0	8687220.0	7355110.0	1906200.0	3672110.0	5694920.0	5980790.0	1692580.0	7933690.0
E1BN43	ANKRD28	90890.2			77112.3	57448.7				123721.0	
A0A3Q1MJY2;A0A3Q1MRA4;F1MFJ2	ANKRD44	155698.0								111406.0	
Q2KI95	FHL2	3050060.0	1290180.0	1924670.0	2557970.0	1039020.0	773705.0	1462750.0	2164290.0	1906680.0	1622750.0
Q2HJH7	MEMO1	80737.6	283195.0		133503.0	243122.0	132749.0			251782.0	
A0A3Q1LSQ0;A0A3Q1MSN1;F1MSQ8	TACC1	528130.0	228505.0	337866.0	358504.0	342965.0	407755.0	347105.0	294798.0	299144.0	754057.0
Q3SYU6	CNN2	456440.0	671752.0	247307.0	1207990.0	360717.0	1308290.0			639666.0	1165300.0
A6QLP3	PPP1R11	429878.0	49106.9				48375.0	167157.0		175985.0	259634.0
Q3MHN5	GC	22206300.0	4212060.0	7043470.0	12281700.0	6881710.0	4606340.0	10898400.0	11285000.0	17501000.0	15867000.0
Q32LE9	CSRP2	467621.0	1390440.0	901236.0	280076.0	807659.0	1294520.0	120888.0	344687.0	660803.0	151329.0
A4FUH6;F6QX08	TFF2	584968.0		3415530.0	12677100.0	112096.0			5630740.0	1814340.0	735114.0
P62992	RPS27A	3241990.0	2149020.0	2972790.0	2582600.0	2547080.0	1735040.0		2399490.0	1480090.0	
A5PK97	HAPLN3			356043.0	149695.0				188174.0	44162.4	
P53712	ITGB1	1380740.0	1308790.0	2365500.0	3125260.0	1812460.0	1336080.0	1558250.0	1789380.0	1222160.0	673358.0
Q5DPW9	CST6				527974.0					120212.0	
P01044	KNG1	8040290.0			5877160.0	4414820.0	2752980.0	5913530.0		3930100.0	
E1BHY6;Q2HJI6	GRN	1164700.0	182815.0	550554.0	1096040.0	494523.0	372433.0	290275.0		253418.0	
P07589	FN1	14316300.0	7449070.0	6376350.0	33640100.0	4610330.0	6199140.0	19497000.0	11433800.0	12710000.0	33399200.0
Q0P5D0	PPIH	11592700.0	6331520.0	5428640.0	6026030.0	3938930.0	4349130.0	7780590.0	6382570.0	11336200.0	10167200.0
Q5EA25	SRPX2	65502.5	208337.0		279778.0	246220.0	286125.0			102366.0	
Q6B855	TKT	3526630.0	7658030.0	5489940.0	2606550.0	5430600.0	7313620.0	2096040.0	2891180.0	6283520.0	1547730.0
Q5EA62	FBLN5	3469310.0	3435240.0	3196830.0	5476540.0	9090110.0	7716860.0	3058890.0	2619650.0	2336110.0	1234280.0
G3MWH7	SYCN	3043720.0	589712.0	24895600.0	85717500.0	2157580.0	1813740.0	3278190.0	33124400.0	13543400.0	3486370.0
Q2NL04	TAPBP	378556.0	277927.0	440483.0	196608.0	701410.0	502138.0			236721.0	
Q3T173	FHL1	326955.0	704728.0	533360.0	242659.0	422838.0	541337.0		329599.0	374901.0	176655.0
P98140	F12					81700.8					
A8E658	PPIG				89169.0	281418.0	252354.0	93988.9		87952.6	
Q2KIS7	CLEC3B	424164.0	3639530.0	2457570.0	402876.0	976320.0	1987680.0	239042.0	1418100.0	2351300.0	196623.0
A0A3Q1MBG4;A0A3Q1MGH1;F6R4Q6	RAVER1	381159.0	292323.0	294157.0	339233.0	427868.0	394077.0	327698.0		293902.0	398912.0
E1BKY9	CPOX	430220.0	137630.0	565646.0	264315.0	385301.0	292973.0	637916.0	535866.0	306244.0	305100.0
Q32L22	POLR1C	2281250.0	1044820.0	1376120.0	1197120.0	1034110.0	1074580.0	1658760.0	2300920.0	1689270.0	2337540.0
A7MBA7	XRCC5	176558.0	187951.0	312665.0	185789.0	436403.0	297584.0	114141.0		276490.0	
F1MKG2	COL6A2	24126200.0	5519230.0	24686400.0	47692800.0	11753600.0	16490000.0	26654200.0	21924900.0	8936060.0	28132000.0
P20811	CAST	197699.0	197885.0		152978.0			717534.0			
Q3T0Q6	CNBP	294095.0	404175.0	593806.0	270662.0	267529.0	305956.0			350541.0	
E1BPK6	MYO6	1205470.0	654175.0	1307130.0	679592.0	1137260.0	1552290.0	1369110.0	2082820.0	683054.0	2676930.0
A0A3Q1NEQ0	LOC525947										
A0A0F6QMJ3;F1MY85	C5	1035490.0	197559.0	715244.0	986927.0	802846.0	329006.0	493690.0	1026100.0	694002.0	475505.0
A6H772	PPP4C	232958.0	135765.0	248252.0		89672.7	115677.0		520552.0	209107.0	
Q2KJ32	SELENBP1	1307250.0	703898.0	1139740.0	1053500.0	751256.0	764354.0	826871.0	909410.0	957170.0	734452.0
Q0V8B7	MCM5		112650.0		265266.0	147303.0	183506.0		191946.0	127946.0	
F1MND6	THSD4	224675.0	171949.0	236993.0	609938.0	323476.0	583882.0	564883.0	289356.0	165564.0	456203.0
P27424	MFAP2	12869200.0	2588540.0	10442200.0	5628070.0	5658720.0	5995930.0	11979500.0	8170560.0	2383030.0	6330960.0
G3N1U1	CENPV	330994.0	2280230.0	1133320.0	316201.0	2255400.0	1726020.0	1173010.0	636338.0	605904.0	348510.0
Q0IIF0	ILKAP	580742.0	487216.0	606155.0	494215.0	747038.0	661131.0	464776.0	650498.0	496569.0	242635.0
A7MB62	ACTR2	1206150.0	994016.0	1031870.0	881797.0	2066870.0	1228720.0	1305090.0	738797.0	923488.0	852892.0
P80012	VWF	978493.0	818018.0	2255130.0	764068.0	1032730.0	1724950.0	581922.0		951041.0	
Q3T189	SDHB	2832390.0	5765860.0	4393200.0	1567190.0	4053440.0	3713930.0	2060130.0	2491540.0	3966810.0	1129950.0
Q3T147	DDX39B	3417360.0			1601930.0	3729730.0	2134200.0			1806550.0	
A1A4M0	TIMM13	626045.0	563143.0	434785.0	309529.0	520568.0	884289.0	617204.0		805374.0	654843.0
G3N0B5;Q3ZBE4	RAB34						611426.0				359902.0
Q0VCX1	C1S	211885.0	125872.0	133277.0	92427.7	189672.0	205973.0	220651.0		307167.0	
A0A3Q1LGM4;A0A3Q1M2A8;A0A3Q1MF14;A0A3Q1MIF4;Q32PI4	CFI	746215.0	1066730.0	1604530.0	855790.0	760212.0	737270.0	1078370.0	1492260.0	1143320.0	830729.0
Q08DA1	ATP1A1	1522190.0	958970.0	3115690.0	1546540.0	2566470.0		1161060.0		1617030.0	
A1XG22	RELA	641987.0	327074.0	679244.0	657661.0	731023.0	475564.0	619992.0	1252410.0	625194.0	
Q0VCN3	IFT27	301808.0	158664.0	92684.1	197570.0	71265.8	43764.3			493627.0	86880.2
Q3SWX3	NPEPL1	103930.0	215817.0			311293.0	196617.0			96548.2	
A6QLU1	GPD2	426647.0	206886.0	288224.0	358337.0	578035.0	324008.0	103592.0		600622.0	
Q3SZ59	RPL36A		1230150.0				630654.0			237800.0	
A0A3Q1M8A6;E1BHQ9	MCAM	844856.0	759698.0	956343.0	798911.0	1234960.0	756039.0	853646.0	617425.0	1106600.0	475573.0
P00735	F2	774324.0	1277580.0	2093730.0	1030070.0	1263600.0	1210940.0	1330680.0	965525.0	1330000.0	797638.0
Q3ZCH5	AZGP1										
F1MQ90;G5E6K6	FNBP1	80540.6	38413.8		71599.7	76855.2	173031.0			171989.0	
P42029	NDUFA8	308331.0	769671.0	490140.0	226785.0	297852.0	381420.0	170239.0		505146.0	
A0A3Q1M7B9;A0A3Q1MAC0;F1MSM9	FNBP1L	258971.0	508894.0	477388.0	293829.0	605704.0	639069.0	234274.0		382396.0	
A0A3Q1M891;F1MFK7	GALK2										
F1N4E5	TOR1AIP1	971136.0	1391950.0	1925190.0	929666.0	1850420.0	1607680.0			999605.0	
Q17QL0;Q58D87	MRGPRF			574620.0	100956.0	450344.0				77668.9	
Q2T9Q6	TEKT2					56248.9					
Q3SWX9	RAD21	253671.0	862145.0	843588.0	248957.0	1461400.0	1263840.0	478113.0	467052.0	436019.0	
O97680	TXN	619139.0	772328.0	556923.0	5548030.0	215478.0	2367770.0		1301610.0	2256390.0	1060200.0
Q17QJ7	PYCR2	462472.0	902750.0		401874.0	393482.0	752776.0			595905.0	
Q58DT4	PYCR1	554135.0	1074010.0		283715.0	466331.0	374517.0			859945.0	
P19120	HSPA8	33840100.0	16330300.0	15510900.0	24705500.0	17333900.0	14981800.0	21867000.0	27937200.0	32079200.0	18608100.0
A0A3Q1LSR2;Q2TBQ1	F13B	166034.0	249483.0		206379.0	141215.0	163527.0	661220.0		122852.0	587778.0
Q3SZJ7	LAMP2	1072450.0	625843.0	1061860.0	959834.0	556330.0	407248.0	577036.0	387366.0	891076.0	282849.0
Q3T0C8	PDLIM2										
F1MBQ0	DYNC1LI2	95279.8			139277.0	106269.0				163575.0	
Q2KII9	DYNC1LI1	312158.0	160355.0	256383.0	400269.0	257693.0				285665.0	
Q3SYW2	C2					141557.0				37178.4	
A7YY58	LTBP1										
P16368	TIMP2		228693.0	382135.0		328859.0	230956.0			232744.0	
P51122	ANP32A	469168.0	7833110.0	588322.0	246129.0	4045310.0	8852870.0	1699220.0	343028.0	503651.0	430329.0
Q0VCH0	ANP32E		1539350.0			360062.0	1402800.0				
E1B9H1	TINAGL1	49363500.0	19763400.0	69489300.0	56932000.0	18225500.0	18144900.0	49366000.0	46503500.0	24328200.0	38405400.0
F1N0A1	CCN5	3204080.0		7967400.0	9922150.0	2609210.0	3957580.0			2197460.0	
A0A3Q1LWZ4;A0A3Q1M5Y3;F6QIA5;Q2HJD8	RBM39	1054760.0	2080380.0	2114770.0	1398400.0	1266990.0	2709480.0	625732.0	1176090.0	1361620.0	1176840.0
P45478	PPT1	358078.0	845163.0		1344450.0	584574.0	436001.0			571852.0	
A0A3Q1LK80;A0A3Q1MMI6;A0A3Q1N3C1;A7MB30	EPS15L1	706300.0	135785.0	305719.0	564093.0	221126.0	136295.0	821757.0	264065.0	265764.0	584678.0
P34933	HSPA2	3848730.0	2499280.0	4563450.0	3553160.0	3717410.0	2608600.0	3129680.0	4274650.0	3837210.0	2266390.0
A0JNE0;F6QH10	SMOC1										
Q32KY6	DCTPP1	837822.0	267170.0		558775.0	177740.0	213715.0	606837.0	541660.0	442667.0	1227510.0
A0A3Q1ML77	CSDE1	431973.0	473679.0	410950.0	625425.0	189729.0	318262.0	213350.0	832536.0	630012.0	566326.0
E1BKM4	PDCD6IP	836628.0	441772.0	336187.0	1169290.0	805587.0	749565.0	902202.0	321296.0	585176.0	736460.0
Q3ZBI6	FHL3	2051780.0	1249100.0	370402.0	2546840.0	2090850.0	924919.0	644127.0	925029.0	1149110.0	805943.0
Q56K04	CRIP1	883987.0	1352180.0	1746980.0	570735.0	715485.0	986453.0	598207.0	1371430.0	1242010.0	689074.0
A6QNJ7	PGM5	746249.0	679673.0	1737670.0	837562.0	1968230.0	742290.0	412386.0	917564.0	759183.0	263266.0
Q3MHY1	CSRP1	531154.0	1812410.0	1041020.0	1042490.0	660960.0	1156850.0	373421.0	334820.0	765673.0	367554.0
Q2HJH6	SNRNP40	246775.0	604935.0	940516.0	352515.0	447963.0	380124.0	611013.0	897226.0	500505.0	1475970.0
F1MMH2	ITGA9			402863.0		339547.0				116625.0	
A4FUD9	MCM3		22334.4	158558.0		265848.0				186458.0	
Q56JZ1	RPL13	103158.0	1968810.0	729264.0	365745.0	377938.0	954415.0		645052.0	514490.0	
P61284	RPL12	772451.0	5356530.0	2650530.0	612018.0	2339620.0	1449730.0	74078.1	531864.0	1057630.0	
A0A3Q1LV64;A0A3Q1M008;A0A3Q1M0Q8;A0A3Q1M7L5;A0A3Q1MKH6	HSPA4L		32551.1	58539.1		74619.6				21211.8	
A0A3Q1M5H7;F1MPD1	MRC2	521523.0	587602.0	342948.0	536636.0	370124.0	261715.0	296355.0	315560.0	542989.0	
Q2TBN1	SMARCD1										
G3N3D4	KCTD12	1189550.0	152331.0	535083.0	918684.0	835806.0	542599.0	630652.0	218704.0	601169.0	160532.0
A7E307	DDX17	2015600.0	2711940.0	1922490.0	2370190.0	3576170.0	3390180.0	2556920.0	1445060.0	1966130.0	1710530.0
A0A3Q1LJU9;E1BL59	LTBP3				54927.0						
Q32PJ6	CIAO1	662054.0	298960.0		343955.0	825499.0				655928.0	
A6H7I5	DNM2	675666.0			405030.0	636652.0				498197.0	
A0A3Q1M5P1	GAS7	736291.0	463961.0	397474.0	541687.0	388132.0	567167.0	704171.0	585910.0	584421.0	846693.0
A0A3Q1LR08;A0A3Q1LTW5	DNM1	30422.3	25385.0		39087.2	68943.0				48343.0	
A4FV59	PHF5A	238473.0	1022950.0		180769.0	272059.0	255746.0			472822.0	
A7MB77	RBM17		139701.0		84250.7					54241.2	
Q5E954	DNAJA1	654436.0	939895.0	472501.0	425813.0	563272.0	633092.0		616353.0	1020320.0	177113.0
Q58DV0	PELO	286734.0	64696.6	477752.0	248286.0	244770.0	273906.0	89118.1	384813.0	458368.0	
Q5E9I7	WDR77	1259630.0	543694.0	573423.0	1023210.0	364890.0	331362.0	483550.0	1103310.0	1942100.0	397298.0
P02584	PFN1	596400.0	1020120.0	745034.0	1040200.0	566343.0	969956.0			826918.0	367422.0
A0A3Q1NNQ9;E1BGF3	HCFC1	439074.0	455320.0	719637.0	647169.0	793932.0	680531.0	377736.0	647050.0	489660.0	143794.0
E1BGE6	FBXW8	264288.0	416563.0	1949770.0	282376.0	283255.0	653350.0	1374540.0	261204.0	325064.0	
Q3MHE8	SRPRA	114342.0	69213.9		50539.3	89084.2				92063.8	
A0A3Q1M5N9	OLFML2A									139709.0	
Q3MHR5	SRSF2	3500630.0	8650230.0	6224510.0	3555780.0	11532100.0	18150100.0	4265770.0	1908910.0	4955370.0	1246480.0
A0A3Q1N4H7	TNKS1BP1	731871.0	579544.0	719182.0	957865.0	702166.0	880953.0	653988.0	1123760.0	474511.0	399100.0
P07688	CTSB	1050320.0	923777.0	812897.0	2385050.0	300180.0	696912.0	498596.0		596868.0	727589.0
F1N547	CETN3		90182.1	57562.8		87650.5				141588.0	
P11116	LGALS1	2326240.0	4937120.0	3993640.0	4220070.0	2548980.0	2547600.0	1857460.0	2847720.0	3549870.0	2290670.0
Q17QK6	FBXO2					659168.0	681480.0				
Q92176	CORO1A					144658.0				109232.0	
F1MFG7;Q2KIX6	BPHL	520447.0	583188.0	793644.0	411329.0	894417.0	532140.0	443185.0	890104.0	859163.0	336252.0
Q3SZM5	CMAS	307317.0	370033.0		126441.0	1022170.0	167804.0			410297.0	
Q32KW0	NFYB	224150.0	195976.0	246151.0	100254.0	112278.0	220079.0		175926.0	176748.0	211088.0
Q3ZC55	ACTN2					72432.1	81273.3			64527.0	
A0A3Q1MBG9	PLIN4										
P05632	ATP5F1E		555381.0	1074610.0		230869.0	576902.0	233588.0		311431.0	
Q0VD48	VPS4B		600311.0		410534.0	810785.0	805392.0			908769.0	
G3MWR8	MICAL3					87310.7	142042.0			53147.9	
A6QNT8	SEC24A	357329.0			408649.0	392585.0	405844.0			192572.0	318833.0
G1K1L9	LOC100848132			2257970.0	6624360.0				1298010.0	1777400.0	
A0A3Q1LZT9;E1BGX4	WBP2										
Q3ZCE2	ELAVL1	1305720.0	2323090.0	943360.0	1062750.0	2079280.0	1677510.0	844501.0	832709.0	1824920.0	518316.0
Q56K10	RPS15		1150340.0	241136.0		310957.0	872260.0			207259.0	
A0A3Q1N177;F1N2F9	XRCC1		529233.0			207309.0	295888.0				
Q3T094	ETHE1	1533650.0	1732540.0	1336950.0	1259630.0	761108.0	781935.0	1362740.0	979758.0	1728560.0	1219830.0
A0A3S5ZPE0	KPNA4	134586.0	106831.0		57887.2	208481.0	80166.3			245771.0	
F1MDA8	DCLK1					88912.0					
Q3ZBH0	CCT2	874332.0	947726.0	836970.0	582095.0	1552480.0	1214420.0	642217.0	723383.0	1433230.0	403097.0
A0A3Q1LU77;A0A3Q1N3D9;F1MNV8	FKBP15	131429.0		342045.0	136274.0	473661.0	118321.0	292834.0		57004.4	
Q2KIX9	DNAAF6										
F1MDV3	SNTB1	299845.0	413064.0	325274.0	41703.0	443614.0	305718.0			188557.0	
A0A3Q1MJH0;A7Z074	DTX3				127420.0	31148.3				181911.0	
Q08DW1	RAB9A										
E1BEI0	API5	1328720.0	1869240.0	1117720.0	1005870.0	3930050.0	3608260.0	2859330.0	768082.0	1218200.0	1849510.0
Q29RP3	REM1					109369.0	112054.0		58465.6		
Q2KIT5	CRELD2		57633.2			73554.8				85732.2	
Q3T005	PDLIM4	912540.0	1120060.0	1604020.0	1575710.0	683178.0	858514.0	1499730.0	1558860.0	1114040.0	1800890.0
A0A3Q1MQK5;Q3SZ28;Q9N0E6	MDK		373869.0	142498.0		325190.0	394546.0			59496.1	
Q8HYI9	PFDN5	873379.0	245188.0	411538.0	703267.0	235331.0	237223.0	530045.0	731869.0	638563.0	690314.0
P13605	FMOD	12083400.0	24813400.0	16317600.0	6544330.0	24029200.0	30250000.0	13322600.0	9270720.0	12303100.0	6244900.0
Q29RY7	FGL2					247685.0	383831.0			191738.0	
Q1RMU7	PHETA2	275303.0			107932.0				86609.9	203479.0	
A0A3Q1NKP5	ACTBL2		31659.2	143225.0				124258.0		131095.0	
F1N5M2	GC	41116700.0	6252150.0	12802000.0	27786800.0	13141400.0	5936700.0	17112400.0	15995400.0	28498200.0	28771000.0
Q5E9F5	TAGLN2	1680700.0	1810030.0	1424780.0	2198460.0	1249680.0	2346720.0	1844950.0	1039940.0	1909910.0	2433950.0
A0A3Q1LGJ2;A0A3Q1LUN2;A0A3Q1MMQ9;A7YWC6	SUB1	10857000.0	5298310.0	3705490.0	12678400.0	6632280.0	5536660.0	8958060.0	4414780.0	6626720.0	9544910.0
Q3SYR7	RPL9	283915.0	580172.0	99324.9	475590.0	490537.0	385580.0		241392.0	535776.0	
Q3SYS6	CHP1	704473.0	714681.0	569069.0	823849.0	296865.0	515158.0	798281.0		927032.0	
P63243	RACK1	12077500.0	10650400.0	5638440.0	14798600.0	6943930.0	6184320.0	7452030.0	9101630.0	17491700.0	10084100.0
Q01314	AKT1					98692.8	378773.0			138691.0	
Q08E58	TTLL12		344120.0	338813.0	147323.0	260803.0				46752.8	
Q3SZB7	FBP1					83572.8				62770.2	
A0A3Q1M9P6;G3X748	POF1B										
Q27970	CAPN1	1966100.0	900931.0	2070070.0	1283720.0	2092040.0	1180160.0	1537850.0	2524810.0	1782130.0	1041010.0
Q95114	MFGE8	164877.0	155793.0	559797.0	516238.0	297187.0	270560.0		373808.0	217331.0	
Q3T062	RRP15									81269.5	
P32007	SLC25A6				367697.0					329241.0	
P11966	PDHB	764673.0	1670050.0	1164930.0	1145280.0	1010970.0	969897.0	976513.0	525635.0	1784490.0	679507.0
Q2KJ46	PSMD3	163120.0				69021.4				58850.7	
E1BPW1	OSBP					211961.0	65179.8			123236.0	
P80311	PPIB	16920900.0	22873300.0	11293200.0	7606660.0	16423100.0	17418300.0	4530740.0	5337490.0	22669200.0	1459940.0
Q5E992	PPIL1	6384970.0	2644440.0	2840630.0	3134510.0	2196740.0	3046080.0	3295340.0	5317030.0	5020140.0	4344410.0
Q3SWY2	ILK	2632430.0	2250310.0	2589830.0	2204120.0	4518820.0	2721130.0	692102.0	1858220.0	2960050.0	628478.0
A0A3Q1MJ74	PDLIM5	1719010.0	899840.0	1388290.0	2125590.0	1331070.0	674496.0	908439.0	1607670.0	1436280.0	1325600.0
P27595	HK1	282496.0	369088.0	414768.0	327012.0	639372.0	591031.0			314653.0	
Q5BIR6	MED17	221436.0			136866.0	140142.0			358986.0	308272.0	
A4FV74	COPS8	2249740.0	1572960.0	1903490.0	1195340.0	982913.0	1168350.0	1441440.0	3260370.0	2784770.0	1491250.0
A5PJQ6;F6QJJ8	PGRMC2		213621.0	321283.0	275222.0	495405.0	207451.0			312867.0	
A2VE53	IKBIP	139518.0	388115.0	189781.0	180643.0	208346.0	261600.0	153681.0	119972.0	504860.0	
Q2HJD7	HIBADH	166102.0	553716.0		109254.0	278969.0	350413.0			539530.0	
Q17QC0	PGRMC1	2035680.0	1677800.0	2873380.0	1625590.0	4294160.0	3203360.0	1721480.0		2186030.0	601441.0
Q28851	ATP5MF	271854.0	215230.0	273381.0	206270.0	417890.0	171923.0	87672.5		320434.0	79604.2
Q3T0R7	ACAA2	829305.0	1136900.0	1842530.0	504515.0	1066620.0	1070200.0	617808.0	973572.0	1334300.0	456609.0
O77834	PRDX6	640717.0	467788.0	876708.0	660975.0	598492.0	764141.0	785669.0		424751.0	264492.0
A1A4M6	STARD5	54990.4	35991.0		31639.5		10493.2		39582.6	48893.4	
A5PJI7	EIF2B3		505497.0			395724.0	579404.0			297706.0	
F1MSF5	CELA3B	6638880.0	904940.0	2023910.0	9389940.0	2416800.0	2301700.0	6199840.0	3211470.0	1589860.0	7381430.0
A5PJW8	POLR2B				130092.0	156492.0	115256.0			120897.0	103466.0
P61603	HSPE1	1286450.0	5191500.0	1113240.0	1034470.0	1396860.0	2713520.0	922637.0	389427.0	3094070.0	515532.0
Q3ZBK6	LSM4	1866310.0	1848900.0	2009210.0	734940.0	2469230.0	3695860.0	2320980.0	1255880.0	1437530.0	2240090.0
P02453	COL1A1	3710650000.0	1962380000.0	1528270000.0	8097350000.0	1793840000.0	1977260000.0	3636980000.0	4277290000.0	2092230000.0	5024150000.0
E1BPR7	SGCD					104030.0					
A1L5B0;Q1LZF9	MYL9	5649310.0	21699900.0	8311230.0	5467140.0	23844700.0	23939000.0	6277970.0	8623220.0	8025430.0	2709510.0
Q2HJM9	MEST	659677.0	362194.0	260978.0	535624.0	309791.0	183045.0		119316.0	915549.0	145832.0
E1B969	DCHS1	288069.0	291519.0	603175.0	425668.0	417211.0	826444.0	505471.0		235321.0	328895.0
Q3ZCA7	GNAI3	334857.0	303526.0	774469.0	341201.0	285616.0			270968.0	217952.0	
Q3T0U1	MESD	315471.0	594583.0	698750.0	314085.0	243978.0	654953.0	573700.0	399681.0	448360.0	556825.0
F1MCL3	GRIN2B		378022.0	1195500.0	436300.0		443885.0	779770.0		292516.0	877509.0
Q2HJ38	CNN1	4757720.0	4661990.0	4621810.0	14915000.0	5705400.0	5384100.0	3310320.0	8149100.0	4207690.0	4783450.0
E1B9V7	WDR37	560678.0	271572.0	659518.0	427695.0	527391.0	565576.0	384098.0	750099.0	339564.0	221619.0
Q2M2U4	RNASEH2C	1832870.0	953043.0	1497160.0	1461150.0	711939.0	1242820.0	1882190.0	1512840.0	1003010.0	2141280.0
A0A3Q1M159;A0A3Q1MUI1;A0A3Q1N9A4;A0A3Q1NER4;F1MYL5	CNTNAP5		119976.0		28268.8					89264.6	
Q29RZ0	ACAT1	509101.0	1525270.0	1459450.0	421293.0	1194470.0	1224850.0	899135.0	552089.0	872923.0	229706.0
Q3ZBA6	DNAJB11	207454.0	369494.0	911756.0	342763.0	257025.0	506566.0	685198.0	2824670.0	336754.0	
A4FUC6	SRSF9	350378.0	1316350.0	682909.0	381180.0	1366250.0	1243400.0	760535.0		1484660.0	
Q2HJ94	DNAJA2	1345420.0	1497680.0	1184790.0	675054.0	899639.0	1194890.0	889254.0	1214710.0	2094890.0	447089.0
F1MFJ6	TBL1XR1	1782740.0	899133.0	956795.0	1408510.0	877394.0	695206.0	975334.0	1188790.0	1594970.0	1114080.0
Q32LJ6	RABL3	787496.0	1557980.0	1363660.0	1366200.0	901099.0	1114450.0	1991820.0	1152030.0	1414990.0	840629.0
Q2KIE2	HAX1	240766.0	345563.0	194391.0	136858.0	164413.0	131637.0			288395.0	
Q3SZ16	IAH1	245815.0	184100.0	200969.0	168969.0		127921.0			260444.0	
P48616	VIM	628874000.0	362426000.0	487225000.0	402140000.0	433892000.0	475533000.0	556138000.0	592851000.0	632442000.0	505170000.0
Q3MI00	DNAJB1	532953.0	1077210.0	761232.0	446735.0	617632.0	1250980.0	759354.0	639464.0	259469.0	246040.0
A1L505;A6QLT5	UBAP2L	225524.0	251439.0								
Q2KIG2	WDR5	1201970.0	974711.0	1242810.0	1112050.0	765347.0	784956.0	713639.0	1535620.0	1635350.0	578860.0
Q3SZC2	PSMB9	2421300.0	800486.0	1354170.0	620959.0	917642.0	1287120.0	1631550.0	795739.0	1794050.0	1328570.0
Q0VCY7	SRSF1	2383110.0	7365220.0	1906360.0	1878380.0	7024160.0	8861810.0	2257200.0		4040390.0	661676.0
A6QPE7	ANKRD65										
A1A4Q9	NUDT16		422762.0			166756.0	201357.0	182730.0		147747.0	
Q5BIS9	PRKAB1										
Q3T149	HSPB1	277270000.0	280618000.0	228383000.0	201300000.0	111626000.0	120868000.0	199976000.0	191063000.0	299526000.0	221610000.0
Q1JP79	ARPC1A	1012600.0	1531890.0	1131390.0	1272900.0	1588860.0	1287440.0	624366.0		1276810.0	587345.0
Q5EAC9	HSPB8	636906.0	738441.0	1327670.0	860939.0	444333.0	616641.0	637669.0	1887970.0	712095.0	644371.0
Q58D62	FETUB	146975.0			115698.0	90705.9				104064.0	
Q17QM9	CNRIP1	134200.0	219076.0		185930.0			126341.0		258963.0	
A0A3Q1MWJ3;F1MDT4	ZBTB20	298220.0	180784.0	1089490.0	328112.0	733524.0	450650.0	572402.0	1078520.0	443694.0	358609.0
A6QR16	RNPS1	5051670.0	5571180.0	5417400.0	4011640.0	4170500.0	4980870.0	5455730.0	5205750.0	3731040.0	5033110.0
P23132	PTP	1669230.0		17688000.0	76669800.0				25917000.0	17076400.0	
G3N151;Q05B85	JPT2	216906.0			335912.0	85059.6	185087.0			139343.0	
F1N5K4;Q2TBU4	BLOC1S2	549025.0	320852.0	398238.0	478556.0	130274.0	195829.0	229908.0		314000.0	247441.0
Q3SWZ6	SBDS		493386.0	250949.0	95180.5	390235.0	404549.0			165132.0	
P63103	YWHAZ	5910010.0	5967150.0	9038930.0	3041940.0	30127400.0	14394800.0	4485750.0	3675910.0	9498740.0	1593030.0
A2VDN7	HNRNPU	3557660.0	5783570.0	5814600.0	3032710.0	9888760.0	8109820.0	2577950.0	3152230.0	2733810.0	2096200.0
Q32P85	DYNLRB2										
Q58DL1	ARG2										
A5PJY0;F1ME46	LMAN1	426287.0	532205.0	440932.0	312768.0	616995.0	301385.0	198440.0	300407.0	328622.0	101064.0
G3MYD4	PCDH15										
Q2NL22	EIF4A3	617029.0	1284820.0	354170.0	628591.0	1262440.0	906264.0	824857.0	1198450.0	1204050.0	
E1BEP4	ASH2L	1145610.0	513526.0	782788.0	910086.0	668082.0	636705.0	885783.0	833122.0	791729.0	652378.0
P68002	VDAC2	9360810.0	7321100.0	6911490.0	7615010.0	6446750.0	5772070.0	9653240.0	4421830.0	9908110.0	7248600.0
A0A3Q1LVW2;A0A3Q1LWF7;A0A3Q1MX25;F1N4N6	SMARCC2	565595.0	798221.0	923826.0	789011.0	920567.0	1047500.0	769505.0	736509.0	536792.0	576359.0
Q0VCN1	NMRAL1	48324.4	307802.0		109039.0	84081.6	83553.7			341579.0	
Q59HJ6	LONP1		55120.1		37594.9	140413.0	72230.6			162357.0	
A0A3Q1M9H9	NUP62	747269.0	1760370.0	1766900.0	521697.0	806904.0	1061270.0	1226050.0		836971.0	1139700.0
Q3ZC13	AP2M1	606767.0	533009.0	720686.0	436840.0	823458.0	343970.0		906507.0	352061.0	
P48818	ACADVL	618940.0	637849.0	416634.0	464016.0	765519.0	764003.0	192478.0	269534.0	776191.0	671224.0
Q3ZBD0	PSMD7					60612.3				103196.0	
A5PKF5	THAP11					174809.0	260681.0			139590.0	
A0A3Q1LVN5;A0A3Q1LYM9;E1BJD2	DDX42	176222.0	235749.0		181830.0	374490.0	673978.0	114654.0		211245.0	
Q3T0X6	RPS16	454727.0	657926.0	835494.0	420889.0	506677.0	375416.0			277492.0	
A0A3Q1LPP7	TMPO	1410550.0	4834080.0	1572100.0	1532760.0	2799260.0	3872550.0	2148810.0		1527260.0	1040850.0
Q2KID0	EXOSC2	638078.0	776215.0	683704.0	345175.0	333941.0	629411.0	421936.0	735364.0	1014110.0	552552.0
A0A3Q1MGY9;E1BC81	PITPNC1										
E1BDE7	SAFB2	207267.0	634416.0	668729.0	162047.0	472571.0	772718.0		282542.0	313307.0	
Q5E995	RPS6	620347.0	2507520.0	903853.0	849642.0	1238700.0	1572770.0	1173140.0	2930300.0	1288650.0	1145690.0
E1BGC5	YLPM1		57832.9			32815.5	158485.0				59264.0
A0A3Q1MG38;A5PKE1;F1N715	CAP2		144040.0							83018.3	
E1BLK7	SPATA18									902292.0	
A0A3Q1LSH8;A0A3Q1M6V5;A0A3Q1MN58;F1MD97;G3MXU7;G3N336	PHLDB1	142318.0	80902.9	231865.0	340074.0	172288.0	282486.0			214139.0	
Q56JW4	APRT		126485.0		56214.5	103380.0		145366.0		95851.3	485848.0
Q3SZC6	ANP32B		4925630.0		79652.5	1892850.0	6229830.0			260234.0	
A0A3Q1M3I6;A0A3Q1MVS3;F1MG56	PPP2R2A	564646.0	394923.0		992265.0	564725.0	347213.0		392969.0	1066350.0	
A0A3Q1MK17;G3MXY7	MTA1	452023.0	532248.0			439602.0		315824.0		543086.0	513428.0
Q1RMW3	MTA2	1157990.0	841381.0	507647.0	508366.0	1000730.0	958789.0	1052870.0	1191020.0	1418280.0	1185670.0
A0A3Q1LRI9;A0A3Q1M6H5;A0A3Q1NNM0;E1B7U7	DGKB										
E1BJG5	TRIM28	2069350.0	2021770.0	2834970.0	1796150.0	3227130.0	2491530.0	2384390.0	2470300.0	2630830.0	2207180.0
Q1JQD7	MOCS1				24748.2					90895.3	
Q3SWX5	CDH6										
Q2HJ93	PHF11	118766.0	150980.0		99171.7	117238.0				85868.6	
P21398	MAOA	150648.0		201157.0	253227.0	271115.0	186165.0	414181.0		146319.0	
A0A3Q1LL95;A0A3Q1LSX2;A0A3Q1MDT9;F1N2Y2	COL5A2	21592600.0	14470400.0	6081010.0	47960900.0	10429300.0	11175400.0	27257200.0	19333900.0	12213500.0	20652100.0
G3MWJ8;G5E631	DDX3X	1805800.0	1227410.0	1178760.0	1782760.0	1708420.0	1808140.0	1134680.0	1499120.0	1691700.0	940918.0
Q5E9T9	RTCB	5388530.0	6792110.0	6484270.0	3200140.0	4975090.0	6313750.0	4745590.0	8377090.0	8558430.0	2560010.0
Q3T133	TMED9	413752.0	529659.0	2826220.0	404434.0	865471.0	144042.0			370643.0	
A4FV10;F1N6C2	TMED4	1048740.0	200913.0	882133.0	326038.0	3046640.0				1249760.0	
Q5E9R3	EHD1	606476.0	564192.0	747345.0	560752.0	1024200.0	934491.0	811167.0	645007.0	652692.0	446717.0
A6QLZ6	GLRX5	456750.0	391420.0	939567.0	755250.0	142290.0		332613.0		737754.0	543235.0
Q0P5K3	UBE2N	242143.0	219203.0		141753.0	233062.0	245147.0			219986.0	
P53781	ZFP36	141317.0									
E1BKX3	MYBBP1A					164165.0				106396.0	
O02691	HSD17B10	1413500.0	2194550.0	902292.0	937383.0	2361340.0	3254860.0	683363.0	382090.0	1673780.0	563437.0
F1N3G2	NOP2		408096.0			324425.0	495896.0			155215.0	
Q0P569	NUCB1	761836.0	784069.0	475007.0	290773.0	527842.0	508259.0	529563.0		1023710.0	
Q0VCQ1	CTBP2	1042200.0	678927.0	1172690.0	811886.0	931443.0	667785.0	664651.0	1297020.0	999652.0	751012.0
E1BM28	DNPH1	1363560.0	158288.0	2134890.0	4139370.0	490292.0	439996.0	1258890.0	2858560.0	934681.0	1681280.0
Q3SZL6	DCP1B									64923.4	
A5D7F4	PCDHGC3		23300.1							36292.4	
Q3SZV2	KXD1	111812.0	82727.7		131102.0	183328.0				198521.0	
Q2TBH7	RAB4A										
F1MYN0	BOLA2B	286616.0	219735.0	145856.0	481394.0	134143.0				486728.0	223734.0
Q0III3	DYNC1I2	3533190.0	2483060.0	3114920.0	3102130.0	2023990.0	2525910.0	2914120.0	6418450.0	3403020.0	1971210.0
A0A3Q1N369	CD2AP	366746.0	291936.0	388695.0	628819.0	286702.0	297037.0	348845.0		297591.0	
A0A3Q1M335	FAM180B	1204800.0	571543.0	396577.0	1546590.0	782853.0	1050520.0	1663190.0	969929.0	431739.0	1606570.0
P79122	PNN	195063.0	695265.0	940752.0	368679.0	354642.0	657144.0	353438.0	666081.0	392945.0	
A7MB28	NDRG3		223426.0			179341.0				208278.0	
Q3SZD4	WDR18	144720.0	150981.0		148382.0	291361.0	144154.0			176005.0	
Q0IIE2	SHC1		45972.5	223652.0		77008.0			518477.0	136277.0	
E1BEP7	ELP2	103775.0				80304.0				117454.0	
P50397	GDI2	195558.0	243415.0		281275.0	344401.0	331784.0			322085.0	
Q5E996	NOP16	35804.5	260143.0	56603.3		160734.0	228979.0			109203.0	
A0A3Q1MH54;A0A3Q1MKA3;A0A3Q1MW31;A0A3Q1NHS6;F1N155	CLPX				236483.0				175957.0	424585.0	
F1MFC6	FARP1	63978.0		120192.0	122284.0	156305.0	43927.5			159082.0	
A0A3Q1M2L8;A0A3Q1M9M6;F1MU48	TOP2B	507029.0	254357.0		430309.0	926163.0	308670.0			387066.0	
Q3T0Q3	POLR2C	8958970.0	4280050.0	5476290.0	4630110.0	3189990.0	3599360.0	7046160.0	8708920.0	6872070.0	7871420.0
E1BJ42;Q1RMV1	ENG	249533.0	68729.3	207106.0	126238.0	137312.0	76860.5			180920.0	
A0A3Q1M8I4;A5D9H5;A6H6Y0	HNRNPD	2340990.0	5458000.0	2193220.0	3143780.0	3305100.0	4584110.0	2416840.0	1880220.0	3842450.0	2376820.0
A0A3Q1LZD9;Q3ZC44	HNRNPAB	434711.0	955576.0	451335.0	632580.0	606839.0	454869.0	345160.0		874077.0	
A0A3Q1ND22;A5PKI0	APPL1	2525600.0	1262580.0	2183840.0	1953440.0	1384950.0	1703120.0	2152320.0	3154030.0	1798790.0	1730430.0
Q32KY4	CDK4	210031.0		114633.0	182546.0	58295.9				259421.0	
A0JNE6	EIF2AK2	57955.7		21082.8	14202.4	34518.2	20792.6			55727.7	
A0A3Q1MNN7	MAPK3					109766.0				24890.9	309683.0
P38409	GNA11	434096.0	189838.0		240740.0	427781.0				330466.0	
F1MIM5;F1MIT3;G3N1G4	VWA8	284887.0	48384.0	163694.0	111299.0	154508.0	114119.0	310806.0	300271.0	193066.0	
A0A3Q1LTT9;A0A3Q1M517;A0A3Q1M8H8;A6QLR9	MAPK14	414191.0		299576.0	222709.0	331168.0				560934.0	
Q5MYB8	BREH1		205763.0	192158.0							
A0A3Q1M2G3;A4IF71	PKP2	414564.0				157307.0	306559.0				
E1BMS0	SKIV2L			74027.3		144669.0	123023.0	116703.0			
Q02399	CDK5	430993.0				449788.0				384313.0	
A0A3Q1M4E5;A6QP44	FCSK										
Q1LZ90	CLNS1A		188589.0			206466.0	356216.0			126219.0	
E1BG08	AIDA									63162.6	
A0A3Q1LSF1;A0A3Q1MZY2;G3N0U8	ERLIN1				92827.1					52498.3	
Q3T0G5	PLPBP		314400.0	262265.0	77017.1	476226.0	526948.0			288100.0	400597.0
A2VE01	CLP1	701196.0	150737.0	616508.0	248901.0	287031.0	251537.0		765885.0	601050.0	179445.0
Q2KJC9	ALDH7A1	319615.0	338465.0	301927.0	266485.0	455689.0	359745.0	160404.0		530830.0	3886520.0
Q2KI07	ARL8B	435753.0			511386.0	411743.0				421483.0	
A0A3Q1LIW5	CDT1	18031.6	97317.9			51847.2				69125.5	
E1BPX9	LRPPRC					179213.0				108018.0	
G3MZI7	COL5A1	7643570.0	5664200.0	6427440.0	15873100.0	4674870.0	6899130.0	8352770.0	13786700.0	3986970.0	9810470.0
A0A3Q1MMA1;F1MLE8;Q3T0L9	SEC22B	520174.0	656221.0	585441.0	379468.0	563688.0	1290890.0	929561.0	312591.0	343306.0	751803.0
Q3ZBW4	PCNA	421212.0	725309.0	1210080.0	313093.0	1512020.0	1066220.0	362180.0		871718.0	
Q5E9J1	HNRNPF	7347990.0	5092080.0	3696440.0	13443800.0	3136190.0	3443660.0	6365290.0	4118790.0	13190800.0	7800210.0
A5PK88	PITHD1	198475.0	449574.0	406601.0	190998.0	298263.0		163381.0		154173.0	
Q3T003	RPL18A	138090.0	292560.0		248165.0	137803.0				124107.0	1405730.0
Q28042	OVGP1				3985660.0			8230780.0			
Q7YS00	Syne-1				58294.9	109428.0		181335.0			
E1BD65	ZMYND10	69141.1									
A0A3Q1LTP9	GPHN	252917.0		241748.0	113470.0	153081.0		91440.3	146821.0	159492.0	71259.0
A0A3Q1MQ83;A5D7K0	BLVRA		213731.0							116669.0	
P68138	ACTA1				119774000.0	89353900.0				80507900.0	
A8E644	DCLK1	203114.0	178095.0	146357.0	300964.0	270280.0	485814.0	261729.0	369695.0	169530.0	334118.0
O77784	IDH3B		693355.0			425675.0	489686.0			365356.0	
Q08DF4	DNM1	2081740.0	1423850.0	1799570.0	1740300.0	2294620.0	2861570.0	2215200.0	1737910.0	1764270.0	2600670.0
Q02372	NDUFB8	208457.0		248412.0		244422.0				373468.0	
Q32KY3	MLF1	160266.0	413887.0	894150.0	365799.0	279569.0	151962.0	5449870.0	3588790.0	224947.0	
Q58DJ0	IRF5	1520630.0	8026090.0		1730350.0	9669430.0	9066200.0	2858520.0		1121080.0	1036620.0
E1BH06	C4A	616158.0	627746.0	1054260.0		1131700.0	704715.0	808440.0	843646.0	484803.0	
Q5E966	EIF3I	6429280.0	3106860.0	2369680.0	3381440.0	1948510.0	2032180.0	3567620.0	3355080.0	6124040.0	5434650.0
Q3T004	APCS		268601.0		66039.6	169105.0	254562.0			275711.0	
A0A3Q1LI46;A0A3Q1LLB2;A0A3Q1LT32;A0A3Q1M6S3;A0A3Q1MZC5;A6QNM1;F1MD74;F1MR96;F1N161;G3N2N7	CAST				115839.0					147033.0	
Q3ZBA3	PLEKHA2		107372.0		70516.5			63931.8	91970.0	81601.3	
P35605	COPB2	1135070.0	620123.0	808245.0	1075330.0	1443850.0	1121000.0	689724.0	1261940.0	1319590.0	880725.0
Q3MHR7	ARPC2	1051360.0	1835900.0	662485.0	1008330.0	2132780.0	1657050.0	563033.0		1359540.0	474517.0
Q2KIH4	RRS1		177110.0			88176.2	214955.0			113250.0	
A1L573	ABI3BP				239036.0		214929.0			38248.5	
Q1RMN8	IGL@	1509450.0	4563610.0	4475490.0	2775890.0	2526380.0	3693260.0	2657160.0	2161340.0	6373410.0	1334210.0
Q5E9E3	C1QA									40324.4	
A0A0N9H4L2;A0A3Q1LYD2;E1BMF5	ACOT11										
A5PK63	RPS17	640981.0	2642610.0	912099.0	558755.0	915436.0	1442460.0			613820.0	
Q1RMR2	SNRNP70	2398170.0	8441840.0	6756650.0	4601730.0	6660920.0	9097250.0	4253430.0	7253920.0	7676970.0	1563010.0
Q0VCQ9	RCN2	174667.0	603499.0		154541.0	345765.0	487698.0			564937.0	
Q17R10	AFAP1L2	61314.6	62776.9	266862.0	147617.0	230132.0	157839.0			126767.0	
A0A3Q1MKR2;A0A3Q1MSP0;G3X6L9	EPRS1	428358.0	216102.0	283327.0	170147.0	582881.0	237584.0			277619.0	
P61585	RHOA	203543.0	489631.0		270334.0	565079.0				320016.0	
Q2TBX2	VBP1	3290610.0	1549590.0	2215890.0	1840560.0	1670960.0	2203390.0	2164560.0	2823430.0	1918190.0	2606880.0
A0A3Q1MF86;F2Z4F0;Q3MHY9	ACTR1A	3315500.0	2707320.0		1886440.0	3483740.0	2311770.0			2556750.0	
A4IFE3	ACTR1B		333703.0			274426.0				101170.0	
Q2KIQ2	MNS1										
A3KMV2	RAD23A	155698.0	3041960.0			371693.0	393048.0			128454.0	
E1B725	GLA				27682.1					48156.6	
E1B893	SAMD4B									41588.1	
A0A3Q1LNW7;F1N5J8;Q0IIJ8	DECR1	417218.0	770777.0	635814.0	242434.0	720944.0	838673.0	295947.0		873027.0	
P80513	MANF		2909050.0	5203250.0	485780.0	2203290.0	3699030.0			1890910.0	
Q5E9J4	IFT22	1091440.0	342202.0	293975.0	1085980.0	362596.0	373880.0	847246.0	667738.0	840796.0	1126660.0
Q09430	PFN2	764264.0	1166560.0	858457.0	1183530.0	277978.0	279896.0	460781.0	787691.0	1263610.0	566630.0
A6H788	SNRPA1	578169.0	1710290.0	211697.0	278730.0	835758.0	1427700.0	492967.0		578712.0	
Q3T0Q4	NME2	1578070.0	8518040.0	1264430.0	597538.0	2324270.0	2628950.0			3786780.0	
P17248	WARS1	367559.0	214462.0	303107.0	477289.0	387904.0	444285.0	295070.0	211688.0	505020.0	74628.8
A5PJP6	BRCC3	462767.0	305823.0	308217.0	468298.0	288670.0	166209.0	159700.0	246648.0	696049.0	77905.6
Q0VC73	DNAAF2				85486.6						
A7Z019	SMARCA4					150892.0	306573.0				
F1MYV8;Q3SX38	MLF2	5257310.0	3211530.0	2333330.0	3829090.0	1386540.0	1589770.0	4350880.0	4753860.0	4329510.0	7417360.0
A7E3T7	MAT2A	1166070.0	246552.0	723437.0	551580.0	492729.0	372621.0	404668.0	1004950.0	560132.0	396866.0
P00639	DNASE1	202799000.0	23225100.0	70735100.0	336518000.0	109734000.0	53923700.0	134373000.0	105968000.0	94426600.0	186561000.0
A0A3Q1LGT4;A0A3Q1N7Z8;F1N740	FRAS1										
G3X6W2	RAD50	919187.0	212912.0	954204.0	418345.0	641299.0	372213.0	560866.0	1549550.0	539060.0	230688.0
A8E4Q9;F1MWV7	FANCF										
G3X8E2	VPS4A	371533.0	632915.0	657706.0	304878.0	426398.0	580432.0		456358.0	718687.0	
Q3SX29	SFRP2				151910.0						
F1N3J3	AGR2	172601.0	250089.0	163160.0		208890.0	516537.0	1537070.0		330869.0	
A4IFR1	CD2BP2	425912.0	919073.0	648049.0	157622.0	984626.0	1319830.0	644930.0	502194.0	438598.0	1903200.0
Q56K13	SF3B5	1572290.0	5054790.0	2957370.0	930183.0	3293790.0	4082540.0	2653260.0	1884160.0	3234360.0	1787760.0
P53710	ITGA2					300960.0	278000.0				
E1B7G5	RBM12B	307953.0	63682.6		520874.0	275072.0				329534.0	
P00741	F9	206555.0		191570.0	256145.0	228723.0	166694.0			364008.0	
A5PJN8	SF3A2		561360.0	615945.0	294247.0	581438.0	681426.0	382531.0	475712.0	424650.0	172896.0
Q2TBS9	SMU1	430364.0	523605.0	197270.0	421066.0	646688.0	265479.0	132952.0		609298.0	
Q148J4	RAB2A										
Q0IIG8	RAB18	183806.0	573393.0	440719.0	360694.0	459600.0	655222.0	79573.0	141900.0	568704.0	
Q3ZBH8	RPS20	211269.0	1829140.0	358942.0	610606.0	682687.0	1513960.0	284489.0	353913.0	438928.0	
Q32L77	CFAP95										
C5NN20;Q2NKT0	HAMP										
F1N338	HADH	779218.0	1948980.0	1040720.0	547857.0	1758940.0	2117210.0	353431.0		1458250.0	
A0A3Q1LJU5;E1BB08	EML2				112449.0	246107.0				88879.1	
Q3SZE9	TBCC	241566.0				204753.0	604074.0			151222.0	
P50227	SULT1A1	1035590.0	264834.0	841861.0	809995.0	1531530.0	833090.0	431771.0	937041.0	1107280.0	411084.0
Q32PB0	SSBP1	580245.0	1201240.0	333076.0	741743.0	643688.0	739152.0	796030.0	1298180.0	439114.0	705544.0
P00125	CYC1	387772.0	342308.0	498942.0	244368.0	499363.0	886786.0			373834.0	
A7YWK3	KRT73	4836010.0			743373.0	2000890.0	1023290.0				569975.0
Q1RMM1	ZC3H15					94546.7				61960.7	
A0A3Q1MJB5;A0A3Q1MMY8;F1MW55	CCDC91									36589.1	1592860.0
Q2KJ92	LFNG										
P45879	VDAC1	2184670.0	4359780.0	1907600.0	2595110.0	1794670.0	1770610.0	2102370.0	1711720.0	3840370.0	1546290.0
Q3ZC84	CNDP2	217942.0		283118.0	230205.0	484216.0	223464.0			478916.0	
P79342	S100A13		193220.0		283359.0	92664.2	558787.0			429426.0	
F1MC97	OR5T2		605668.0	433286.0	153894.0	292150.0	348297.0			247982.0	267157.0
A0A3Q1LMG7;A5D784	CPNE8			337128.0	76303.9					107322.0	
A0A3Q1LMJ6;A0A3Q1LWJ9;E1BIH4	PTPN3										
Q9GKI7	CERT1	45048.2		152859.0		288176.0	184153.0			152677.0	
E1BPM9	DNAI2										
Q3ZBF7	PTGES3	4917950.0	16776200.0	11644700.0	4608230.0	23283300.0	20857100.0	4449820.0	4072010.0	6705820.0	2943410.0
A4FUA8	CAPZA1	4121190.0	4457860.0	3130630.0	5152200.0	2823020.0	2777380.0	2897620.0	3046710.0	6258370.0	3071960.0
Q2T9U1	SRP54	117651.0	30269.3			216466.0				102715.0	
A2VDK6	WASF2	422214.0	413024.0	425371.0	345829.0	470543.0	528301.0	580322.0	665195.0	563567.0	49170.7
A0A3Q1LLJ4;A0A3Q1MT24;F1MDJ6	DMGDH					37924.9				93091.6	
A0A3Q1N140;G5E643;Q58DQ0	AS3MT										
A0A3Q1LN69;Q2TA04	GPNMB	284486.0	109819.0		1490630.0	180320.0				68136.8	
Q59I47	SMUG1	328310.0			174701.0	286565.0	173118.0			204962.0	
Q7M3E1	CTRC	241620.0				176413.0	92433.6				337014.0
P80209	CTSD	1078370.0	1261130.0	748263.0	5872150.0	605388.0	1112970.0	647461.0	1477250.0	883961.0	1066360.0
A5PJZ1	SLC25A24	674499.0	701575.0	490483.0	394457.0	1129300.0	720741.0	221133.0		699730.0	
Q8WN55	PTBP1	1147340.0	2117260.0	759790.0	829934.0	2068950.0	1614450.0	609574.0	641759.0	1060400.0	713195.0
P35705	PRDX3	99920.8	728280.0	420946.0	241161.0	100457.0	308197.0			644879.0	
Q9BGI2	PRDX4	26330800.0	12850800.0	27494900.0	36465800.0	19608800.0	18695800.0	27900300.0	30989100.0	20313400.0	23426900.0
E1BMW9	PURA	1418740.0	1554090.0	1836620.0	1786220.0	1808640.0	1259190.0	897982.0	1053540.0	1305770.0	499535.0
P79136	CAPZB	1423830.0	1002400.0	1239900.0	1219140.0	1418200.0	1039990.0	691734.0	1453730.0	1522710.0	633127.0
P00423	COX4I1	1932850.0	1238970.0	2539020.0	1209250.0	1887170.0	1074940.0	789143.0	902083.0	1497440.0	214044.0
Q3ZCD7	TECR	54086.1	108937.0		44508.8	86110.0				17123.8	
Q148H7	KRT79		81222.8				130572.0				
G3N0V2	KRT1	14919200.0	422867.0	425416.0	2743290.0	5742570.0	5377910.0	1051540.0		173573.0	2475080.0
A0A3Q1MYR8;G3MXL3	KRT3										
A6QR39	ABLIM1	273228.0	370498.0	616042.0	170566.0	522414.0	540165.0		614298.0		
A0A3Q1LHW9;A0A3Q1MEJ5;F1MEL4;Q2TBP9	COIL				108975.0						
Q5E9D4	BCAS2	1546280.0	1568980.0	1747240.0	956221.0	770633.0	854335.0	1006050.0	1753720.0	3993090.0	1448290.0
A0A3Q1N381;A0A452DKP2	LOC100299281	227576.0				295387.0				389061.0	
A0JN39	COPB1	521468.0	419067.0	304852.0	323563.0	596787.0	302343.0	204474.0		411750.0	
G3X696	SLK	748305.0	988441.0	1448210.0	1610740.0	1293820.0	1196050.0	1619100.0	795395.0	1662450.0	
E1BE60	PPP1R14A				204256.0					92974.5	
B3IVN4	PKM	150663.0	263632.0	247364.0	198929.0	397935.0	380437.0			294002.0	
F1MYQ8;G3MY01	LOC516355	486898.0	633329.0	1020050.0	878051.0	857351.0	806900.0			619422.0	
A0A3Q1N590	MAP3K20	2593380.0	398794.0	1215530.0	2481360.0	1101230.0	415612.0	537152.0	2342730.0	2305570.0	1210220.0
A2VDN6	SF3A1	417325.0	264067.0	162998.0	402750.0	469396.0	240793.0	646109.0	163397.0	406188.0	47321.6
Q2TBN3	CETN2	574259.0	238551.0	351540.0	616699.0	305941.0	224515.0	662994.0	240639.0	561485.0	444185.0
Q0P5A3	GSKIP										
A0A3Q1M4Q5;Q2KIR5	PCYT1A	895357.0	656671.0	1050920.0	716779.0	1006320.0	1011250.0	1018660.0	994068.0	983356.0	414992.0
Q1JQD0	HSD17B1										
F1MZ21	SART1	130367.0	554380.0	328989.0		417491.0	634599.0	241153.0		233359.0	
A6QLZ3	ARSB	98476.7	396786.0	319531.0		234260.0	625135.0			315778.0	128852.0
P63171	DYNLT1	114692.0	158511.0	132856.0	292186.0					262253.0	206628.0
A0A3Q1LUM6;A0A3Q1M3F1;A0A3Q1M3K7;F1MJQ1	RAB7A									719101.0	
Q0VC24	WDR12	778154.0	540263.0	468158.0	626421.0	164838.0	314381.0	465461.0	916529.0	1241670.0	378011.0
Q2NKW0	BLOC1S1	68776.8	93627.2		81627.4	45502.2	68275.7			282112.0	
A2VDZ9	VAPB	143613.0	317902.0	173573.0	231859.0	290245.0	213902.0			349274.0	
A5PJY9	CPNE3	242324.0	237516.0	357997.0	214040.0	174307.0	203338.0			229701.0	
Q2KIT4	DNAJB4	99801.5	413588.0			157526.0	224596.0			169210.0	
F1MPE1	CD109	235447.0			60063.0	173520.0					
Q2TA37	ARL2	455051.0	351365.0	54784.8	436721.0	229389.0	165925.0			645051.0	
Q08DP6	ARHGAP10					121912.0	250690.0			110465.0	
Q863D4	KCNRG										
A0A3Q1LTM9;A0A3Q1LVX0;E1BLT0	GOLGA2	550321.0	143520.0	502468.0	698760.0	537771.0	287808.0	503821.0	767384.0	508638.0	
Q1LZE1	KCMF1	113820.0	80498.1							124694.0	
A5D7D9	DHX15	721805.0	450943.0	538427.0	682669.0	1114450.0	579053.0	455265.0	723677.0	706251.0	382759.0
Q3SZ63	NOP56	233776.0	335403.0	161900.0	128457.0	793806.0	443404.0			281522.0	
Q3SZC4	NSFL1C	505886.0	879438.0	748967.0	828967.0	564807.0	1250580.0	1025880.0	899003.0	511140.0	1036680.0
A7E3R8;Q29RH9	TMEM109	68732.6	182026.0		168824.0	607376.0					
Q2T9P4	NASP	267998.0	429199.0	509399.0	133731.0	1517430.0	1388460.0			397442.0	
A0A3Q1LWK1;U3Q4C5	EPB41L2	203815.0	144741.0	375291.0	321888.0	317575.0	157688.0	216274.0		233032.0	
A0A3Q1LK48	CYP3A4						273020.0				
A5PJ69	SERPINA10	415861.0	94567.3	125366.0	447521.0	183960.0	290804.0	221562.0		212960.0	
Q0VBZ0	CSK	480625.0	154578.0	545903.0	268477.0	600057.0	274935.0		368325.0	458704.0	
Q5E997	CAPZA2	9974000.0	10061300.0	7691680.0	10034800.0	7228670.0	7103440.0	10216900.0	8279710.0	14805500.0	7525370.0
A0A3Q1M1Z3;A2VDW3	XRCC4	330240.0		142925.0	158895.0	229808.0	88018.6			191866.0	
Q2KIG3	CPB2		275685.0		81220.8	202203.0	47389.2			101901.0	
Q32P73	POLR2I	1992670.0	1031110.0	1676830.0	2414240.0	688282.0	719893.0	1964690.0	2005710.0	1994310.0	1680490.0
A0A3Q1LUT2;A0A3Q1MB68;A0A3Q1MH27;A0A3Q1MNM7;F1MX04	EIF4G1	118584.0								81190.0	
Q58DW0	RPL4	315587.0	1893360.0	701080.0	639970.0	777544.0	550753.0			647844.0	
Q32L76	SAA4			236193.0	481574.0	169160.0	130809.0			139426.0	
A4IFJ8	ACTL6A	938664.0	858294.0	1149830.0	549067.0	451472.0	623310.0	475835.0	1085700.0	1481360.0	603634.0
A0A3Q1MCF2;E1BAX1	GOPC	490269.0	211415.0	332046.0	511860.0	338186.0	257360.0		749003.0	544430.0	197717.0
A0A3S5ZP98;E1BFG0	ALDH7A1	91882.9	216807.0	189142.0	88082.4	150108.0	121010.0			176530.0	
F1MZJ1	C7H19orf71										
Q2KJI2	STT3A	178619.0	172599.0	403278.0	208417.0	210994.0			272033.0	104785.0	
Q3T057	RPL23	558528.0	3660680.0	623138.0	683712.0	1833470.0	3130780.0	696857.0	963699.0	1077810.0	784650.0
A0A3Q1MG04;A6QPX7;F1MAV0	FGB	15714700.0	2055650.0	4478020.0	22187400.0	5918310.0	3764070.0	14459600.0	5716560.0	5313700.0	17178300.0
Q32KU9	MUSTN1	85446.7			170789.0	70027.8	194999.0			56105.4	
P48034	AOX1	945494.0	354148.0	683539.0	693601.0	400904.0	450053.0	474483.0		445134.0	1556080.0
F1MN70	WNT6				150138.0						
A0A3Q1LND4;A0A3Q1MT04;Q0VD17	TASP1	184336.0			169115.0			447925.0		77036.2	
Q9GKN8	PRELP	4603260.0	25183100.0	8616050.0	7058010.0	23651600.0	22668300.0	4560040.0	2483440.0	9729420.0	1818880.0
F1MRE5	ACBD3	693266.0	390630.0		992148.0	1036930.0				618231.0	
Q05443	LUM	99662900.0	185996000.0	109386000.0	125890000.0	123365000.0	131158000.0	150184000.0	42466400.0	85461700.0	81880300.0
Q9BGI3	PRDX2	15931700.0	9645630.0	17052200.0	21293500.0	9270460.0	9253450.0	16900400.0	17162000.0	14922000.0	11228600.0
P02676	FGB	70746600.0	13170000.0	26887000.0	117608000.0	33101100.0	30882100.0	94598000.0	39695600.0	25294000.0	112213000.0
A0A3Q1MQ68	DPYSL2	1499170.0	394192.0	861464.0	1585400.0	767771.0	735125.0		1006680.0	1233610.0	
Q2KII3	MGC137099									52775.1	
A0A3Q1LK89;Q08DJ1	TBC1D19										
Q6EWQ7	EIF5A	962326.0	2361870.0	455694.0	688821.0	1699970.0	1932730.0	814033.0	731448.0	1493100.0	
P63212	GNG2										
Q3SZ56	NUP88	329784.0	153926.0	323190.0	231976.0	412013.0	260320.0		347988.0	406739.0	
Q3T0K1	CALU	1468770.0	1521550.0	808186.0	1023540.0	1603810.0	1117630.0	991598.0	775994.0	2515260.0	334531.0
Q29S00	OSCP1										
F1MLW0	CALD1	668494.0	483466.0	656239.0	1236210.0	824405.0	715211.0	508270.0	1047930.0	691074.0	136454.0
A1L5B7	SERBP1									68800.5	
A5PKA5	SNX27	166408.0			168380.0	165862.0		102334.0		123070.0	
A0A3Q1M7Q3;F1MBG6	GIT1	303846.0	251682.0	625965.0	283967.0	418183.0	448482.0			332660.0	
Q3T0Y1	OTUB1	2458330.0	1064350.0	1465930.0	2362270.0	1862390.0	1462890.0	2145510.0	1242170.0	1590400.0	2426750.0
A0A3Q1NAS6;A0A3S5ZPR4;Q2HJ31	LRRC17	3077830.0			1200700.0	2849800.0	3961160.0	6524290.0		1438060.0	6075750.0
Q3ZBU5	SRSF10	1408370.0	4250260.0	1865580.0	1383990.0	2794130.0	2855930.0	1560160.0	1062600.0	1936640.0	1436350.0
A0A3Q1LMK6;Q24JZ6	CGREF1	75512.2	74021.6			59570.6				240407.0	
A0A3Q1MEX1;E1BMQ2	RUFY2	138570.0									
A0A3Q1MID9;A5D7T2;F1N126	SMOC2		138809.0		79045.5	135823.0	189819.0			123608.0	
Q9GMB8	SARS1	729951.0		442617.0	389842.0	698908.0			477410.0	389151.0	
P60902	S100A10	1005360.0	1218770.0	381759.0	998639.0	994038.0	541978.0	666870.0		1071300.0	230783.0
A4IFC3	PABPC4	411316.0	896228.0	85954.9	656353.0	493846.0	684894.0	311365.0		517872.0	598284.0
P61286	PABPC1	1411660.0	2488160.0	605382.0	1978020.0	1386040.0	2615050.0	1810150.0	280045.0	1301540.0	2010260.0
Q56JZ5	EIF3H		92782.1		54301.9	97028.2				185420.0	
E1BH94	PGLYRP2										
P23356	UCHL1									34118.8	
Q5EA64	COCH										
A0A3Q1LPR1;A0A3Q1M0X8;A0A3Q1M9N7;A0A3Q1MJZ5;A0A3Q1MYF8;A0A3Q1MYM4;E1BPX1	VPS13C	241003.0	1298060.0		7227110.0				3342630.0		
E1BPP9	GRIPAP1	362290.0	150066.0	621077.0	369276.0	310484.0	442167.0	448868.0	476104.0	274167.0	234719.0
Q2YDE9	TES	958341.0	374806.0	788180.0	1339960.0	864648.0	491458.0	799822.0	1478540.0	777526.0	587413.0
Q56JX6	RPS28	1045360.0	3154350.0	644158.0	803813.0	701490.0	1295980.0	809399.0	751932.0	1491320.0	551102.0
D3K0R6	ATP2B4	200245.0		883897.0	408760.0	403233.0					
A0A3Q1LRM7;A0A3Q1MUT9;E1BN61	RPS6KA5					106171.0					
A0A3Q1MV91;Q3SZZ9	FGG	28142400.0	5379820.0	8074200.0	51662000.0	12437500.0	11086100.0	36866000.0	12371700.0	10006900.0	38007400.0
A4FUY3	P3H1	927966.0	721087.0	463691.0	509235.0	480725.0	350484.0		864928.0	1532300.0	
Q3T0X8	PDZK1					190683.0					
A0A3Q1M646;A0A3Q1MT85;F1MTP1;Q148M4	COL27A1	45154.2			216120.0	37856.6	44782.0			50242.4	
P10881	SSB	191147.0	147165.0	122215.0	84633.3	208093.0	176398.0	136610.0	204500.0	141403.0	135905.0
E1BK30	MMP28				71723.3						
Q32KP2	LRRC23										
Q58DM8	ECHS1	377734.0	1670620.0							746358.0	
Q05B83	RFC2	101223.0				73446.3					
E1BCI2	RNF40	63430.8	114731.0	697209.0		176761.0		235314.0		155758.0	
Q9TT36	SERPINA7	55890.0									
Q29RK1	CS	964754.0	646171.0	676351.0	470362.0	1297170.0	393551.0	333408.0		1155700.0	153530.0
F1MU79	FKBP4	575354.0				635422.0	2848840.0			472761.0	
A7MBI7	COMT	357213.0	348888.0	229187.0	300147.0	395836.0	236621.0	311326.0		249296.0	
Q95323	CA4					88128.2					
Q2KIA3	LMO3	272403.0	491767.0	705681.0	139493.0	209501.0	530195.0	227460.0		275302.0	
Q28022	MFAP5	5663880.0	1465830.0	6320820.0	5701380.0	1784640.0	1819960.0	5969800.0	1368330.0	2314960.0	2390860.0
F1MI92	SSH3	141753.0		180327.0	212160.0	251753.0	44860.8			213205.0	
Q3T140	DYNLRB1		472463.0	96001.2	394107.0	113833.0	139203.0			282798.0	
P13272	UQCRFS1		2479700.0	1607850.0		1732370.0	1239480.0			1150780.0	
E1BKE3	KIF3A			28889.0	105003.0	225254.0	91830.2			111740.0	
A5PKK6;F1MWH2	AHCYL1	660996.0	259941.0	422927.0	450498.0	678481.0	368877.0	336547.0	593341.0	449337.0	
Q3SZP2	MAPRE2	199698.0		322363.0	350718.0	160545.0				188076.0	
E1BC22	CIAO2B	280478.0			208844.0	39210.1				363649.0	
Q3T0D7	SAR1A	313348.0			147421.0	341759.0				269135.0	
A0A3Q1M5U6;A4FUD5	ABI3	574213.0	241058.0	407440.0	415028.0	384200.0	305540.0	480253.0	235341.0	391913.0	178622.0
A0A3Q1MMT4;E1BPA9	SDCBP2		45455.8			76457.2	23752.8				
Q3ZBN5	ASPN	4933840.0	11532700.0	17303900.0	4706060.0	13745400.0	19515200.0	3550150.0	1907190.0	3679260.0	2022710.0
A8YXX8	BRK1	4481300.0	3628380.0	6304370.0	2434600.0	2216930.0	3757250.0	5177860.0	5894050.0	4149120.0	4324990.0
A5PKC2;Q6T182	SHBG	168248.0			188309.0	59456.7				54439.3	
Q2KJH9	ALDH9A1	634244.0	248991.0	443604.0	592320.0	226039.0		432310.0	80557.0	689408.0	
F1MK61	NSUN2	253608.0	180240.0	179082.0	77037.6	463176.0	181124.0	231278.0		210318.0	
P56560	MAOB	702903.0	559413.0	870822.0	640190.0	732060.0	422467.0			666908.0	
Q3ZCC3	TRAF6	118703.0				44639.9				65458.2	
P56652	ITIH3					57805.7					
A0A3Q1LUK0;A0A3Q1MFP1;A0A3Q1N439;F1MC02	MGLL				97957.0					125340.0	
O62702	KERA		88782.5		292610.0	165066.0	37112.0			425142.0	
F1MNH3	SVEP1				54344.2	48744.5				34118.8	
Q2NL24	PSMG2					78979.5				92614.5	
Q2KJC7	POSTN	234165.0			224536.0	76233.6				100913.0	
A0A3Q1N5X2	POSTN	138779.0									
A7E303;Q1JPC3	COL8A1				836478.0						
A2VDL6	ATP1A2	58923.4								172309.0	
Q3MHH9	ECM2	628064.0	1450220.0	933528.0	904739.0	893116.0	1575450.0	1438930.0	849615.0	545783.0	1213460.0
A0A3Q1LX66;E1BQ16	OGA	119358.0	160366.0		125104.0	168490.0				126002.0	
A0A3Q1LS94;A6QLJ7	RRP9	839768.0	824464.0	489806.0	631520.0	1034150.0	798076.0	1142820.0	872871.0	1033350.0	1610200.0
Q08DW2	PRPSAP1			83745.2		196223.0	164515.0				
P20456	IMPA1	722145.0		164235.0	780824.0	288047.0	60971.1	137290.0	270925.0	532600.0	
Q2TA38	TEKT4										110322.0
A0A3Q1LRS8;A0A3Q1M195;Q0P572	MBIP		37397.4			65591.7				82083.4	
A8E657	AASS		313702.0	233473.0	141754.0	378281.0	507820.0			155049.0	
A5D9F7	SNX6	297415.0	255251.0	235937.0	140554.0	491182.0	599090.0	147301.0	265122.0	383361.0	457213.0
Q3T168	CACYBP	534186.0	890614.0	656460.0	621833.0	423384.0	501787.0	408617.0	735846.0	514776.0	445493.0
E1BJ49	MASP2	1304160.0	893276.0	1774470.0	1277190.0	1595130.0	1925740.0	1906300.0	956787.0	978156.0	1108920.0
F1MI43	SPA17										
Q00361	ATP5ME	858050.0	2274910.0	1303170.0	424823.0	822710.0	1741040.0		407111.0	1394910.0	
Q5EA75	PCYT2	203935.0		237718.0	235176.0	146584.0				197608.0	
F1MMN6	ITGA1	621485.0	469779.0	911430.0	1682230.0	683885.0	595132.0	925395.0	540733.0	509620.0	147855.0
Q29RI0	COQ8A										
Q0VD53	VPS26A	732022.0	167714.0	489445.0	525754.0	592525.0	324737.0	314308.0	483707.0	470779.0	
A5D7A2	GARS1					153540.0				124409.0	
Q0V8R6	HEXA									57531.5	
Q17QQ1	LAMTOR3		285836.0							173670.0	
A0A3S5ZPN1;B2Z4B4	ANGPTL6										
A0A3Q1M155;F1MBQ8;Q3SYZ5	DDX5	466328.0	867142.0	1248510.0	569215.0	476191.0	729723.0	542344.0	669695.0	732722.0	180476.0
A4FV29	BRMS1L	426886.0	409405.0	536901.0	288576.0	584444.0	367666.0			552188.0	
A0A3Q1MPS0;A0A3Q1N0L4;E1BIL8	DNMBP					298912.0	119490.0				
Q3ZCF5	OAT	211344.0	654444.0		359204.0	143555.0	278156.0		105980.0	958550.0	39721.2
Q5E9D3	CHCHD3	489506.0	634780.0	343090.0	385851.0	446691.0	596942.0	584990.0		721933.0	48742.0
Q29RS5	RARRES2					43756.6					
A6QQ11;F6QEU6	PGM2	54405.1		93396.4	88004.6	188956.0				114823.0	
A5PK65	DDT										
P67774	PPP2CA									714756.0	
Q5E9K3	PNPO				46081.4					96680.3	
F1MK70	SPATS2	94858.9	76191.1							159313.0	
E1B7R4	EIF3A	132486.0	92675.7		45686.0	196842.0	189110.0	203904.0	72856.0	73270.1	132760.0
Q0X0C4	HEXIM1				54273.7	174088.0	83742.4			127576.0	
F1N3C9	BORA		296882.0				112645.0			128856.0	
Q3SZQ6	RPL32		702665.0		249466.0	198354.0	222946.0			215160.0	210193.0
A0A3Q1MK64;E1B717	ARMC10	175750.0	380902.0	653133.0	239987.0	477771.0	779072.0			372479.0	
A0A3Q1LUN6	GMPS	253410.0			228209.0	263410.0	384682.0			269574.0	
Q2HJ86	TUBA1D	321806000.0	77330200.0	206310000.0	250673000.0	204409000.0	117853000.0	123790000.0	291225000.0	197070000.0	126651000.0
P05631	ATP5F1C	530268.0	2262340.0	664854.0	448660.0	1155870.0	1120800.0	1027680.0		765793.0	568057.0
Q3SYZ9	MED4		69155.3		64627.0	30144.6				104597.0	
P02638	S100B										
A0A3Q1LLD4;F1MPG6	PTBP3	270752.0	189834.0	353013.0	107117.0	194533.0	128862.0			223420.0	
A2VE51;F1MIU2	BAG3	834898.0	446315.0	1387080.0	978884.0	819022.0	600714.0	1401110.0	1298160.0	502514.0	1283230.0
Q645M6	FADD									51280.8	
E1B7Q2	AK7										
E1BDQ6	NME5										
F1N3Q4	PALM	303874.0	356028.0	663432.0	232989.0	233490.0			479237.0	240924.0	
P31754	UMPS					23470.2				19174.1	
P41541	USO1	940270.0	469056.0	919713.0	836528.0	1471260.0	943700.0	931087.0	877655.0	571202.0	679692.0
A7Z055	PLAA					194336.0		63076.0		152902.0	
Q28156	PDE5A				79856.8	50559.9					
Q2TBQ8	PGLS	250775.0	202253.0	204420.0	363116.0	144182.0	115370.0			464060.0	
Q08DN6	CDC42EP2									170414.0	
P28783	S100A9				21401.9					191823.0	
Q2KIA5	DNM1L	180355.0	129610.0	32650.8	205892.0	193370.0	114495.0			211654.0	
P10462	S100A2	54367.5									
A0A3Q1M022;E1BMI6	GNL3										
A3KMV8	RANBP10	46692.9								120090.0	
Q29626	PTGIS	64494.7	113844.0			306794.0				94609.1	
A0A3Q1M8R7;A0A3Q1NFI0;A6QR35	SCAMP2					43174.4					
Q32LA4	UPRT	483371.0	237798.0	495287.0	182113.0	321445.0	111546.0			545526.0	
Q32LK1	AARSD1	275014.0	340152.0	560336.0		506099.0	462646.0	473652.0		416255.0	
A0A3Q1MQ19;F6Q9E6;Q08DZ6	RWDD4									59590.9	
A0A3Q1LZW7;E1BNM6	WBP11	39797.8	96913.2	140861.0	27582.7	148290.0	132506.0	56522.9	92897.1	58074.1	
A3KN30;F6RKK0;F6RWZ0	CPXM1	185223.0	332711.0	285997.0	243873.0	539453.0	777773.0	241412.0	1053520.0	254721.0	
Q3T022	SAP18	8626620.0	9517300.0	10955900.0	5750630.0	7046390.0	9656120.0	10458100.0	15083500.0	12022400.0	9913070.0
A0A3Q1LY73	ACD		196813.0	300688.0	108855.0	104120.0	134765.0	108806.0		110054.0	397912.0
A5D7E1	EHD3			199729.0		77427.1					
Q05KI9;Q05KJ0;Q462R5	BCL2L1					121664.0				111058.0	
Q2NKU3	BUD31		155805.0			96926.8				64528.1	
E1BHH6	PODN		139921.0	148397.0	323490.0	787444.0	338312.0			301638.0	
Q2KJH7	ALDH18A1	941894.0	542101.0	486716.0	459132.0	2051080.0	700184.0	776330.0	2672640.0	917171.0	446392.0
A1A4Q4	TMA7										
A7Z034;F1MKW9;Q1KNJ0	NFKB1	2039840.0	887252.0	1647610.0	1671000.0	1375060.0	1222730.0	1296310.0	1889400.0	1363780.0	1054010.0
Q2KIW9	CMPK1					62193.5				76940.2	
Q3SWX8	RBBP7	3710080.0	2509190.0	2312660.0	2737370.0	3063870.0	2380580.0	2599360.0	2713110.0	4740080.0	1896450.0
A0A3Q1LSM9;E1BNY9	HUWE1	40913.1	167920.0	166391.0	74848.7	90112.1	196627.0			43756.1	
A0A3Q1LRC1;G3X6U1	ALDH1A2										
F1MND5	RBM12		231587.0			143600.0				160852.0	
Q29RL9	TCEA1	238565.0	295989.0	270901.0	217299.0	281685.0	236998.0	141132.0		242392.0	
F1MQD6	RSBN1L										
F1MQ43	DOCK9		94903.2		85141.0	145089.0				108548.0	124214.0
A0A3Q1N2D0;E1BLF7	NUDCD1					108745.0				137839.0	
F1MU12	KRT8	410153.0	246969.0	254385.0	721005.0	382758.0	688300.0	2125110.0		709988.0	585195.0
A0A3Q1MYD5;A7E357;F1N218	NOP58	182785.0	314407.0	316297.0	112480.0	550438.0	527592.0	224259.0	228747.0	132195.0	
A0A3Q1LM31;A0A3Q1M6S0;Q08DJ3	FUBP1	1862590.0	2137260.0	1541310.0	2573460.0	1922380.0	2050380.0	2401080.0	1799050.0	1405030.0	2691010.0
Q3SZF8	SNRPD2	761729.0	4930350.0	1375160.0	1054460.0	3609970.0	6287490.0	739201.0	901281.0	1623620.0	
A7MB47	CNOT9	38740.7			54110.4	24079.7				76845.9	
F1MN80	WTAP	228901.0	332241.0	391211.0	98621.7	251809.0	298668.0	377519.0	158076.0	197017.0	
A6H6W9	SUDS3	1212290.0	1007900.0	701467.0	639736.0	608883.0	810470.0	1304500.0	1330020.0	853204.0	1532120.0
Q3SWZ7	WRAP53	46682.9	66975.8	110509.0	87168.7	86707.0		95909.4	119596.0	88408.9	
A0A3Q1LU06;A0A3Q1M425;A0A3Q1M651;A0A3Q1MS63;A0A3Q1MTL2;F1MNZ8	EMID1	456683.0		624234.0	815827.0	362327.0	488568.0	733915.0	310464.0		307104.0
Q32LN7	WDR61	236835.0	352492.0	519233.0	254876.0	157058.0	248021.0	308321.0	239061.0	539556.0	155030.0
Q58CP0	IDH3G	724710.0	995954.0	1411970.0	636890.0	988908.0	827292.0	577965.0	1806130.0	960132.0	346880.0
P53619	ARCN1	1399300.0	1257260.0	803655.0	992354.0	1537870.0	1529520.0	871373.0	766086.0	1552500.0	1150660.0
A6H7F7	TRAPPC2L		444841.0		88029.5	185917.0				193295.0	
P55252	HAPLN1	585425.0	457157.0		908456.0		585666.0			780838.0	
A5PJQ1	DEK	152418.0	317361.0	96641.5	115814.0	628881.0	225996.0			225382.0	
Q2KIA2	TRMT112	3978050.0	2084950.0	2581670.0	1913270.0	1089200.0	2496420.0	2357550.0	2264330.0	3417260.0	2474060.0
A0JNK3	HTRA2	931156.0	1353870.0	423618.0	574156.0	1063160.0	1131290.0	208837.0		733785.0	
A5PKL1	OXR1									40850.9	
P82649	MRPS22	78294.0	179951.0	73335.4	113988.0	119467.0	71362.8	219564.0		230574.0	
P01096	ATP5IF1	676844.0	1602340.0	744680.0	991841.0	952096.0	1843060.0	437938.0	202769.0	785894.0	228929.0
P52193	CALR	678789.0	3455080.0	756700.0	402455.0	5247390.0	5630070.0	764433.0	363966.0	2061080.0	79429.8
G3N2L2	RCN1	4087880.0	6274480.0	1339230.0	2626030.0	7019230.0	3508600.0	3823910.0	2210720.0	6996160.0	2114780.0
Q2YDM9	LOC780876	552414.0	78044.5	394667.0			128490.0	842295.0	593432.0	374867.0	510616.0
Q2HJ23	MAP1LC3A		255975.0			111123.0	186655.0			150865.0	
A4FUG0	SNAPIN	125739.0	206995.0		102687.0	207956.0	455131.0			229422.0	
O18738	DAG1	319473.0	245281.0	169444.0	260982.0	250494.0	238339.0		576291.0	236852.0	
A0A3Q1MG99	MXRA7										
Q3SYW9	CHTOP										
Q0P5J0	QRICH1	131502.0	158132.0		200211.0	237326.0	256925.0	109893.0		107303.0	206792.0
F1MV07	SEC24D	869388.0	199930.0		682045.0	564532.0	416727.0	321566.0	734803.0	383938.0	262762.0
A0A3Q1N8Q2;Q1RMQ1	FRG1	166139.0	155218.0	213122.0	108707.0	339758.0	220109.0			93478.9	
E1BJ38	FAM98C			287955.0	57891.3	232122.0	283342.0			107531.0	
Q9XTA3	MYOC	1623290.0			1293030.0	497280.0				324838.0	
P00126	UQCRH	787533.0	2167730.0	1558230.0	777808.0	1251540.0	1440410.0	868464.0	1216730.0	2033070.0	265053.0
Q3ZCF0	DCTN2	8758720.0	3462650.0	4749030.0	4923150.0	4302320.0	3357180.0	4073950.0	6709560.0	6765130.0	4244630.0
A6QQV8	LBR		793998.0	130045.0	97171.2	296424.0	1021650.0			183127.0	
A0A3Q1ML18;A0A3S5ZPG0;A5D783	AMPH	183152.0	86657.5		621225.0	186764.0	188993.0	104107.0		396317.0	
Q27967	SPP2	29114.8	82222.1	831174.0	405042.0	211277.0	147879.0	359606.0		118994.0	
Q0VC82	SEPHS1	303047.0	526904.0	500668.0	354112.0	780895.0	825056.0	439787.0	428531.0	671825.0	276318.0
F1N6T3	LSM7	12866800.0	6241320.0	5199300.0	7756280.0	6267670.0	6656430.0	13230100.0	5829320.0	8490490.0	13487300.0
Q95M12	LGMN	63089.6				203862.0				112596.0	
F1N152	HTRA1		254093.0	189937.0	169207.0	98355.8	98552.2			119808.0	
Q3ZCC9	SEC13	2617770.0	1707000.0	1596090.0	2065650.0	1321490.0	1030660.0	1249250.0	2275550.0	3103250.0	1289200.0
F1MJM0	ZNF326	208057.0	444407.0	168484.0	222352.0	542799.0	599860.0	161149.0		280640.0	114945.0
G3X6L8	NIPSNAP3A	371155.0	1381230.0	693926.0	408184.0	782947.0	742316.0			478157.0	
Q3T0M0	VPS29	237605.0	421117.0		128472.0	382331.0	301039.0			297725.0	
Q2HJH1	DNPEP	1882930.0	1057440.0	319928.0	1081970.0	1147000.0	933230.0	493060.0	335473.0	1652920.0	485932.0
Q2KJG1	SPATA6										
Q9BGI1	PRDX5	309165.0	816382.0	593736.0	517973.0	248452.0	400539.0	412942.0	542401.0	501108.0	411282.0
A0A3Q1MBR9;Q5E9E9	EXOSC1	944330.0	425170.0	386075.0	584077.0	319274.0				1122280.0	
Q6R8F2	CDH1	89668.3	198496.0		254076.0	255226.0	573374.0			74231.4	
A6QPY0	DDOST	2241050.0	2367470.0	1987130.0	4056510.0	2772370.0	2217850.0	2378950.0	3728630.0	3043450.0	2017690.0
Q5E964	PSMD13	575889.0	247784.0	334036.0	208295.0	563624.0	374067.0			520202.0	
Q17Q89	PFDN6	4416730.0	1352940.0	1527640.0	2538870.0	1365170.0	1436040.0	2721050.0	1535640.0	2201790.0	3751910.0
Q2KJ19	DR1	279762.0	304810.0	345678.0	271411.0	261104.0	421864.0	398295.0		190257.0	322998.0
A0A3Q1LGF9;A0A3Q1MK07;A0A3Q1N073;A0A3Q1N677;F1MHQ9	CCDC141					67731.1		578014.0			
Q29451	MAN2B1	260433.0	707637.0	433644.0	111329.0	520803.0	541664.0			499380.0	
Q1LZB2	NCK1	196854.0	99855.0		265456.0	119368.0	105817.0			261852.0	
Q95132	ICAM1	88301.5	124187.0	713061.0		207468.0	118763.0		330632.0	253810.0	
Q29448	HMGCL		89215.2			42990.2	741048.0			87894.0	
Q2T9S0	TUBB3	209499.0				476687.0	325592.0			158686.0	
Q3ZBU7	TUBB4A	414454.0	455885.0		308917.0	220800.0				332357.0	
A7E3W2	LGALS3BP	575473.0	156226.0	659758.0	541703.0	339437.0	282601.0		635419.0	540974.0	435077.0
P38408	GNA14										
C4PU73	LOC286871			751645.0	689920.0				243092.0		
A0A3Q1N3X0;A0A3Q1N9P8;F1N2J6	MYZAP	59310.2			157036.0	101721.0	75445.4			65078.6	
A6QLU8	NXN									115395.0	
A0A3Q1N7G5;F1MV68	CAPSL										
A6QR40	ELMO3	320202.0		218725.0		239900.0		135976.0		130134.0	
E1BJ75	CRTAP		135938.0				135772.0			103582.0	
A6QLA4	METAP1	352014.0	474396.0			696209.0	590010.0	545034.0		376239.0	
P05185	CYP17A1										
O02741	ISG15	452186.0	17994.4		456103.0	314629.0	125415.0	166321.0		251082.0	
Q3SWX2	ACOT9	293124.0	198699.0	241299.0	157547.0	284600.0	235165.0			189060.0	
A0A3Q1M0R1;A0A3Q1NDB9;F1MB52	BBS7									117283.0	208551.0
Q3ZBA8	NDRG2										
E1BKI5	ANGPTL8										
P68103	EEF1A1	37557700.0	31235200.0	18920700.0	42758300.0	24859500.0	24475300.0	18880500.0	31649700.0	40735500.0	23922200.0
P01252	PTMA		607506.0				165385.0				
Q2HJ57	COTL1									85172.7	
Q3ZC89	METAP2		30558.5			35748.6	80434.1			56951.7	
A6H720	NCK2					108962.0				124386.0	
Q3ZBD9	MAPRE1	2666550.0	2199260.0	2144250.0	3101810.0	1769580.0	2764790.0	1530790.0	2145340.0	3184830.0	2247620.0
F1MMU3;Q08DT1	BRD3		119117.0			163040.0	366040.0				
P07857	SCP2	506701.0	1199310.0	309745.0	427601.0	509024.0	742866.0	438746.0	229137.0	661331.0	218925.0
A1A4Q2	PRORSD1										
A0A3Q1NAQ3;E1BDR2	IDUA	164439.0	203907.0	45687.1	158223.0	232345.0	282938.0	129427.0		245556.0	
P14568	ASS1	128263.0				129260.0	53422.2			121394.0	
P07514	CYB5R3	421008.0	480863.0	318286.0	441068.0	926210.0	353609.0			471397.0	169855.0
Q2TBR0	PCCB			155099.0		555650.0	200120.0			284261.0	
Q3SZ93	TIMM8B		136767.0			15358.8				146895.0	
A6QPX8	RAB12				126458.0	78627.4				63660.2	
A7E347;F1N3Y9	ZNF771		18871.0								
Q3T0M7	RANBP1		211631.0	578281.0	59183.6	136174.0			414205.0	269715.0	
Q0NXR6	ACAD8	74469.6		548498.0	77781.2	103068.0				154686.0	
Q1JQB0	COL6A2	988877.0			1343910.0	324132.0				175927.0	804713.0
Q9TTK6	AOC3	1224710.0	675392.0	1077500.0	703719.0	1789390.0	510101.0		633214.0	372727.0	
O46504	PDPR					225275.0	216319.0			319481.0	
A0A3Q1LXE4;A0A3Q1M586;E1BII2	PATZ1		66111.8		59478.8	65231.1				52155.7	
Q5EAD0	BAIAP2		116734.0			161429.0	140380.0			78974.1	
A4IFT6	TMED7	192327.0	250419.0	46394.1	210487.0	289531.0	325052.0			346251.0	
F1MGJ1	MSRB2										
P79101	CPSF3	434102.0	289685.0	449704.0	282481.0	565988.0	399093.0	96613.9	459220.0	613618.0	
A8E4N5	RING1	1601260.0	1305050.0	1376050.0	1083740.0	1379520.0	1320980.0	1499990.0	1451160.0	1294130.0	1346820.0
A6H791	TRMT61A	1159620.0	578385.0	645781.0	536805.0	420744.0	404378.0	334952.0	804339.0	1125340.0	563893.0
A0A3Q1LFQ5;A0A3Q1MSE0;A0A3Q1NB40;E1BG38	ARHGEF1	208465.0		67922.4	125107.0	213356.0	142572.0		569308.0	125574.0	
E1BD42	NUP37	449269.0	440061.0		327551.0	500668.0	517797.0	557512.0		539727.0	
F1N6I5	VCAN				283040.0						
F1MSJ1	CFAP73										
A0A3Q1LV44;A0A3Q1LZB8;A0A3Q1M722;A6QQT4	ALDH3A2	13341300.0	6154000.0	3990670.0	15082300.0	10730900.0	8177340.0	10537300.0	6072230.0	4650270.0	24958500.0
E1BNI6	TMED8									81709.0	
A0A3Q1ME01;F1MAV3	RBPMS	557168.0	419032.0		854657.0	136933.0	152752.0	326037.0		924796.0	354688.0
F1MZK4	BZW1	197506.0	47696.3		321632.0	130263.0	261795.0			67612.9	82181.6
A4IFD8	METTL14	172961.0			542822.0	110744.0				108337.0	
A7MB79	C3H1orf109					84556.6	59555.7			181853.0	
Q3MHZ8	LGALS9	2168820.0	1327880.0	1565770.0	2057050.0	1739190.0	1750330.0	1038530.0	1320240.0	1003130.0	440006.0
F1MM78	ZCCHC8	257270.0	124163.0	154710.0	124929.0	351545.0	216788.0			259643.0	
Q3SZN0	SEPTIN6	2988110.0	636017.0	1396540.0	1599230.0	1288600.0	967826.0	1583650.0	1569730.0	1539400.0	1660890.0
Q3SZI6	RPN2	365006.0	820629.0	324703.0	725064.0	550184.0	635510.0	823113.0		460471.0	484094.0
O19137	CPSF4	1678030.0	554404.0	787490.0	890935.0	655858.0	403426.0	706328.0	693952.0	876617.0	559624.0
A0A3Q1LNK7;A6QQW3;A7E3V8;F6RAC6	SRP68			56529.5	31941.1	74843.5	29769.6				
E1B9R5;G3N309	DNAH8				121205.0					156642.0	
Q0VC55	MAPRE3	1365000.0	839863.0	1972870.0	790566.0	1066920.0	1149470.0	1552830.0	1414580.0	725818.0	1081650.0
Q95142	PDE6D				243842.0					298761.0	
Q2TBX5	SSR4	1076470.0	905463.0	989786.0	650441.0	625607.0	447291.0	358678.0	929378.0	1074940.0	240215.0
E1BEI2	SPCS2		160962.0			368792.0				144417.0	
G3N1Y3	LOC107131172										
Q5EAD6	RPL15	1347650.0	828688.0	1296330.0	2043410.0	839136.0	1003760.0	969728.0	1403620.0	1576480.0	2175970.0
A0A3Q1MCZ1	PURB	1415680.0	1082300.0	1281890.0	1033720.0	1466310.0	1379340.0	1079530.0	809894.0	1444320.0	916868.0
F1MHT2	PIP4K2B	567552.0		2538010.0	176710.0	582201.0	618288.0			444603.0	
Q2TBR5	FAM166B										
Q08DA0	RABL6	269309.0	53431.5	106151.0	198410.0	162041.0	152136.0	81256.5		77727.1	312497.0
Q2KIM0	FUCA1	58643.2	88154.0		73172.1	119964.0	95579.5			44825.1	
A0A3Q1LU71;A0A3Q1MIG4;A0A3Q1MIM4;A0A3Q1N348;E1BF20	HNRNPH1	12288500.0	10534700.0	8963180.0	16564800.0	6407650.0	8285250.0	11386400.0	11409500.0	14092400.0	13340000.0
A0A3Q1NM09	FAM172A	61878.5			140266.0					168988.0	
Q3MHX5	SUCLG2		834647.0			825289.0	683238.0			727217.0	
A5D9G3	LOC283398						225240.0			115682.0	
P02662	CSN1S1	25467.4			114418.0		30946.0			33507.5	
F6RFP6;Q3ZBX0	BSG	361727.0	254795.0		437039.0	421280.0				433367.0	
A7YY24	IGBP1	479508.0	373045.0	318139.0	353550.0	312804.0	283017.0	326422.0	402398.0	535654.0	263123.0
Q0VCT3	TERF2IP		135394.0	1423740.0		219179.0	347558.0			173603.0	
Q58CY6	PRXL2B	336380.0	280490.0	222144.0	98402.1	292880.0	175280.0			349981.0	
O62768	TXNRD1	290098.0	123342.0	104481.0	157502.0	183538.0				143176.0	
Q1LZ74	OARD1		179700.0			255452.0	171832.0				
F1MHR4	PIP4K2A	257334.0	264092.0	600610.0	179219.0	467706.0	264765.0	258728.0	380127.0	143536.0	
Q0P5F7	PIP4K2C	119301.0				204224.0	308771.0			130161.0	220535.0
F1MZK0	NMT1				42782.7	61038.5					
A0A3Q1MHV3;E1BKH1	EFHC1										
Q2TBX1	CIP29	444801.0	320498.0	578666.0	378423.0	652802.0	483626.0		456705.0	329630.0	388059.0
F1MEW5	FBLN7				28372.7						
O02751	CFDP2	1034880.0	912351.0	1281160.0	761632.0	2122380.0	840572.0		400872.0	778420.0	
A0A3Q1LYN3;A0A3Q1M1K6;F1N106	NFATC4	369994.0	186747.0		261122.0	216782.0		210536.0	666036.0	366070.0	
P13619	ATP5PB	320504.0	435662.0	626898.0	155837.0	702818.0	702944.0	299334.0		365382.0	
A0A3Q1MLV2;A6QNM9	SLC25A12	123599.0	115638.0	326019.0	121664.0	161524.0				125386.0	
E1BJV0	EHD4		333518.0			701379.0				291864.0	
A0A3Q1LY21;F1N040	SAXO2										
P33672	PSMB3	993452.0	653959.0		318920.0	859066.0	519979.0			1116330.0	
E1BG76	SCFD1	175136.0	214496.0		61931.2	303560.0	275599.0			265382.0	
E1BEJ3	GFM1	175518.0	226179.0	155153.0	132312.0	175656.0	1050170.0			327914.0	
P80109	GPLD1									90275.6	
A0A3Q1MDB5	PALS2	95572.0	77072.8							136367.0	
A0A3S5ZPF7;A6QR28	PSAT1		20435.0			221685.0	101857.0			88088.1	
A0A3Q1N9Y5;A6QQA8;F1MM32	QSOX1		409410.0	361186.0	197724.0	103658.0	163206.0			69142.0	
A0A3Q1LL62	TMOD3	1300580.0	2414240.0	3365980.0	1299090.0	993642.0	689492.0	1614980.0	1919220.0	3363900.0	432042.0
Q2KIL5	PDIA5		368871.0		125862.0	401418.0	220070.0			361946.0	
E1BMJ0	SERPING1	334515.0	370427.0	291432.0	275867.0	985604.0	386343.0	212279.0		486648.0	
Q0VC97	CBR3	334869.0	343798.0	330136.0	343634.0	270627.0	421805.0	971074.0		517133.0	
F1N0W0	HDAC3	1513820.0	405097.0	688110.0	582474.0	653248.0	391795.0	358444.0	1330210.0	749687.0	544061.0
Q2T9S4	PGP										
F1MKP1;Q1RMV2	PCOLCE2				622466.0	99820.8				35329.8	
A7MBG0	ADSS2					178517.0				107546.0	
A6QP11	SNAP47				52692.5					102987.0	
P19858	LDHA	313502.0	83056.8	196211.0	343381.0	1039220.0	262705.0			307884.0	
Q5E9B1	LDHB	1037380.0	437641.0	1566380.0	836982.0	1428860.0	627646.0			1323900.0	
Q3ZBP3	RBMS1									564745.0	
Q17QC5	AP2S1	418419.0	125098.0	248059.0		422327.0	203907.0	223749.0		328152.0	122698.0
Q5E9K0	PSMB2	1813920.0	476354.0	791034.0	500870.0	777859.0	359360.0			1008550.0	
Q2KHZ8	GBA	397416.0	481783.0	588435.0	300582.0	620967.0	456358.0	501653.0	554722.0	809192.0	
A7MB21	FERMT2	1080040.0	779433.0	1821850.0	1812140.0	2195730.0	1301420.0	582057.0	1419340.0	678863.0	1077790.0
G3MXK9	COL16A1	2636260.0	1323090.0	4097230.0	3688860.0	1484010.0	2951400.0	7197530.0	3149190.0	831193.0	4006120.0
A0A3Q1M384;A7Z027;F1N052	SMARCA5	151190.0	134497.0			389131.0	170100.0				
Q2KJ14	PAF1	161796.0	350967.0	186942.0		429807.0	548083.0	345332.0		193684.0	
A0A3Q1LP73;A0A3Q1LPW7;A0A3Q1LYB8;A0A3Q1LZH6;A0A3Q1MBK9;A0A3Q1MDE3;A0A3Q1MEB9;A0A3Q1MJ80;A0A3Q1MSW8;E1BN63	WNK1	352184.0		359120.0	431728.0	231615.0	239937.0	212068.0		243548.0	191911.0
A8E4M4	MCRIP1	143424.0			147071.0	70880.6				74507.5	
Q1LZB0	DDRGK1	33974.2	124470.0		29279.3	163996.0	118691.0			70275.1	
Q29RR0	RAB26										
P10103	HMGB1	1899040.0	13633400.0	3612270.0	1207700.0	9366310.0	14591500.0	2100530.0	2311860.0	2045900.0	1617080.0
E1BDW9	EXOC2					73673.2	38625.1				
Q9N0K1	CD47	33272.6		156014.0		118293.0					
Q0VCY1	VAPA					68689.0				130535.0	
G3N016	CRKL	672186.0	272879.0	237518.0	1389830.0	395385.0	297067.0	623417.0	204002.0	840713.0	516477.0
P13696	PEBP1	739766.0	2275980.0	2837750.0	728717.0	1030190.0	1773740.0		406898.0	1948660.0	
A0A3Q1M9S9;A0A3Q1MRT9;F1MHE7	LRRC40	227744.0			102801.0	343647.0	348149.0			167902.0	
Q32L27	UBE2Q2					162242.0	325105.0			293672.0	
A0A3Q1LZM0;F1MD22	PTPRU	299764.0	167426.0	681805.0	98691.5	263598.0	260845.0			356260.0	
E1BEN8	TAF5	280742.0		226854.0		290281.0				293285.0	180030.0
E1BD59	TRIM56	279139.0	137133.0	252154.0	171862.0	270218.0	187962.0	73238.4		332830.0	
Q0VFX9	GGACT										
Q9XSA7	CLIC4	213256.0	125488.0		307130.0	365162.0	226400.0			325500.0	44862.3
Q9N0E7	MOCOS	469475.0			209917.0	570395.0	568472.0			205063.0	
A3KN12	ADSL					169407.0					
P00171	CYB5A	621188.0	519056.0	523196.0	523200.0	1212740.0	784652.0	415409.0		473299.0	
A0A3Q1LN78;F1MAV2	ARFIP1	1272080.0	1009880.0		890354.0	1531560.0	2280960.0			1216540.0	1199220.0
E1BC70	VPS37C	250841.0	210785.0		168870.0	253274.0	203345.0	135159.0		285645.0	
F1N580	PPM1E					109878.0					
A0A3Q1M7N7;F1MY30	GULP1										
Q5EA71	MRPL49	1378500.0	12579900.0	8158830.0	3219730.0	5145540.0		2633130.0		5907420.0	1414390.0
Q5E9D1	SUMO1	277279.0	315046.0	387814.0	261684.0	449258.0	288862.0			321734.0	160740.0
E1BDG9	ALDH1L2		211492.0			113335.0				172418.0	
Q0II26	AIMP2	400689.0		579030.0	202747.0	427257.0				381435.0	
O77588	PLOD1	268330.0	462028.0		272441.0	213504.0	300455.0	43404.7		520088.0	
A0A3Q1M6V4;A0A3Q1MM18;F1MZ00	SNRPD3	4105170.0	20322100.0	4198590.0	4020010.0	9943720.0	28115700.0	5306020.0	3922050.0	4279240.0	4785380.0
O62703	CTNNBL1	289830.0	223055.0	250110.0	106398.0	649333.0	399008.0	95255.4	95562.3	180945.0	
A0A3Q1LZW5;A0A3Q1M3D1;E1BGS8	ATG16L1	254428.0	470485.0	161837.0	97528.6	184389.0			223698.0	221535.0	
Q05B78	ZFYVE21					49356.6				50104.6	
A4IFN8	PLEKHF2									15631.5	
F6RMV5;Q2KIF2	LRG1	288774.0	74639.3		309302.0	90134.6	111442.0	192080.0	243071.0	130128.0	174020.0
A0A3Q1M007;E1BM10	ZC3HAV1L			278411.0	216193.0	577765.0	532211.0			193100.0	
A0A3Q1NHK5;A5D9H9;A7E3T2	POLDIP2	572834.0	307855.0	429788.0	511691.0	241397.0	235589.0		327341.0	591035.0	
O18977	TN-X	101107.0	491596.0		1141410.0	348631.0	433178.0	891140.0		252090.0	802618.0
A0A3Q1LHL3;Q3SZT5	RABL2B	219908.0	74316.2	287673.0	379193.0	199561.0				483147.0	
Q3SWW9	PPP1CB	6135080.0	3406900.0	2965630.0	3804890.0	3058220.0	2038990.0	3115630.0	2580920.0	4531300.0	3109900.0
A0A3Q1LFR2	GSTM2										
Q3ZC02	DCTN5	173592.0	624475.0		200018.0	386124.0	368665.0	172049.0		359501.0	
A6QQQ1	EFCAB2		50858.3	99783.2	74285.5						
E1BE86	CCS	201434.0	138730.0	346473.0	259761.0	164536.0	185998.0	315234.0		147992.0	
A0A3Q1LUZ8	TOP3B				54881.3	147633.0	309761.0			92936.0	
A0A3Q1NH76;Q2KIR9	LRRC46										
F1MEL7	RFLNB	691773.0	564798.0	471985.0	489350.0	143681.0	302004.0	425134.0	690079.0	694208.0	564219.0
A6QLP7	SSR1		467779.0		209177.0	372374.0	589143.0		412396.0	412064.0	
P37141	GPX3	1592950.0	912508.0	1554470.0	3404620.0	1383790.0	1175580.0	1026970.0	972360.0	1288600.0	1436090.0
Q2TBG8	UCHL3					288905.0				207296.0	
Q148G4	TATDN1										
A0A3Q1NEH7;F1MMJ6	CARMIL1					167647.0					
A0A3Q1LV36;F1MPE5	IPO5	296723.0				788626.0	260773.0			285132.0	
Q32LC7	G3BP1	2309940.0	2292660.0	1758350.0	2498520.0	1620330.0	2402060.0	2459110.0	2067300.0	2488010.0	3448920.0
A0A3Q1MHI5	G3BP2	623906.0	501346.0	443653.0	461117.0	479964.0	563067.0	368830.0	322763.0	503752.0	501680.0
Q3T122	EIF3D	188957.0	237164.0		131538.0	421032.0	228639.0			248895.0	
Q9XSI3	RPL10		1066260.0		541608.0	941831.0				809079.0	
A6H737	LOXL2									20268.0	
A6QPY8	PIN4		437969.0	135324.0	75009.0	163222.0	211130.0	57484.1		122070.0	
A0A3Q1LNQ9	LIMS1	612657.0				823990.0				1776020.0	
Q29444	MANBA		264406.0			289608.0				145567.0	
E1BCV4	NUP98	411099.0	431971.0		464554.0	450782.0	372110.0	900798.0	724152.0	415464.0	
A0A3Q1MDV1;A5D7G2;F1MY21	SUFU				172517.0					161336.0	196562.0
P15467	RNASE4										
Q3T054	RAN	2081210.0	3002550.0	2236980.0	1284770.0	3058950.0	3221230.0	1349400.0	1683400.0	2289540.0	1062590.0
A0A3Q1M0E8;A0A3Q1MDN4;A0A3Q1MDX0;A0A3Q1MIC9;A0A3Q1NNP9;E1BA62	DNM3	376434.0		189586.0	534751.0	423732.0	249644.0	126483.0		474046.0	
A0A3Q1M941	LOC100300896				17123.8						54820.1
E1BKH5	SETDB1		14586.5		73669.3					24496.1	
A0A3Q1LSC2;F6QXT5;Q0II31	EIF4E2				94490.7					188294.0	
P21856	GDI1	789568.0	654065.0	1297320.0	661942.0	1355210.0	1255520.0	755462.0		1030570.0	501858.0
A0A3Q1N3E8	UFD1	366335.0	161878.0		493197.0	410932.0	567242.0	313496.0		473968.0	
A0A3Q1LPA7;A0A3Q1M6C1;A0A3Q1M796;A0A3Q1MK49;F1MXF5	AKAP9	86067.4			81472.6	304563.0	225381.0	170300.0		89302.9	
Q24K03	THUMPD1					164991.0					
Q3ZC22	HSBP1		63250.7							64479.1	
Q3ZCL3	NMI	443093.0	344122.0	417593.0	404070.0	106980.0				575152.0	
Q2YDE7	ZBTB8OS	87514.8	70393.1	227246.0		636562.0	458491.0			277344.0	
Q3B7M9	PYGB	288298.0	298677.0			674644.0			270907.0	274866.0	
Q3SX08	EMD	1225210.0	3837560.0	2622940.0	1150010.0	2169130.0	2643860.0	2035460.0	1081350.0	1437500.0	2271060.0
Q3T0P5	CASP6					355223.0				298636.0	
Q3SYU7	TNPO1	156130.0				283601.0				151227.0	
A0JNE9	CTPS1	275281.0		113241.0	71622.9	143855.0				171474.0	
A7MB16	EIF3B	349504.0	225136.0	492928.0	275324.0	726767.0	286026.0		348838.0	620135.0	
A0A3Q1MXF1	THYN1	359270.0	740113.0	417210.0	474781.0	447021.0	687911.0	413162.0	299731.0	419646.0	249009.0
A7YWU6	CTRB1	6082100.0	751822.0	26674900.0	137403000.0	2638430.0	2414920.0	4661890.0	46015800.0	29083600.0	7274310.0
Q24K21	DPCD										
Q32L93	GMPR2		208976.0	179860.0	173828.0	253591.0	194208.0	164087.0		370909.0	
A0A3Q1LN98;F1MFI4	CRTAC1	119630.0		263099.0	197422.0	56004.2				65740.3	
Q3ZBF2	NOP10	212288.0	638842.0	335466.0		443736.0	736333.0			323549.0	
Q17QU5	MLST8	224835.0		281420.0		100312.0				349612.0	
Q3MHF0	RBM45	289179.0	128321.0	86661.2	164332.0	210619.0	119994.0	163758.0		261491.0	
A0A3Q1LTW9;A6QR33	VPS18				25617.8	44866.3				58693.4	
P13621	ATP5PO	455988.0	1868010.0	668504.0	232405.0	1372480.0	2069500.0	802683.0		628002.0	
Q148K7	LRPAP1	1089280.0	1561900.0	1008960.0	692251.0	701522.0	952759.0	1119050.0	1153460.0	1728830.0	595129.0
A7MB82	C1QTNF3	113598.0			62118.5	32816.0		200611.0			
Q05B58	WASHC3	158149.0	163794.0	171834.0		490795.0	358441.0			161804.0	
Q17QG5	UBE2G2		353259.0			227188.0				488763.0	
Q2HJF7	CAMK2D	1598660.0	706049.0	2932200.0	1475470.0	1615400.0	1340400.0	1134950.0	1933980.0	2061480.0	1720140.0
Q3MHN0	PSMB6	7732530.0	2905020.0	3816180.0	4049790.0	3067260.0	2687700.0	4922930.0	2609260.0	6161750.0	5238770.0
A0A3Q1M9D9;E1B7U1	MOGS		120641.0	200934.0	41886.8	151932.0				40613.8	
A0A3Q1MF35;G3MXT3;G3MZC7	PRPF40A	718495.0	327920.0	329736.0	933884.0	572746.0	396983.0	395884.0	389816.0	564790.0	487912.0
Q3T142	MRPL45	97233.4	188078.0		89629.4	175920.0	144440.0			123441.0	
E1BGT1	CDH3										
Q08DZ4	SMTN						920591.0				
A0A3Q1N8J3	CASK	292021.0	204815.0	350558.0	286714.0	450178.0	169674.0			422634.0	
Q1RMH8	SNX3	1119120.0	1214750.0	622437.0	1486330.0	477088.0	447794.0	314992.0	494468.0	1858160.0	682004.0
A0A3Q1LVA8;A0A3Q1MDW5;A6QR61	SNX12	178800.0	254958.0	71969.8	260219.0	211495.0	364432.0	67106.8	151934.0	287029.0	
F1ML22	TLE3	496081.0			415732.0	284757.0				443221.0	333050.0
F1N7U2	NPLOC4	285046.0		201944.0	194426.0	229044.0		269107.0	266860.0	260113.0	
G3X7C2;G5E5Y9	CRACR2B										
Q0VCA5	SAMHD1	1113350.0	876906.0	1234580.0	620020.0	1336880.0	993345.0	1084660.0	362925.0	751868.0	
F6RAL2;Q3ZCJ6	EPHX1	271734.0		700439.0	103000.0	492979.0		150412.0	375770.0	153539.0	
F1N1Q3	RFTN1	200613.0	174221.0	196295.0	221232.0	401931.0	325419.0			278370.0	
A6QLG1	LOC515358	1037540.0	1698790.0		461445.0	1138410.0	1255240.0			1007500.0	
Q2KJD3	CWC15	199074.0	127846.0	53260.9	124728.0		287518.0			209929.0	
Q2KHX6	CRYM										
P62866	FAU	362556.0	2847220.0	1413660.0	490415.0	830805.0	3012590.0		639955.0	400594.0	
Q2KJC8	FKBP9	2851100.0	2534720.0	2720410.0	1631940.0	1677120.0	2033240.0	2580280.0	4691550.0	3053830.0	1441240.0
Q6QRN6	NAXE			326764.0	191722.0				123873.0	205974.0	
A0JNA3	IMPDH1	698593.0	321979.0	381020.0	595307.0	491821.0	343836.0	262525.0	544459.0	701676.0	
A6QR70	WRNIP1	205278.0	123160.0	531537.0	253503.0	237348.0	160634.0	434657.0	481640.0	191276.0	
Q29RZ9	DNAAF10	627459.0	830352.0	392524.0	338019.0	409404.0	865813.0	298865.0	743231.0	766907.0	320509.0
Q0VC37	DFFA									147629.0	
P12234	SLC25A3	712542.0	261685.0	780995.0	665366.0	635052.0	113353.0		298678.0	568773.0	
E1BAJ4	STBD1	19747.9									
Q3SYR8	JCHAIN	5322470.0	1158490.0	2743670.0	2143040.0	1196940.0	968245.0	1772560.0	2757730.0	776801.0	1893300.0
Q2TBR8	CALR3	1914240.0	10927700.0	4670670.0		12204800.0	18851000.0	3351630.0		5136520.0	1035940.0
Q32PA0	SNRPC	339358.0	1646810.0	880045.0		467110.0	1099090.0			367345.0	
A0A3Q1M0G8	PAK2	446372.0	466265.0		355628.0	466270.0				354357.0	
Q3MHJ9	CAMK2B										
A0A3Q1LVD5;A0A3Q1M066;A0A3Q1M826;A0A3Q1MCE4;A0A3Q1MFS6;A0A3Q1N1Z3;A0A3Q1N6D2;A0A3Q1NKC2;A4FV87;F1MG86	CAMK2G				94912.8					86477.7	
Q32LN1	UBE2H					119665.0					
E1BHZ4	ZC3H4				92086.3	59622.6	15369.6			46138.9	
Q2HJ55	SAMM50	166334.0			62843.4	176496.0				128421.0	
Q5E9E7	GLT8D1	67345.0	325004.0	117729.0		121354.0	146733.0			127439.0	
Q3ZBY8	GMDS	464430.0		262079.0	345047.0	349546.0	124172.0		305312.0	343898.0	
Q2T9N4	PMF1		103861.0	314878.0			101858.0			87465.2	
Q2NKT5	SEC61B		359957.0		582616.0	363566.0	254726.0	149661.0	408800.0	467679.0	
Q3T0E5	APMAP	312384.0	532973.0	725764.0	477080.0	710181.0	422714.0			463866.0	
G8JKV5	RPL14		36574.5								
Q3ZBG1	RAB14	670103.0	632008.0	366597.0	825038.0	517861.0	473846.0			690865.0	513649.0
A0A3Q1LME9;F1N1Q7	PREX1	633453.0	657190.0		3955390.0	408109.0	759033.0	1565180.0	2498240.0	1061600.0	2201180.0
Q1RMU3	P4HA1	322634.0	497959.0			277306.0	379023.0		792808.0	483712.0	
Q2KIV3	RBM4B	1472880.0	820333.0	750484.0	894489.0	534852.0	562325.0	1064100.0	1148060.0	1366650.0	1588010.0
A4IFV2	CA8					214653.0					
P04409	PRKCA				85550.2	69751.1				222033.0	
A0A3Q1LV94;A0A3Q1MBW7;A0A3Q1MU95;A6QLD6	MYO1B		366388.0		134614.0	386210.0	556363.0			314094.0	
Q0V898	NELFE		121486.0			96070.6	221164.0			61424.0	
Q05718	IGFBP6	298881.0	526473.0	296741.0	309792.0	228628.0	305843.0			144687.0	
M5FKB4	LOC100301213										
Q58CX6	ATAT1										
Q3T087	RPL11	1233220.0	3328430.0	476826.0	1079980.0	2424320.0	2228230.0	400790.0		1308840.0	480249.0
Q3SZM7	DPEP1										
Q1JP75	DCXR	1088920.0	591360.0	1062890.0	523219.0	1595570.0				516974.0	
E1BGS2	ACAD10					184964.0		64351.2		130285.0	
E1BFQ0	LOC532875	487477.0	428411.0			314103.0				383016.0	
A7YY30	MGC157043										
Q1RMG8	POLR1D	1776110.0	1021060.0	1517350.0	1196490.0	845286.0	1209910.0	2120610.0	2236980.0	2053630.0	2821540.0
A0A3Q1MA38;E1BPY0	WASF3					27667.7					
P81623	ERP29		400423.0	346140.0	94392.7		143254.0			113003.0	
A0A3Q1M1H1;A6QP94;Q08D82	LAS1L										
Q2TBX0	ZNF259	9292.68									
Q148M6	MXRA8	251965.0		142094.0	230677.0	96690.9		92241.9	56263.2	87941.5	51720.3
P04258	COL3A1	1953300.0	815351.0	947909.0	2101360.0	1233900.0	1083330.0	1918500.0	4340330.0	1077810.0	2894120.0
Q1JQA5	NENF						273369.0			207480.0	
A6QR55	USP4	978882.0								607815.0	
A0A3Q1MVT8;E1BK97	RRAGD				136279.0					186547.0	
A2VE02	JCAD	95099.9				79660.4					
A0A3Q1NB13;E1BGH0	ABCF1	343735.0	404264.0		329549.0	497829.0	712857.0	324263.0		258587.0	
A0A3Q1LNY4;A0A3Q1MZF8;A0A3Q1N3J5;E1BIU8	PTPRS						245582.0				
F1MLP0	ZBTB22	5415460.0		3586180.0	12990500.0	3133800.0	3925750.0	7748150.0	7041570.0	2963950.0	
Q5E973	RPL18	122033.0	216082.0		507609.0	211701.0	160026.0			137451.0	
Q2HJ56	PWP1		291012.0			262416.0	400404.0			146778.0	
Q4JF28	IRF3										
Q3SX47	HNRPC	2449150.0	6334210.0	4750820.0	2902260.0	3987270.0	5124180.0	2743730.0	2915710.0	4410370.0	1721590.0
Q17QU3	ARPIN	106477.0	108014.0			99026.7	139412.0			91051.1	
Q32PE9	LSM3	27534400.0	9407650.0	11244900.0	17673600.0	10151300.0	12245100.0	28577100.0	14094100.0	16231600.0	30707100.0
Q5BIN5	PIN1		199279.0							147707.0	
E1BDB5	PDE7A										
A4FUI2	SNRPE	1709960.0	2269880.0	1701640.0	990695.0	1179070.0	3026410.0	1082430.0	2122810.0	1290900.0	875083.0
A0A3Q1LPS9;A0A3Q1M1M5;A6QQR5	TMEM43	205039.0	213813.0	451751.0	516152.0	763839.0				203112.0	
Q2TBK3	PLAC9	6053010.0	1389190.0	3565840.0	7939240.0	2998870.0	1780860.0	6906160.0	4918340.0	2462160.0	6253450.0
Q0VBZ9	MARCKSL1									72206.7	
Q0VC16	MIA3					156591.0				46880.5	
A0A3Q1MUG5;Q2HJ62	SPON2				249254.0					101665.0	
P28800	SERPINF2	2368470.0	1668910.0	1027300.0	2160980.0	1597220.0	3467090.0	4483210.0	1572800.0	1286190.0	3111350.0
Q32P71	DYNLT2B										
A0A3Q1M366;A0A3Q1MJU5;A0A3Q1NN09;F1MFZ9	RBM10		60013.4		177984.0	150044.0	205088.0			179429.0	
A0A3Q1MRQ2;A8YXZ2	C8G		111673.0								
Q32PG3	WDR48	210612.0	120698.0	200175.0	106143.0	256519.0	162750.0			242918.0	
P55052	FABP5										
A0A3Q1MK20;A0A3Q1MMM4;E1BBK6	NPNT	29345.7			119890.0						
Q27954	COPA	570152.0	463417.0	826535.0	457437.0	914505.0	545324.0	946750.0	677894.0	351573.0	680911.0
A7Z024;Q58DV1	RP2										
A0A3Q1LN73;A0A3Q1LVY4;A0A3Q1LZ58;A0A3Q1M5U3;A0A3Q1M610;A0A3Q1MFL4	MSI2										
Q3SZN4	CIRBP	90734.8	583845.0	299571.0	64960.8	334573.0	682741.0			88665.1	
A0A3Q1LVB0;A2PYH9	MSI1	114814.0	189450.0		118683.0		65897.6			212881.0	
Q0VCX5	ETF1	273528.0	1007340.0	216686.0	216157.0	844585.0	928959.0	477390.0		470890.0	
Q1JPD3	D2HGDH	61699.4				141757.0				164300.0	
A2VE04	FRRS1										
A0A3Q1LG82;A0A3Q1M101;A0A3Q1MCY5;E1BI51	FNDC1	37469.9	148075.0			262933.0	334833.0			216067.0	
A0A3Q1M8B4;E1B9G4	PPIL3	689087.0	351340.0	323676.0	453003.0	125626.0	181062.0	376249.0	532932.0	823908.0	559384.0
A0A3Q1LSE7;A0A3Q1MAQ4;A0A3Q1MG97;F1N1Q8	LNPEP					117845.0					
P00829	ATP5F1B	22054200.0	40366900.0	30720200.0	21974200.0	25023800.0	25270100.0	30132300.0	15353200.0	42610600.0	11825800.0
Q3T0N1	MVB12A		362919.0			228930.0				129046.0	
Q5E9B7	CLIC1	501401.0	469250.0	903690.0	442371.0	863303.0	602405.0			749527.0	
Q3B7M5	LASP1	3051550.0	1600950.0	2810680.0	3301790.0	2632900.0	2682780.0	2036720.0	3486160.0	2119370.0	2442460.0
A0A3Q1LY04;A0A3Q1MXR2;F1MF57	NEBL										
A0A3Q1LN15;Q2YDD7	LGALS8									63140.5	
G3MZY8	POLR2A	361377.0	500175.0	522125.0	593233.0	801966.0	216634.0	557094.0	353019.0	534455.0	
Q2T9L8	MARS1					224583.0				87002.8	
Q5E9B8	POLR2G	221017.0	376416.0	314603.0	164275.0	596989.0	176796.0			664551.0	
P07456	IGF2	485006.0	464538.0	355937.0	670657.0	221298.0	224376.0	269006.0		263618.0	176894.0
P18493	PARP1	966872.0	2395400.0	1279240.0	598242.0	4104250.0	3501340.0	834066.0	773996.0	888463.0	517588.0
P07470	COX7A1		306751.0		194761.0	174528.0					
A6QLJ8	PTER							87745.3		48572.6	
Q9TU34	ITPR1										
E1BEV1	CCDC17										
F1MM36	NCOA5	701633.0	791866.0	707758.0	567766.0	589505.0	500818.0	419432.0	831696.0	573724.0	480572.0
P13184	COX7A2	1192070.0	1871700.0	869440.0	1233790.0	920275.0	909920.0	1143680.0	488432.0	2343070.0	562294.0
F1MRP9	PARP10			94664.5	123263.0	132065.0				121940.0	
G3MYZ2	HTRA3										
A5PK90	LYPLAL1									146467.0	
Q08DD1	ARSA		271847.0			108780.0				148604.0	
Q2T9T0	PPP1R32										
A4IFA7	CBR4					129730.0					
Q3SX30	PSMF1	83409.2				81492.4					
P56966	GGPS1										
A0A3Q1N8M7;F1MC71;Q2KIT7	EXOC5	71993.8	236884.0			326172.0	424601.0				
F1N626	IFT74										
A0A3Q1N3Z8;F1N759	PDGFRB	106571.0	135597.0	311009.0	175594.0	232049.0	239959.0	197620.0		146484.0	
Q3SZX4	CA3										
Q8HXM1	CSTF2		180151.0	758811.0	245631.0	318149.0	425249.0			256895.0	
F1MH24	AAK1				172234.0	215732.0				137042.0	
A0A3Q1MR43;F1MX40	DDX46	248032.0	208689.0	121295.0	217214.0	330604.0	209715.0	92545.1		144785.0	83749.3
Q1LZ79	GEMIN8	321625.0	139216.0	125261.0	187271.0	81235.1	89052.0	107025.0	206507.0	152081.0	118803.0
Q2TBH2	RRAS		492912.0		917198.0	491283.0				488468.0	
A2VE21	COPG2					122172.0				39405.9	
A3KN22	UBE2M	893276.0	476896.0	550514.0	667792.0	678890.0	1189360.0	1078740.0	870346.0	507715.0	847322.0
Q3T199	RPS23	234376.0	1053210.0	317915.0	582373.0	538583.0	656505.0	288273.0	1058070.0	437256.0	602433.0
P62276	RPS29		1290790.0	289899.0		120269.0	619144.0			172755.0	
A5D7P3;F6QJE8	PAFAH1B1					123744.0					
G3N2D8	GGT1					235800.0	578679.0			154394.0	
Q17R06	RAB21	258924.0	213281.0	220759.0	312851.0	327520.0	258055.0	101273.0		262340.0	
F1N246	GRIK1	233042.0		319145.0		220275.0	312775.0	338207.0		191347.0	233185.0
A0A3Q1MLH4;A6H7H3	HSD17B12	63883.4			49857.5	130175.0					
A0A3Q1MDH1;A0A3Q1ND98;F1N7J2	ATP2B1	96466.8			127565.0	85109.6				78307.2	
Q28852	ATP5MG	345369.0			136949.0	157578.0				95493.5	
Q9MZ08	BCAM	268257.0	901402.0	518880.0	602237.0	1185860.0	900907.0	321143.0		382986.0	
Q5E950	NHP2	77904.7	511480.0	183674.0		427316.0	314149.0			163741.0	
Q3T186	RPIA			310316.0			194543.0			290321.0	
Q32LQ0	ENPEP										
Q3T0I2	CTSH	629120.0	864547.0	479350.0	720171.0	465332.0	1159670.0	595606.0	757216.0	1305970.0	781891.0
G3N348	WFS1		148964.0							167101.0	
E1BCF8	ZC3HAV1	179724.0	114583.0	118614.0		310122.0	383030.0		224575.0	206601.0	98678.0
Q3ZBG0	PSMA7	1946030.0	1227270.0		1028290.0	1389310.0	1227150.0			2269510.0	
Q17QG2	NUDC	1507170.0	433485.0	653124.0	1559350.0	641918.0	815659.0	690584.0	959798.0	1305950.0	986580.0
Q2KJ63	KLKB1	635361.0	42930.5		313566.0	453837.0	507361.0			302955.0	
A6QLY2	GPX7	516722.0	1157590.0	271702.0	551756.0	502442.0	826702.0		526849.0	1042330.0	
Q1LZ78	NTPCR	184807.0	717451.0		225637.0	586745.0	427078.0			356379.0	
G5E6N7	CBX1	353479.0	462830.0	760644.0	366120.0	228146.0	301950.0	685518.0	1141130.0	788669.0	149675.0
Q3T0I5	FIS1					38224.7				44469.3	
Q9XSJ0	UCHL5		251315.0	419320.0		370484.0				528613.0	
F6PSX0	IFI35				126422.0					229569.0	
F6R6R6;Q5E970	DDX39A					56005.3					
Q0VCD4	MED18	535352.0	189943.0	125276.0	51807.1					554189.0	
A6H7C4	CBX3	310154.0	408081.0	346945.0	329793.0	203819.0	234603.0		375168.0	343472.0	616482.0
Q3T025	RPL17		653583.0			279114.0	446746.0			284137.0	
F1MP14	FOXK1		165587.0	112444.0		298931.0	151890.0			169808.0	
Q3ZBJ0	ENY2	56359.1	315865.0	98916.9		110417.0	218184.0			209010.0	
F2Z4J7	CBX5	999099.0	577570.0	1442400.0	1000590.0		1412380.0	1410390.0	1590510.0	819717.0	1710690.0
A0A3Q1M839;A0A3Q1MJU6;A4IF79	SH3KBP1	227758.0	125369.0		209159.0	130395.0	151446.0			118754.0	
Q9N285	MTCH2		32839.8	256065.0		201268.0				86464.4	
F1MVX8	LOC507443	258188.0	94000.2	459222.0		329884.0				275212.0	
P11151	LPL										
A2VDS1	SCLY	111800.0	190803.0	244907.0	118261.0	104056.0				211594.0	
Q1RMS2	CTPS2					195978.0				161999.0	
A0A3Q1LKS6;A0A3Q1MRD3;G5E5F8	CORO2B		199939.0			314179.0	219294.0			244792.0	
Q3ZCF3	SKP1	698032.0	993001.0	977982.0	1053480.0	909287.0	1264450.0	920247.0	976400.0	1612750.0	829565.0
A0A3Q1LYU3;A5PJD6	ATL3										
A0A3Q1M5K5;A6QL81	DKK3		305498.0	444946.0		111393.0	627580.0			204758.0	
P21839	BCKDHB	126913.0	181981.0		113822.0	251636.0	91745.6			246498.0	
A0A3Q1LUR7;E1BAN2	KATNAL2	3816150.0	2760000.0	3579140.0	1959900.0	9250070.0	3372310.0	2404750.0	2182050.0	10878400.0	697542.0
Q3ZC60	CD200					187341.0					
E1BMC4	GBF1					151055.0				134884.0	
A0A3Q1LNC1;A1A4K4;E1BMF9	LLGL1	127293.0			137495.0	280232.0	209093.0			138900.0	112086.0
Q2KIY3	WDFY1	240582.0		69217.3	114449.0	142561.0				201397.0	
Q75WB5	OPLAH	553242.0	207846.0	354259.0	330476.0	207893.0	202244.0	138056.0	420415.0	521684.0	549712.0
P42917	INHBB		25241.0								
A6QLN9	VWA1	9778840.0	4860480.0	11392500.0	8649090.0	6971420.0	6580560.0	5347350.0	4579860.0	5690090.0	1711670.0
Q3T061	COX7A2L		164553.0	170444.0							
A0JNI7;A6QPB2	GRSF1	359721.0	227372.0	350762.0	356863.0	341839.0	297700.0	157242.0	458510.0	386385.0	
F1MJQ6	COL5A3	12786200.0	4567620.0	4672240.0	12888900.0	7188720.0	8260340.0	7318400.0	10155500.0	4122740.0	9806970.0
Q0V8B6	TPP1	1390860.0	2577710.0	2711350.0	978877.0	3137710.0	3436580.0	1811300.0	838524.0	1894380.0	
F1MVN3	ESRP1					77362.6					
P86435	VGF			345409.0	170126.0		216258.0			115031.0	
A0A3Q1M9F3;F1MNT1	NUP155	547917.0			162114.0	525631.0				375273.0	
P22439	PDHX		175668.0				212066.0			231433.0	
F1N7D3;Q3MHI0	COMMD8	83798.2	170734.0	306545.0	141149.0	33237.0	165159.0	143724.0	114578.0	306147.0	97897.7
E1BKS3	TNIP2								97552.4	52091.1	
A0A3Q1NDE1;Q08E01	ADD3	2842520.0	1577020.0	2832980.0	1966700.0	2700170.0	2293850.0	1893070.0	3102570.0	2438090.0	1833960.0
F1MVS1;Q0VCA6	NFKBIE	108155.0	163933.0		107736.0	159910.0				159763.0	
Q08DW8	FAM89B				45399.4						
A0A3Q1LI40;A0A3Q1MP40;F1N045	C7	45005.5	409824.0		100318.0	207288.0				167132.0	
A7YW37;F6PZJ9	CD58					112534.0				59202.7	
Q56JX8	RPS13					121396.0		51991.9			
P48452	PPP3CA	373560.0			336474.0					205612.0	
A0A3Q1LQK0	CYB5D1										
E1BFC3	GSDME										
F1MRZ2	ADAMTS5	534972.0	173558.0	527700.0	1451430.0	393446.0	214920.0	337180.0	131203.0	411930.0	
A0A3Q1M8I5;A0A3Q1MCP0;A0A3Q1MNN6;A0A3Q1NGH3;F1MJK3	LOC506828				283418.0					130834.0	
Q5E9A7	KLHDC2										
P16068	GUCY1B1					106803.0					
A0A3Q1ME99;F1MX49	PDGFRA										
Q28029	ATP6V1F		472851.0	329918.0	126034.0	118375.0	213103.0		364994.0	271189.0	
E1BQ32	CRK	249709.0	198227.0		488887.0	212578.0				351699.0	
Q9N2J2	GPX4	1255600.0	1026600.0	648051.0	1195160.0	626010.0	585359.0		954262.0	1805850.0	438545.0
Q3ZBZ1	SDF4	519470.0	493712.0	465958.0		402445.0	466431.0		246889.0	437466.0	559657.0
P00426	COX5A	3722250.0	18219800.0	13400500.0	3332000.0	5596830.0	7064450.0	5996360.0	6685710.0	9869400.0	3759120.0
F1MXQ7	FMR1		209652.0	564024.0	129484.0	130630.0			304581.0	146455.0	
Q2KIU7	RSPH9										
A6QLZ0	LGALS3	2425820.0	966013.0	966421.0	5137550.0	1005610.0	1073560.0	1046930.0	569305.0	3828400.0	1077350.0
A6QP70	SGCB										
Q1RMU1	RSPO3										
A0A3Q1LRX5;Q148G9	LSM6	2616970.0	1540790.0	658210.0	902590.0	1473980.0	2317150.0	1248990.0	600819.0	1979750.0	939011.0
Q3SYX0	NDRG1	597099.0	785609.0	1300860.0	632937.0	654838.0	777850.0	902107.0		854622.0	
Q3ZBL0	SNRPG	17497800.0	18893300.0	13922200.0	15185900.0	6771920.0	19319700.0	27597200.0	20427600.0	21051200.0	30562300.0
B7TCI5	TBL1X	532239.0	326669.0		578234.0				395343.0	613474.0	
Q9BGI0	ABAT										
A0A3Q1MBI9	THBD					57103.8					
Q3T0F7	MTPN									52544.5	
Q3ZC62	CFAP36					38337.7					
F1N405;Q1RMR8	RTN4	147585.0	101531.0		205676.0	378710.0	95973.4			242560.0	
A0A3Q1M6T0;F1N3Z8;Q3SZ75	PPP4R2		174198.0	1909640.0		74204.5			120158.0	205373.0	
P56602	PPOX	133061.0		35667.1		129742.0				60367.5	
Q28083	COL11A1	280427.0	267591.0	1402290.0	414232.0	224242.0	374504.0	658053.0	148435.0		213452.0
Q32S24	COL11A2										
Q0P5G9	SPRYD4	102576.0			122108.0		25809.3			93126.8	
A0A140T8A5;Q0QEQ4	IDH1	1053170.0	1680910.0	520418.0	1238200.0	1732450.0	1743410.0	912052.0		1296090.0	
A0A3Q1LM38;A0A3Q1LYK7;G3N091	CNTROB	254399.0	164648.0	522523.0	254700.0	119980.0	149653.0	300367.0	646421.0	168038.0	
A7YY49	SURF4	409635.0	294898.0	810964.0	607730.0	697686.0		77945.7		414617.0	
F1MMR8;Q17QX0	NUDT5	1643360.0	657590.0	1795500.0	825285.0	1364410.0	1111700.0	1996440.0	1373470.0	1543900.0	935798.0
Q3MHP1	UBE2L3									62466.6	
Q1JQD2	GRWD1	784007.0	1442820.0	1165340.0	824930.0	848583.0	1581930.0	1495580.0	996521.0	793482.0	2166630.0
A0A3Q1LU21;E1BIU0	SEC24C	323018.0			332199.0	285019.0	345234.0			141557.0	212594.0
F1MX50;Q148D9	CREG1				504872.0					75708.8	
A7MBD4	FARSA	578093.0	699626.0	622295.0	182224.0	651889.0	785589.0	957411.0	257427.0	513894.0	992177.0
P17694	NDUFS2	160858.0			128332.0	109120.0				182382.0	
Q6URK6	CDH5	139068.0	225042.0		331798.0	163378.0	146935.0	249780.0		247459.0	
O97831	ADGRL1									700075.0	
E1BEW6	EXOSC7	40933.8			12889.1					73478.8	
A0A3Q1NE99	KIF13B	927340.0	362948.0	1045870.0	613746.0	1208600.0	904595.0	874309.0	706933.0	634034.0	804251.0
Q2NL31	MRI1	157799.0		150109.0	96963.6	188991.0				128384.0	
Q1JPJ2	XPNPEP1	138343.0			99737.7	121363.0	117995.0			109351.0	
A0A3Q1LII6;A2VDK2;F1MFB7	ABAT	156545.0				272017.0					
Q2YDM1	ARL1									21199.6	
Q5E971	TMED10	642557.0	492100.0	599281.0	684553.0	769281.0	370922.0	200303.0	397698.0	610874.0	238406.0
A5PJ93	MZB1										
Q3SZ68	LAMTOR5	177986.0	325993.0							281008.0	
F1MJR6	COL8A2										
A6H744	UBE2I	1106330.0	4033540.0	1896660.0	657350.0	2994280.0	4108560.0	826556.0	1126550.0	2229730.0	469593.0
A6QLB7	CAP1	528026.0	80275.4		332071.0	155404.0	154546.0			354055.0	
Q0II25	POP7	396167.0	359915.0			332359.0				277873.0	
A0A3Q1MMK5;Q08DR7	SNF8	130153.0	238283.0			202507.0	197353.0			132232.0	
A1XEA7	MYL6										
Q3T0Z8	SNRPF	14139100.0	8086710.0	4419580.0	13970300.0	5561950.0	7897540.0	13550100.0	5460590.0	10825800.0	15698400.0
F1MNS8	PDAP1	164601.0	62257.7		268865.0	162675.0	107221.0			146901.0	
F1MF35	TLL2										
Q0IIJ2	H1-0	774134.0	10662900.0	4082290.0	1860290.0	4676880.0	12624000.0	1309930.0	1462710.0	604945.0	736831.0
Q56K03	RPL27A		2962280.0		683675.0	878597.0	1450020.0			778733.0	
A6H7H1	FAM120A					140037.0	132964.0				
Q2KIZ8	MCM6					155897.0	187505.0			234322.0	
A4IFQ8;F1MVS4	NOL3		134753.0			62070.3	307006.0				
Q2HJ88	RTCA	116805.0	55354.9	82482.2		88119.8				77617.3	
Q0P563	FUOM	173449.0			70007.5					103643.0	
A0A3Q1M456;A0A3Q1NC46;F1MY58;Q0P5B5	TOM1L1	268242.0		55794.8	122665.0	97813.3	100910.0			207349.0	
A0A3Q1MN62	KIF28	2923230.0	1036870.0	756234.0	6275270.0		1305510.0	1611420.0	1083440.0	1485110.0	2704420.0
A5PJS9;F1MXA4	ADD2										
A6H7I4;F6RGV5	MED20	75799.5	99966.0			119007.0				153508.0	
A0A3Q1LHB1;E1BDM8	DDX6	374480.0	96678.1	213077.0	412201.0	313452.0	136507.0			202241.0	90541.6
A7Z085	WDR82	942696.0	646002.0	890007.0	530802.0	665082.0	596271.0	533094.0	514298.0	1016200.0	383502.0
G3N319	ATXN1L	42896.1	89488.7	47451.6	59927.6	64415.6				51039.5	
Q28065	C4BPA	764453.0	382030.0	1489620.0	782477.0	1168390.0	718636.0	1158340.0		930771.0	
F1MIW9;Q29RQ7	YTHDC1		35011.6			244313.0					
Q32L87	DCAF7	2206970.0	776654.0	1479150.0	1781980.0	957176.0	1134660.0	2019720.0	2427170.0	2031040.0	1871490.0
Q32PA9	FKBP2	804673.0	1704660.0	790107.0	554313.0	768510.0	1403530.0	693194.0	1000020.0	779243.0	
P02694	RBP1										
Q3T0Y6;Q5E952	RALY	240923.0	1639460.0	891663.0	406014.0	939661.0	1558010.0	445420.0	614027.0	643796.0	401827.0
A6N4C9	TNMD	2886980.0	1697780.0	2796880.0	807153.0	2150350.0	3027110.0	2460440.0	1551900.0	1003280.0	966294.0
Q32PA4	PHPT1					62033.4		162513.0		246340.0	135010.0
A0A3Q1ME75	CNOT6L	168089.0				71317.7				175803.0	55170.0
P30922	CHI3L1										
A0A3Q1MQT8;F1MQX1	SRPX				132500.0						
A0A3Q1LMI9;A0A3Q1LN46;A0A3Q1LY45;A0A3Q1M0H0;A0A3Q1M9W3;A0A3Q1N5Z1;A0A3Q1NNG5	AFDN	295691.0	306933.0	317464.0	559809.0	449132.0	313302.0	364242.0		405815.0	
P48644	ALDH1A1	263655.0		901857.0	342383.0	151621.0	189358.0			283851.0	
Q24K19	NUP54	830384.0	1288620.0	891681.0	752330.0	928642.0	619671.0	759923.0	1165100.0	1418880.0	449758.0
E1B867	ADAM17										
F1MZD0	FBN3		621541.0		645139.0	618921.0				348401.0	141942.0
A0A3Q1MMP5;A0A3Q1NAV9;E1BNT2	TSC2										
Q3ZCE8	RBM8A	453337.0	1510170.0	1275690.0	253355.0	1248920.0	2049290.0			587908.0	
P81401	VIP			252159.0	118219.0		59183.5			69717.6	
A5PJQ2	SCARA5			298044.0		531739.0	402955.0	527999.0	88877.4	107539.0	
Q3MHY6	NUBP2	553791.0	327251.0	687514.0	408521.0	273651.0	395310.0	169438.0	499271.0	499247.0	361886.0
F6QQR5;Q2YDI8	MKRN2	1057590.0	325370.0	924093.0	660451.0	473570.0	155313.0	762221.0	1707490.0	900138.0	446545.0
A0A3Q1N5Y6;A4IFH7;F6S1D0	MAP2K3									13089.9	
A0A3Q1M315	LOC790886	211806.0	958589.0	1037320.0	568127.0	243473.0	862653.0			716418.0	
F1N6Y7	EIF5B					79959.4					
Q3ZBD7	GPI	4873760.0	2931480.0	11415800.0	3655700.0	2027460.0	3431050.0		17155900.0	2792880.0	
Q3SZJ4	PTGR1			60194.5		109451.0	143700.0			136525.0	
F1N4I2;G3N315;Q2KIK6	STAM2				51808.8	56782.7				87758.6	
A0A3Q1M905;F1MNH2;Q2T9Q9	RSPH1						100006.0				
Q3SWX4	NIPSNAP2	560131.0	1076330.0	1408800.0	435215.0	1049430.0	814870.0	688834.0	905739.0	932488.0	551110.0
A6QLG5	RPS9	480459.0	336712.0		593195.0	487128.0				395951.0	
M0QW25	LOC527068										
A0A3Q1LPC8;E1BDJ1	XPC		229845.0	224647.0		390416.0	310053.0	1408540.0		141767.0	
A5D7D4;A7YWL9;F6Q087;M5FHS4	GSPT1									222032.0	
F1ME99	CEP135	64979.1		382543.0		179491.0				102505.0	
F2Z4I6	H2AC21		1106310.0				1374800.0				
Q3ZBU2	CISD1	297124.0			111171.0	137880.0				105041.0	
P13135	CAPNS1	1337830.0	1226460.0	1548770.0	962332.0	1445870.0	1073320.0	828963.0	652376.0	2729360.0	460883.0
Q6H320	KLK1	781988.0		1072150.0	7721350.0	322798.0	181140.0	308799.0	2624750.0	1853870.0	815858.0
A0A3B0IZF8;Q1RMH5	C1QC		121348.0		222758.0	264286.0	49261.6			219558.0	
A0A3Q1LTQ6;A2VDX0	TWF2	212600.0			246244.0					185716.0	
F1MBB0	RELB	223065.0			367243.0				262158.0	314641.0	
Q3SYY6	AES	970309.0	422213.0		490791.0	247028.0	280867.0			492136.0	729198.0
Q6Y1E2	PLP2	169164.0	80226.9	416148.0	156204.0	287384.0	84593.6			128622.0	
O62830	PPM1B					123515.0				163186.0	
A0A3Q1LJL4;A0A3Q1LSK2;A0A3Q1M9W4;A0A3Q1MYL9;F1MAZ1;F1MAZ3;F1N0J2;G3N2G7;Q8MJX0	MAP4										
Q5E9M8	SFXN1	96770.6			134225.0	192511.0				127451.0	
P01888	B2M	1880050.0	3910160.0	2274210.0	1324170.0	2293040.0	5482790.0	2844400.0	1391880.0	2354630.0	2665330.0
Q2KIR4	RPP25L			453595.0					316462.0		
Q6RUW3	NPY										
A0A3Q1NJS2;G5E567	IPO9					15702.5					
E1BA36	SPAG17										
Q3SZK6	RIPK1	220315.0	46902.6		82381.2	79966.1				87125.4	
Q3SWZ8	LMO4	1097790.0	523990.0	729454.0	847203.0	278476.0	547641.0	1030690.0	1302130.0	749295.0	921502.0
F1N0N7	OTUD6B									147535.0	
A0A3Q1MBS6;A0A3Q1MUU6;F1MIU6	SPICE1			138418.0	235171.0						
A0A3Q1LPD0;A0A3Q1ML83;A0A3Q1MUU1;A0A3Q1MVR5;A0A3Q1NJM8;A5PK11;F1N093	EHMT1			72683.8		86438.8	22811.6			91904.7	
Q9N0T5	EIF4E	756826.0	354042.0	118495.0	574967.0	556031.0	384949.0	245354.0		533060.0	406955.0
Q95KV7	NDUFA13										
A7YWU3	RPP40	51713.0		125026.0		68128.5				140349.0	
E1BIN9	MRE11	264170.0	245915.0		331273.0	508349.0	512128.0	289410.0		396552.0	
Q0VC09	RIBC1										
P33097	GOT1									36925.8	
A0A3Q1MAL1;A0A3Q1N3K4;Q5BIP4	TOM1	735356.0	277422.0	1250870.0	377123.0	512926.0	747272.0	1261360.0	938454.0	462049.0	659918.0
F1MEF6;Q9BGU3	ITGA4							172155.0			
Q3ZC41	ACAA1	494842.0	476553.0	175451.0		340335.0	407000.0	181560.0		490092.0	
P63097	GNAI1				229295.0	251235.0					
A0A3Q1LIQ5;A0A3Q1LQ88;A0A3Q1LU38;A0A3Q1MKK3;A0A3Q1N0T8;A0A3Q1N2I7;A0A3Q1N9N7;E1BB77	DAB2IP	342376.0	227250.0	194917.0	388887.0	84158.0	131374.0	79349.9		100079.0	
Q2KIV8	GSTM3	269410.0	29996.5		477754.0	73587.3				607844.0	
Q5E956	TPI1	89642.1	113017.0	225156.0	88599.0	88025.1				85872.3	
A7YWP6	COMMD2	119630.0	87145.7	202939.0	102175.0	85504.2	83208.2		50599.8	304038.0	
A6QPA4	COL21A1	46463.5					7010.55				
P56658	ADA										
Q1RMM7	MYL4		100502.0		35383.3	55370.6	129998.0			76124.9	
A0A3Q1LY00;E1BIQ8	PALS1		27965.3		150616.0					81883.9	
P46195	GUK1		226307.0	133258.0	210000.0	93452.3				179622.0	
Q32LH4	NIT1	626773.0								85425.6	
A4IFN1	LSM10				79877.9					75520.7	
Q2KHU8	EIF2S3	505611.0	282238.0		331585.0	634365.0	422597.0		2586500.0	505579.0	
E1BMG2	DNAH5										
Q0II86	SNAP29	775585.0	509548.0	380450.0	827405.0	380560.0	318163.0	390670.0	444025.0	965443.0	340595.0
A0A140T894	YWHAB		76280.2				293173.0				
A0A3Q1LTC8;G8GWQ3	OFD1								59566.4		
E1BF38;I6L9J8	DENND10									61715.5	
P04896	GNAS		4387190.0	7314750.0		7761530.0	5032720.0			4771160.0	
Q32LM0	SH3GLB1	484505.0	367141.0	397464.0	537537.0	510674.0	625305.0			436686.0	
Q02379	NDUFS5										
Q02365	NDUFB3										
E1BKC2	RXFP2		106511.0	139813.0	360513.0	116425.0	156518.0		207937.0	353803.0	
A3KMW1	NUP43	181614.0	200631.0	158975.0	114278.0	291630.0	143108.0			485794.0	
A0A3Q1MIJ1;G3X6D5	FAM120C					100108.0					
A0A4D6DKI2	ALPL									36246.8	
P28339	POLD1		484357.0	770940.0	494660.0	603098.0	705672.0	692977.0	465450.0	791586.0	607806.0
F1MMK7;Q2KI93	RRAD	119414.0	143192.0		211867.0	87693.9	62950.2			204581.0	
Q3SYT5	PNN	366704.0	688087.0	1029520.0	437191.0	743918.0	952581.0	252764.0	405275.0	429506.0	
A5PJY7;F1MGC2	RNASE2									54979.1	
A0A3Q1LQF4;A5PJN9;F1N7S0	TULP3									14671.6	
A0A3Q1LJG2;A0A3Q1LM92;A0A3Q1LXA9;A0A3Q1N3C3;A4IF80;E1BNN7	ATG7						682961.0				
A6QQN4;F1MSR6	TSR1		45768.6								
A0A3Q1LQ11;F1MTI9	IRF2					106867.0					
Q0VBZ2	UBAC1			130663.0	137644.0	157666.0	156352.0	85171.2		134663.0	
A0A3Q1LS34;A0A3Q1MG76;A7MB83	PLOD2									100016.0	
E1BAU3	IGSF10					73142.6					
Q3T0V9	DERA	25999.9				127334.0				131787.0	
F1MYY2	ADGRA2					59582.5				38034.9	
Q148G7	DCTN6		220406.0				333206.0			138842.0	
A0A3Q1LUW4;A0A3Q1MRE3;F1MY16	AKAP13					86977.5					
Q3MHW9	CYB5R1					90642.7	49421.1			33020.5	
Q5PXY7	CRABP2									120592.0	
Q3MHL3	RBBP4	1215240.0	1509780.0	1199820.0	681506.0	1268370.0	1172650.0	810509.0	1048200.0	1530720.0	560586.0
Q3MHP5	DRG1			67539.3		154007.0				71649.6	
Q2HJ33	OLA1	307981.0	987647.0		270411.0	1472680.0	1162540.0			492934.0	
Q3SZ90	RPL13A	90130.1	133266.0	62017.9	234442.0	199348.0			44956.2	159362.0	
A1A4L0	SNX4				124467.0	172477.0	123214.0	1448590.0		141418.0	6966510.0
A7MB78	GYS1			425014.0		583339.0	246552.0			197779.0	
E1BCW5	ADAMTSL3										
E1BL29	BLMH										
Q3ZC01	CNOT7	140952.0			89782.0	71696.3				113632.0	
A0A3Q1LL63;Q3T002	AASDHPPT	193029.0	189951.0	68610.9	81202.7	208477.0	297435.0			187737.0	
A0A3Q1MD17;E1BDF0	NEXN					168114.0	409010.0			131995.0	
E1BJQ4	CDR2L	652268.0	395270.0	225968.0	522222.0	510355.0	677637.0	491751.0	293378.0	537214.0	455250.0
G5E5X0	LIMD1	89140.2	25240.3	125046.0	119748.0	80691.0				117823.0	
Q58DA0	PSMD4	335483.0	394799.0	298991.0		380176.0	419578.0			399482.0	
F1MSF1;Q32LP1	RRM1	336287.0	258980.0	295438.0	336900.0	372234.0	394708.0		332824.0	400455.0	238157.0
A0A3Q1LRD6;A0A3Q1LW23;A0A3Q1LY56;A0A3Q1MLC6;E1BGC1	MCCC1	319280.0	229458.0	572394.0		437456.0	309941.0		179408.0	178676.0	
Q2TBU0	HP	3509600.0	141173.0	156841.0	610383.0	2181320.0	771427.0		189605.0	458843.0	
Q3T0C6	ATP1B3			505524.0		205210.0				266060.0	
A2VDY0	CTHRC1										
A4IFB6	CNOT10					64860.3	44243.3				
F6QNX4;Q0VC47	ERGIC1				54007.2	290954.0		91048.5		69356.1	
Q0P5F3	LIN7C	228387.0	369220.0		265174.0	281577.0	392458.0			367446.0	
Q17QL1	GNPDA2	77974.0	68268.4		91347.3	109330.0				248831.0	
A0A3Q1M7J1;A0A3Q1MC76;A0A3Q1MEA2;A0A3Q1MFJ1;A0A3Q1MJV7;A0A3Q1MM26;A0A3Q1MV21;A0A3Q1MWN1;A0A3Q1MXM4;F1MNQ3	DLG1		65609.9		28996.3	105376.0	111896.0			68047.3	
E1BJD1	SMARCD2	323885.0	363467.0		199573.0	478223.0	590336.0			192629.0	
F1N1R4;Q3MHY3	DIS3		50362.5			218880.0				51390.5	
A0A3Q1LMM6;A5PK55;F6QTA8	PARVA	243683.0	140990.0		121356.0	249446.0	214692.0	81331.2		54001.2	101136.0
Q2TBS2	MRPL21		530408.0			94196.0				170788.0	
A0A3Q1M6W8;A0A3Q1MK43;G3X7R5	NOVA1		224611.0		243851.0					369138.0	
Q2KIG1	ASF1A	86692.8	120704.0		167442.0		212967.0		215520.0	175431.0	
F1MKW3	PLEKHS1										
Q32L31	HMGB3	77873.4	419085.0			454745.0	675087.0			104388.0	
P40673	HMGB2	326188.0	1614370.0	488768.0	242906.0	1513580.0	2119010.0	316220.0		309385.0	
A0A3Q1MCX8;F1MUA7	SHTN1	84830.6				83619.2					
E1BL67;F6QAB7	OSBPL2					45337.3					
Q3SZ07	OVCA2					128246.0	46521.8			99022.9	
A0A3Q1M0I7;A0A3Q1MCS3;A4FUY6;F6R2A8	TFCP2	285444.0	316848.0	396507.0	245598.0	302037.0	261995.0	209238.0	281898.0	269036.0	241475.0
A0A3Q1MC61;F1MU43	ODF2	367429.0		743981.0	249264.0	496731.0	237154.0	162606.0	706915.0	242708.0	
P42899	RPLP2	8717500.0	19097500.0	3467870.0	7570150.0	8456830.0	8432930.0	5503230.0	2975210.0	16831500.0	2323030.0
Q3T131	COQ3	45832.3	69559.5	101683.0		74851.4	56409.4			215707.0	
Q3SWX1	CNPY4		41420.0			91354.8	122254.0			87943.8	
A0JNG7	FHIP2A										
Q9GK13	MMUT										
Q5E936	TXNDC12	212424.0	498610.0	818013.0	195331.0	196394.0	447871.0	643732.0	584834.0	856909.0	275439.0
A4FUZ1	GLO1	64892.0			167472.0					152775.0	
Q29RQ2	KHDRBS1	2567490.0	4829410.0	3846710.0	1664470.0	3728670.0	5520550.0	1807590.0	2253180.0	2619970.0	1615370.0
A0A3Q1M3H6;A0A3Q1MWN6;F1MF11;G3N3D6	PLCH1	273788.0	447518.0	309563.0	130158.0	632213.0	565521.0		118849.0	671571.0	
Q2KJI7	AFG3L2	341424.0	393848.0	287971.0	284697.0	318392.0	310958.0	255195.0		500986.0	
Q2NKR7	FAM162A	81003.5				452093.0	46473.6			105272.0	
F1MIL9	GNE									135746.0	
Q2KIL4	COQ6	110360.0	90811.6			137682.0				90628.2	
Q2TBW6	ARL3	1655210.0	1029100.0	821371.0	1405410.0	860155.0	785763.0	425578.0	1103100.0	1409220.0	1291460.0
E1BF69	IFI44L					58699.3					
A9UIB1;Q2KIW1	PON1					107509.0				56527.9	
Q2HJF8	RHOT1	23099.1	100560.0	154447.0		161158.0	225108.0			88806.2	
A0A3Q1LKC4;A0A3Q1M085;A0A3Q1M5N8;Q0P5I9	CXCL12										
Q07722	PLCB4				94268.0						
P05131	PRKACB										
Q5E9Y6	PRUNE1		191777.0			181555.0	797116.0	253664.0		32883.4	534464.0
E1BE11	HMCN1						383758.0				196996.0
A0A3Q1LVT0;A0A3Q1M373;A0A3Q1ML04;A0A3Q1MMC6;A0A3Q1N6L0;F1ML65;F1MMR9	SBF2										
A0A3Q1M720;A2VDM7	SF1	636144.0	946795.0	613345.0	628777.0	694649.0	855583.0	1049230.0	816192.0	483019.0	993519.0
A0A3Q1MSN7;E1BEL9	COASY					132822.0	48130.3			87797.5	
A4IFR2;F6Q794	PCSK1N						185973.0				
A7MBI6	GLOD4					13861.3				31815.2	
A0A3Q1LUE2	DMXL1	498348.0			548321.0		199868.0			1105790.0	
A5D7E0	RAB35	279301.0	288995.0	431491.0	641129.0	474027.0	399678.0			479615.0	
Q2TBX4	HSPA13										
F1MNK0;Q08DR3	BCL2L13	89995.6			81759.7	134007.0	137403.0			84713.5	
F1N3Q9	PNKP		351286.0		96322.9	274641.0	59951.0			190435.0	
Q32KR5	IFT52									85796.2	
A0A3Q1LS23;A0A3Q1LZJ1;F1MSM4	GYG2	421225.0			333854.0	142370.0				375492.0	
F1N7I6	GCA									97751.3	
Q2KI42	PSMD11	171822.0	104229.0	153342.0	53511.8	228399.0	178794.0			360274.0	
A0A3Q1M7I7;F1MMP2	CFAP57										
A0A3Q1LH29;E1BD88	SPIN1	83253.0	221574.0		88637.2	257951.0	292513.0			176635.0	
P00376	DHFR	518285.0	327454.0		604850.0	289526.0	516318.0	475796.0		893167.0	608559.0
E1B986	PRKAB2										
A0A3Q1M7G4;Q2KIB1	INTS13	189444.0	261426.0	94049.4	99889.5	333452.0	129508.0			197124.0	
E1BA29	GNAQ	237952.0	204650.0	192648.0		304701.0	156899.0			265688.0	
F1N339	PTPN11	335577.0	169184.0	305625.0	348992.0	366306.0	331474.0	286155.0	392137.0	218540.0	246380.0
A0A3Q1MLK8	OGFOD3	235583.0	255702.0			238452.0					
Q3B7N0	CDH13	1297520.0	2515770.0	2942740.0	3625320.0	2553990.0	3160650.0	3053770.0	1130880.0	1095920.0	904448.0
A0A3Q1MAP7;A0A3Q1MJE7;E1BKZ5	GOLGB1	179143.0	60704.9	94334.6	187212.0	114529.0	78852.3	144051.0	139615.0	119536.0	174828.0
Q2T9Y6	GCLM									53447.2	
E1BJB1	TUBB2A	7763010.0	2772560.0	6277240.0	5480580.0	7256270.0	5233430.0	3385740.0	7539880.0	4649200.0	2889480.0
Q3MHM5	TUBB4B	80975000.0	29775400.0	65641700.0	59001700.0	64579600.0	40241300.0	33824700.0	69418600.0	55566800.0	34270300.0
P80457	XDH	45882.2	118361.0			78102.8				113779.0	
A7MB49;F1MRW7	DDX20	44031.8								42735.0	
Q0IIM2	ARL6									12293.6	
E1B6Z6	LCN2					112783.0				210772.0	
E1BLX1	IFT88										
A0A3Q1MFC7;A0A3Q1MLW7;A0A3Q1MTV8;F1MM21	RGS6					74998.1					
Q7YRQ8	TFPI2										
F1MCB3;Q58DI8	STOML3				792436.0	255849.0	77705.0				97163.4
Q17QL8	LYPLA2				81911.8	154616.0	10389.8			135315.0	
Q3ZBW5	RHOB										
Q3SZF2	ARF4			261873.0						492675.0	
A0A3Q1MHX8	RAB2A				150295.0	124651.0				84756.6	
E1BLA2	TSNAXIP1										
A0A3Q1NK64;F1MUT6;Q2YDF3	DDX19B										
Q1LZH9	GNS	131708.0	426659.0		146623.0	306725.0	328537.0			363237.0	
P13620	ATP5PD	1263590.0	2462340.0	2504900.0	1218700.0	1118320.0	1571370.0	1636880.0	704449.0	2697730.0	
Q2HJH8	CFAP300										
F1MKA0	B3GLCT										
F1MEG3	LAMA1										
A4FUD7	RAB33B	623415.0			915511.0					711609.0	
Q08DP2	BORCS5									59101.8	
A0A3Q1LMR7;A0A3Q1MAA1;A0A3Q1N508;F1MS29;G3N3B7	PTK2	176130.0	247653.0		415393.0	156455.0	415814.0	682277.0		205033.0	817022.0
Q2TBU8	MED21		110041.0		33856.6	130273.0				284868.0	
F1N0E6	VWA5A					100347.0				172992.0	
A6QNV4;F1MEP7;F6RN30;Q58CQ6	GGA1									46223.1	
F1N085;Q0VC88	PAPSS2					155775.0	152659.0			80355.0	
Q3ZCL8	SH3BGRL3	483210.0	3125770.0	1241800.0	591398.0	380738.0	1296230.0	601906.0	1186470.0	430943.0	783247.0
P06394	KRT10	3697040.0		125325.0	1545070.0	2161260.0	1490500.0	207985.0			1410610.0
E1BCG0	C3H1orf87										
A0A3Q1LVV7;F6QND5	FGA	126905.0			128872.0	27041.9	234278.0	1083210.0		46897.3	786570.0
Q1RMJ6	RHOC										
Q32KL5	EMC8	677244.0	634602.0			377638.0	605837.0			370240.0	
Q2NL34	COQ9		82674.9	127054.0	87476.8	65046.1	192857.0			158362.0	
Q0VCY8	PEA15									16610.2	
Q5BIR5	SERPINB8										
A6QPD4	LOC790886					44614.1				125797.0	
Q56JV6	TWF1	352187.0			358944.0	252596.0	146907.0			216364.0	
A6QQW8	BABAM2				244845.0	333795.0	173160.0			294724.0	
A5PJ79;A7E3W4;A7Z014	TKT	2277160.0	4419800.0	2563650.0	1214090.0	3569550.0	4973680.0	2951030.0	3620200.0	3761600.0	
A0A3Q1LX44;A0A3Q1MCW7;E1BH02	CRYBG1			484563.0		583813.0	357697.0	403549.0		148425.0	
Q2KIQ7	SF3B6	548775.0	450438.0	911387.0	307241.0	530100.0	464551.0	370887.0	891135.0	603026.0	
A0A3Q1LX08;A0A3Q1LY83;A0A3Q1M009;A0A3Q1MQ24;A0A3Q1MQA0;F6QD08;Q24K04	RANBP3	748490.0	549515.0		1480990.0	417642.0	804104.0			290309.0	
A0A3Q1M731;A0A3Q1MHB0;E0AE18;F1N7F3	EGFR										
A0A3Q1LR40	LIPG										
A0A3Q1MG91;A0A3Q1MJ69;E1BJX6	SCUBE3										
Q0VCU8	EIF3J	236097.0	276938.0		117785.0	482459.0	353671.0			430319.0	
P48820	RANBP2	51223.8				97258.4		17935.0		23497.1	
Q3ZBT5	STX7		376681.0			199101.0	387714.0			291169.0	
G3MY03	TSNAX	36438.2	245117.0							191144.0	
E1BM26	PSME3	1543430.0	794629.0	496466.0	958801.0	406904.0	581139.0	203612.0	303300.0	1692600.0	1064090.0
E1B882	MXRA5	288560.0	668832.0		440970.0		297673.0	152592.0	742241.0	506817.0	
Q3ZBV1	IST1	118748.0		118784.0		230156.0				103255.0	
Q0VBY1	ODF2L										
A7YW98	RARS1	130235.0				386193.0				86521.9	
P19535	CDH3										
Q5E9Y2	STX17	293446.0			162742.0	199466.0				197267.0	
A4FUE3	RBBP5	183378.0	283103.0	171425.0	228725.0	410562.0	281775.0	106771.0	253973.0	232870.0	109716.0
A0A3Q1MPG8;F1MZP0	GBE1										
Q17QB7	RAB30										
A2VE69;F1MV22	PPAT					80272.5				89547.7	
Q32PG1	AP3B1	436935.0	493468.0	368423.0	292475.0	517560.0	699225.0		272466.0	467097.0	
E1BA24;E1BD67	SAAL1	83864.4				354704.0	193695.0				
A0A3Q1NB02;E1BLT2	SLTM		192940.0				234559.0			100819.0	
A0A3Q1LP50	LARP7		179453.0			189880.0					
Q32KS2	DNAI1										
A7MBC0	AMDHD2	267161.0	130380.0		133413.0	507564.0	269908.0			295896.0	
P05689	CTSZ	691764.0	346372.0	156690.0	870687.0	191670.0	296592.0	192783.0	271222.0	307004.0	253489.0
Q28153	CELA1	97584.5			536985.0					104187.0	
Q3SWY9	RAB28					74172.3				85407.4	
Q4U5R3	PSME1	180369.0	249380.0	110470.0	120567.0	215313.0	215203.0			404417.0	
A0A3Q1MDB6;A0A3Q1MDL2;A0A3Q1MPP6;A0A3Q1MXW3;A0A3Q1N0A4;F1N616	HDAC7		63280.4	230273.0	137502.0	181822.0	254099.0		288119.0	111341.0	
A0A3Q1LJS2;A0A3Q1LWS2;F1N406	EML6	5588830.0			7766520.0	2295850.0		2552460.0			
Q2TBW2	COQ7									152738.0	
P63099	PPP3R1										
A0A3Q1MDB8;E1B9L5	FXR2	133726.0	302865.0	895100.0	181847.0	218744.0	277754.0			297621.0	
P20288	DRD2	87646.7	223095.0				79255.9			242677.0	41986.3
A0A8E6GRC7	ATP8				15292.2	62053.3	42891.0			24017.5	
A0A024QYS0;F1MDX9	PTEN				37817.8	64380.2				128692.0	
Q32LP7	SKAP2										
A0A3Q1LR68;A2VE03;F1MGQ5	ITCH	713857.0		741925.0	1506620.0	601329.0	252358.0	492633.0		389930.0	499428.0
Q29RL2	CHORDC1				148473.0	83526.1				61924.9	320408.0
Q2KIR1	SNRPA	436334.0	703338.0	1061620.0	435433.0	1327680.0	503196.0	353477.0	764594.0	486585.0	
A0A3Q1NN69	NCKAP1	223719.0			235048.0	287271.0				128147.0	
Q2YDD0	HSPA14	169298.0				128600.0				290738.0	
Q32L58	LOC504773	73618.7	573241.0	911953.0	390364.0	208242.0	330302.0	496733.0	427568.0	228684.0	167383.0
A6H748	CYP1A2										
Q2KIY7	BTF3L4	506924.0	819420.0	907493.0	381029.0	597905.0	1266180.0	718237.0	1018490.0	505409.0	587579.0
G3MX78	DCDC2B										
Q0VD16	MAP2K1									112211.0	
Q76I81	RPS12	1865230.0	6234680.0	1643890.0	1492790.0	2408370.0	2742300.0	1283500.0	1300360.0	4435900.0	1152970.0
Q2KHU3	EXOSC8	534992.0	282440.0	642713.0	293184.0	195634.0	172622.0	399061.0	459160.0	568594.0	454138.0
P62998	RAC1					998259.0				463011.0	
G3MZX0;G3X6Y0	PPP1R12B	299633.0	146402.0	588447.0	350945.0	147915.0	640859.0		210338.0	213972.0	195952.0
A0A3Q1MQE1	CACNA1S				1583540.0						
A4FV30;F6R7X9;Q5BIM6	CCDC8										
Q56JU9	RPS24		1401180.0	320705.0	404960.0	424670.0	343263.0		239990.0	428771.0	
P21782	PTN					162176.0					
Q3T0W9	RPL19	248288.0	660910.0	1477550.0	514796.0	241501.0				634896.0	
P23935	NDUFA5	176929.0	310723.0	250491.0		165865.0	225038.0	279320.0		217682.0	
A6QLX2;F1MM59	FBL	563003.0	1069480.0	630116.0	299525.0	1417220.0	934764.0		270314.0	451106.0	
A1A4L8	MOCS3	110540.0		462753.0		237450.0			658634.0	297170.0	
A5PJP1	BLOC1S3	34895.4	166198.0	115303.0		140941.0	277359.0			145316.0	
E1BCW0	HGFAC				104380.0	155722.0					
A0A3Q1M083;A0A3Q1MZ77;F1MTI7;F1N5T0;Q1RMP3	CUTA	44137.8		110372.0	596292.0	30632.9	20854.0		65511.1	76818.9	21316.1
Q0VCH4	GAL3ST3									30656.7	
E1BKY3	CPT1A	66777.0		175248.0		313224.0				61483.8	
A0A3Q1N357;A0A3S5ZP47;Q1RMT6	DBN1	1239920.0	1666150.0	994401.0	1032080.0	1087800.0	1133850.0	1063200.0	1050700.0	925298.0	1120400.0
P00442	SOD1		144403.0	154291.0	311133.0				116910.0	25937.0	
F1MRS1	PPP4R1	229867.0	143757.0			269742.0	401590.0			122726.0	
A7MBG4	KEAP1	499339.0				170317.0			20077600.0	342608.0	
A2VDQ6	CDH11	454462.0	306753.0	392327.0	350823.0	279557.0	335637.0	320591.0	500601.0	404791.0	
Q2KIS3	UBL7		42076.3				29780.2	39589.1		67491.6	
Q95KE5	MRPL43	77287.3								180367.0	
Q865V6	CAPG	385215.0	1206600.0	810656.0	460197.0	718594.0	1442070.0	1219700.0		722281.0	935812.0
Q2NL36	DIABLO	55087.4				83415.6				161345.0	
A0A3Q1NN74;E1BCK4	PCDH7										
Q9TU23	CEP290										
A7E2Z6	SPG7	33802.4		42044.3		33338.1				101390.0	
A0A3Q1LRV6;A0A3Q1MDG9;Q3SZ96	LZIC										
A2VDP1	RNF20	144000.0	116117.0	222782.0	155023.0	284663.0	180713.0		244944.0	158184.0	81697.7
Q0VC36	SFN										
Q58DC0	CPPED1										
G5E5S5	NAV1										
Q3ZBF3	MRPL38					173233.0				116546.0	
A0A3Q1MJQ0;F6PZI3;Q0V8K9;Q3ZC83	SLC29A1				76318.5					27998.1	
A4FUZ6	HSDL2	47988.2	283604.0			321704.0	334837.0			164116.0	
O46415	FTL	2918490.0	847161.0	4119140.0	16124600.0	1388260.0	637514.0	2054260.0	2586950.0	2754800.0	1280130.0
A0A3Q1M2E9;E1BF95	PPM1F	230909.0	103781.0	86674.5	86806.7	275167.0	287280.0	198071.0		102377.0	
Q3MHR0	LYPLA1		65580.6			85338.9					
A6QP47;F1MVN0	ATN1	214252.0	120439.0		350136.0	212112.0			175921.0	225900.0	
A4FV54	RAB8A	57763.4			27470.8	49274.3				34512.1	
A6QLQ0	RNF2	111565.0	36770.4		118742.0	47579.3				94450.9	
Q01321	NDUFA4	700885.0	408286.0			418812.0	87938.3			499706.0	
Q32KP9	NUTF2	143332.0	93115.2	316462.0	315595.0	105307.0	103767.0			457649.0	
Q2TBM8	WDR26	182373.0	100839.0	167836.0	138808.0	102592.0	74307.0		193586.0	209638.0	
A0A3Q1MDC2;A0A3Q1MLZ6;E1BP72	CDC42BPB	281946.0		253322.0	233125.0	388886.0	355405.0	186034.0		163911.0	
E1B9Q4	MSH6	192096.0	189886.0		375320.0	271789.0	223957.0			173888.0	
Q24JY1	RPL23A		1839050.0	708107.0	262574.0	453264.0	1115100.0	507149.0	448724.0	436005.0	277281.0
Q9TU25	RAC2										
A4IF69	NHLRC2										
A0A3Q1NHI6;E1BFB9	FAM114A1	284906.0	286757.0		209983.0	446965.0	756165.0			311014.0	
Q2TBP7	MYCBP	76562.7	323570.0	269373.0		106412.0	229769.0			340061.0	
Q3T102	EIF3E	364208.0	386350.0	432663.0	220412.0	557418.0	465786.0		410220.0	324145.0	
Q5E9X0	GFRA2					85622.7					
F1N1I6	GSN	245781.0	225487.0	406826.0	242283.0	308776.0	150842.0			370208.0	
Q3SX32	PLIN3	227109.0						162457.0		175010.0	
A0A3Q1LKQ2;A0A3Q1MF39;A0A3Q1MJZ1;A0A3Q1N3T0;A0A3Q1N8G4;A0A3Q1NAM6;E1BFA8	NBAS	104234.0	65246.9		89446.1	124694.0	78857.2	78736.0		56053.0	
A0A3Q1M4P9;E1B8J6	FAM83H					92870.1					
Q3T042	NOB1	73019.3	175022.0		108427.0	87047.5	141828.0			214586.0	
Q58DW3	RPL29		830293.0	1329250.0			505220.0			116726.0	
A1L520	ARFGAP2	135753.0	96388.2	254155.0	136628.0	53123.6	46143.3			178952.0	52326.6
F1MH23	MAPKAPK5	240141.0		199349.0		350925.0	199645.0			129773.0	
A0A3Q1LU59;A0A3Q1LXN5;A0A3Q1M825;A0A3Q1M9F7;F1N3N6;Q29S06	MAPK15								587863.0		
A0A3Q1M0I4;E1BK41	ADAMTSL1									63242.9	
P42026	NDUFS7										
A0A3Q1MR74	LGALS7	295062.0	238209.0	393104.0	264462.0	387138.0				362841.0	
E1B8X5	TENT5A	218742.0								157297.0	
G3N0B2	CBY3	4974720.0	1571730.0	1767060.0	5538250.0	1882740.0	2024600.0	3496220.0	3326000.0	1517980.0	4851890.0
E1BJW1	HTRA4				97550.0					83452.9	
Q3MHL6	TSC22D1	78234.2	74344.0		94480.7	56621.9				186989.0	
A0A140T846	APEX1		29207.0			46264.9					
F1MEN1	LOC516108					18050.0				168454.0	
A0A3Q1MFR6;C3V9V7	TMED2										
A5PJI5	GET3	731423.0	676747.0	1135670.0	652531.0	1097800.0	901209.0	517169.0	662305.0	1408100.0	
Q28021	ROCK2										
A0A3Q1MIW2	GSN			243006.0	306667.0	175270.0				336424.0	
Q5EA28	CXXC1					66038.7					
Q2HJ48	KCTD1										
F1MD58	CASP7	255101.0	253844.0	178159.0	312944.0	402039.0	320344.0	81223.6	207323.0	287704.0	264719.0
A0A3Q1M635	SUPV3L1			720575.0	888871.0					804695.0	
A7MAZ3	UBA5	95976.1	420868.0			119779.0				74656.1	
A1L5A6	ADRM1	1453170.0	179155.0				448748.0	180345.0	151729.0	234041.0	
F1MZU1	LARP1		246718.0		130984.0					276583.0	
A7MBB7	NFKB2	67726.1			83780.3	77686.5				149600.0	
Q8MI28	EVC2	4637300.0		554074.0	6746880.0	1638880.0	552936.0	1535940.0		1337930.0	2912960.0
Q08DY9	CASP3										
A0A3Q1MSA5;E1BMM4	VPS26B										
Q17QS1	SNX24									35745.0	
A0A3Q1LZA0;A0A3Q1M0N9;A0A3Q1M3E2;A0A3Q1M6W6;A0A3Q1MD05;A0A3Q1MIJ7;A0A3Q1MML2;A0A3Q1NKS0;E1BMC6	SLMAP	948616.0				288445.0	286609.0			202472.0	
F1N120	LXN				40469.4						
A0A3Q1M0I2;E1BF92	USP48										
P80747	ITGB5					116571.0					
A0A3Q1MA03;A0A3Q1N3C7;A4IFB8	IPO4					135746.0					
A0A3Q1LVA2;A0A3Q1ML78;A0A3Q1NHD7;A4IFQ7	BCAT1	49222.1				465837.0	58800.3			142936.0	
E1BG95	UBP1	273643.0	219379.0	307614.0	233427.0	290178.0	177320.0	293849.0		264908.0	182375.0
Q2KJ25	PSMD12					120519.0				148818.0	
P02721	ATP5PF		975251.0	1154390.0			481480.0				
A0A3Q1M8V6;E1BAK6	DAZAP1	356073.0	468639.0	330285.0	144620.0	354384.0	380019.0	441590.0	285205.0	233302.0	263990.0
E1BPN8	COA7				318407.0					251430.0	
Q5E9L7	VPS16	182862.0			148570.0	184718.0				131945.0	
A0A3Q1MC16;E1BCI6	RECK			171772.0	106536.0	216695.0					
E1B844	TIMM44	7035920.0	7094930.0	5725740.0		6660960.0	6762230.0	6800180.0			5940690.0
Q8SQB8	ITGB6	1288920.0	1309770.0	2192300.0	3652130.0	1827560.0	1371080.0	1190790.0	1086030.0		
Q9TTS3	ACACA	22949.1			108169.0						
A0A3Q1LX10;A7Z018	RCC1	450216.0	1389910.0	289603.0	334334.0	1345650.0	845439.0	289932.0		538748.0	205489.0
F1N7G5	MBD1										
Q3MHE1	TSEN34	55892.7	90827.9		42523.0	45473.9				41318.2	
E1BP91	NPEPPS			67236.8		55403.9				55636.5	
A0A3Q1MQD7;G3MWH1;Q3SYU8	TPD52L2	756639.0	1725380.0			1879270.0				248645.0	4849550.0
A7MBB9	CDKN2C				162190.0					172224.0	
E1BC09	AOC2					170842.0					
A0A3Q1LKW4;A0A3Q1M6Q9;F1MQ84	PDE4DIP					166207.0				40431.7	
A0A3Q1M9N1;Q3SZ30	AKIP1		1461920.0								
A8YXY3	SELENOF	236395.0	298410.0		150577.0	295714.0	78045.0			413471.0	
A7MB36	TRIM3		189240.0	184461.0	114986.0	361887.0	378898.0			183893.0	
A0A3Q1LTV3	LOC508666				147324.0						
A0A3Q1MCI2;F1MDS5	LRCH1				99089.5	85134.8	21237.8			95089.5	
A5D7M3	GAS8	689672.0			2440180.0	376914.0	795572.0	2175410.0	1165680.0	1261400.0	2515110.0
A0A3Q1N996;F1MYQ3	RIPOR1	207914.0				143072.0	91114.8			211651.0	
F1MDS3	PCK2		67786.0			64848.8					
Q3T145	MDH1			376716.0	216186.0	134991.0				169952.0	
P08165	FDXR					117005.0				110390.0	
Q2HJ73	HIBCH		59417.0			69600.5				43988.0	
A0A3Q1NLJ5;F6QLM5;Q29RN2	GYG1	197706.0	226228.0		152270.0	425056.0	474311.0	144932.0	407478.0	146914.0	
Q32PJ8	HDAC1	814754.0	490239.0	811697.0	574554.0	1035580.0	723659.0	473036.0	667441.0	715055.0	354153.0
F1MFZ7;Q0VC01	HDAC2	413840.0	208656.0	196281.0	320853.0	443995.0	267372.0	221344.0	102155.0	356688.0	229440.0
E1BBM0	MRM3		117878.0				46849.2			123265.0	
A0A3Q1MRB3;A0A3Q1MU14	TRAPPC3	272567.0	316112.0	374171.0		295881.0	305070.0	301608.0		144471.0	
Q5E951	TBCB					47404.1				50819.0	
F1MWG1	OGDHL	187153.0	149247.0	184491.0	73904.2	429726.0	241664.0			406721.0	
A1A4J8	SCO1		150740.0	244652.0		258319.0				257874.0	
F1N3I3	UBE2O					58563.1				33875.1	
A0A3Q1LU20;A0A3Q1MTM8	ZNF207	393696.0	340813.0	294084.0	362938.0	589610.0	345261.0			210995.0	137455.0
A0A3Q1MIC3;F1N686;Q3T068	SCOC	76513.8	101725.0		57333.2	17500.2				142562.0	
A0A3Q1LVI9;E1BN15	PGPEP1	79795.0									
A6QPQ2	SERPINA3-8			169937.0	451579.0	89526.0	174144.0	105690.0		302270.0	
P48830	ZP3										
F1MRU4	DNAH3	2546290.0									
Q5E9Z2	HABP2	127684.0	153640.0	90318.8						110216.0	
A0A3Q1LN22;F1N7K8	ALDH6A1	124097.0				195466.0				320472.0	
E1BLX2	SETD1A	88503.9				171817.0				91927.5	
E1BJ18	CAPN6										
F1MS84	NOVA2	80928.2				64154.0				77392.9	
Q29S11	NUCKS1		347701.0	380446.0		939116.0	677201.0			239002.0	
Q5E953	UFC1	244337.0				158162.0				304646.0	
Q04173	RAP1GDS1	997290.0	704601.0	626571.0				959569.0	905942.0	1122770.0	1434860.0
A0A3Q1LZ35;A3KMX4;F6Q4T4	REPS1					91906.9			725430.0	122789.0	495399.0
E1BF13	KBTBD11			129949.0		144371.0				85156.2	
Q2TA16	CCDC65										
P0C1G6	SWAP70				283988.0	155106.0					
A0A3Q1M208;E1BDU8	LIMA1	163630.0	354847.0	413887.0	150117.0	241537.0	211315.0	47868.5		189797.0	36670.3
Q9XSC3	WDR44					184563.0	224555.0				
P80177	MIF	1062870.0	7631410.0	4089050.0	1413990.0	4334810.0	11592600.0	1200700.0	1066090.0	3815590.0	964996.0
E1BGJ5	CD93				39684.1	2248080.0				169885.0	
Q24K11	AP3M1	450773.0	408971.0	408396.0	188940.0	483033.0	781086.0		318748.0	331065.0	
Q5W9D7	QKI	819935.0	950552.0	724693.0	825089.0	666523.0	803178.0	917693.0	965049.0	935846.0	659487.0
A0A3Q1MRF4;A6QP26;B2CZT3;F6QK60	SIRT2	76797.3				176900.0	62614.0			118927.0	
F6R621	BLOC1S5	281773.0			406716.0		197817.0			304907.0	
A0A3Q1MMJ7;G3N3U8	CALHM5										
A0A3Q1MBH3;A0A3Q1N164;E1BBK8;F1MD37	PPFIA1	212417.0								141407.0	
A7YWF3	NPHP1										
A5PK76;F1MTZ8;G3MYB8	ASPSCR1	21678.8				78372.2				52118.2	
A0A3S5ZP35;A6H7D7	BZW2	322020.0	46253.8		255078.0	240880.0	119929.0			131287.0	129411.0
A6QPG0;E1BIR9	SARM1	127017.0									
A0A3Q1LV58	ZBED3										
A5PJN2	ERO1A				15941.2	124502.0	97866.1			35020.7	
Q3T0E7	PPP1CA	1877070.0	572583.0	561143.0	1174250.0	737516.0	486942.0	832954.0	754856.0	1463830.0	781469.0
A1A4L1	THEM4									124054.0	
Q0VD27	ENOPH1									21147.4	
F1MTR3	SIN3A	167767.0				147712.0				81594.3	
F1N3F2	IRF2BPL	129769.0	140594.0		131728.0	162420.0	201912.0	54506.6		97533.1	
P35816	PDP1	122799.0	175394.0	128565.0	109599.0	219047.0	213257.0			180480.0	
P61635	STAT3		104351.0		91120.3	122982.0	98442.7			149813.0	
A5PK51	NAPRT					169674.0	98890.9			66738.0	
A0A3Q1LLJ3;A0A3Q1MQ11;F1MDR9	PPM1M		150792.0			198471.0				134430.0	
Q3SZ60	THOC7	24301.7	150707.0			131662.0	69586.8			133546.0	
A0A3Q1M1D5;F1MSD2	RUVBL2	339865.0	905296.0		560138.0	620191.0	506825.0	256278.0		684352.0	
Q05B55	IGK	7168090.0	8793750.0	5641450.0	6943380.0	4969280.0	5001110.0	4790740.0	5699160.0	8437780.0	3059390.0
E1BCE0	DNAJC8	216811.0	189126.0		375896.0	189914.0	153351.0	345476.0		259313.0	
Q5E9H8	GPR173	450853.0		185210.0	186322.0	312312.0		229651.0			
A0A3Q1MDS4	RAB3D	148684.0	100945.0		213881.0					172314.0	
F1N6Y9	CELSR1										
Q2HJE1	WDR91	97203.5		48378.4	159348.0	93132.6					
Q0VD00	KCTD15	235932.0	146661.0	141263.0	187586.0	81322.9	218204.0	243117.0	357416.0	267900.0	282271.0
A0A3Q1LF81;A0A3Q1MRR1;F1MQY1;Q2T9Y5	LIG3					85984.1				14076.0	
A4IF89	EXOC8	119823.0		190313.0	78900.1	241626.0			102783.0	104325.0	
Q32P78	POLR2L	3754540.0	2143530.0	2277640.0	3362500.0	1700750.0	2546630.0	2391020.0	2566560.0	4410860.0	2679090.0
A0A3Q1LXW2	BRAT1										
A0A3Q1M099;A0A3Q1MGU7;A0A3Q1N4S4;F1N1V3	NUP205	449840.0	22678000.0	2442810.0		8515090.0	15095100.0				
A0A0K1L4Y6;G3X823	TRIM26					32912.4					
Q148F1	CFL2				25886.1					63229.3	
A0A3Q1M2J0;A0A3Q1MRZ3;A8E4M9	PRPF39	99320.1	92452.8		60087.0	239637.0	95602.9			282607.0	
Q3MHG1	SPTLC1	33339.4			51265.8	169793.0				135065.0	
Q2KJ77	HSPBP1	215192.0								145133.0	
E1BIU7	PTPN23				168650.0	200903.0	208155.0				
E1BCH9	VCPIP1	31430.2		134287.0		83071.7				61405.3	
Q2HJG8	TAF7					45081.9				92811.4	
A0A3Q1MF92	C13H20orf27				206608.0	129104.0				225865.0	
Q2KID6	PLRG1		190618.0			218454.0	318311.0			158096.0	
A0A3Q1LL24;E1B7F6	PLXNB1	216450.0			462897.0	87768.5	163004.0	395571.0		149577.0	
A0A3Q1LMD4;A0A3Q1M3B4;A0A3Q1M9L7;F1N2U3	MAP4K5					52489.4				43251.7	
A0A3Q1LYE7;A0A3Q1N147;A1L528;Q3ZBD1	RAB1A	363389.0	329806.0		231318.0	372649.0	485185.0			289129.0	
Q2HJH2	RAB1B	2141810.0	2710380.0		2409750.0	2467930.0	3210890.0			2626560.0	
Q32LP0	FERMT3										
Q3T0I4	ALYREF	693244.0	1959210.0	603615.0	1218680.0	1273950.0	2305620.0			701288.0	403339.0
Q3T148	EIF3M					143247.0					
A6QPZ6;F1MVY8;Q32S31	TAP1	106754.0	913343.0	406600.0	139246.0	377197.0	689442.0	489661.0		173659.0	231819.0
A7MAZ9;F1N4I7	DCP1A	363594.0	111242.0	284629.0	471675.0	130273.0			423512.0	290219.0	246067.0
A0A3Q1M1X6;F1MZ03	ACAP2										
Q32L63	VTA1	200518.0	235229.0	196342.0		179877.0	329538.0			197780.0	
O46414	FTH1	945345.0	68028.7	726447.0	2712690.0	219564.0		490266.0	480358.0	726331.0	192086.0
E1BAI0	RAB23	392906.0	358427.0	382830.0	407266.0	347456.0	384226.0		1026850.0	409206.0	
F6RS49	STAM	324100.0	166287.0	341771.0	651849.0	434054.0	461092.0			441212.0	
E1BN47	CYFIP1	141933.0	92501.4	354395.0	158503.0	316716.0			173067.0	85242.9	
A0A3Q1MEC9;F1MBJ7	TNPO2					143927.0				85583.5	
F1MYY5	TCHP										
A0A3Q1NCR8;A7YY65	MTCH1	136601.0				341687.0					
A0A3Q1LW70;A0A3Q1NHP5;E1BLG0	AK8										
A0A3Q1M072;A0A3Q1MEH7;G3N105;Q2YDP4	GORASP1										
Q5E9H1	FIBIN										
E1BCI8	SLC12A4		155072.0		36810.9					158322.0	
A0A3Q1ML29;A8KC67;F1MFD5	RANGAP1		155076.0			345512.0	221481.0			141103.0	
E1BI15	HOOK2	3332560.0	5031220.0	2676490.0	4947270.0	13636000.0	7237270.0	3620770.0	396884.0	5484140.0	1043360.0
A6QQL4	UBFD1									114713.0	
E1BGG1	RSPH4A										
Q32KW2	UBXN1	201467.0	70834.2		267446.0	83527.3	29124.7		84712.6	262575.0	
P25326	CTSS	423224.0	246493.0		1297390.0	144518.0	131123.0			396905.0	
Q0II22	RNF126	328246.0	269395.0	253228.0		184524.0			303064.0	392912.0	
A0A3Q1LRH8;A0A3Q1LVY6;A0A3Q1LZZ9;A0A3Q1MBN3;A0A3Q1N6B7;A0A3Q1NJA2;A0A3Q1NJL8;E1BGP1	LRCH3									120282.0	
Q3SZV5	POMP				45451.6						
A7MB22;F1MJA5	FAM171A1									83611.0	
A0A3B0ITQ7;E1B766;F1N0F4;Q0VCF4	C1QTNF7	105738.0			155376.0	142798.0				66058.6	
A6H761;F1MHQ5	RNMT	203234.0			173382.0	165217.0				249361.0	
A5D7N3	TMEM11	144324.0			42131.8	89215.4				139602.0	
A6QQQ3	PRELP	1059440.0	5548570.0	1077990.0	1447480.0	4875170.0	4314720.0	429842.0	244458.0	2218560.0	284054.0
A0A3Q1M694;A0A3Q1NFU0;F1MBM9	ARHGEF7	895255.0	902491.0	1170720.0	775720.0	1175620.0	1453960.0	1344870.0	768695.0	611795.0	1033170.0
A0A3Q1M0P0;E1BIP2	SLC44A1					131398.0					
Q95L46	EIF4G2	78756.9		134852.0	147193.0	77931.8				48167.1	
Q5E9G0	GSTA4										
P52556	BLVRB		143707.0	70233.2	61168.8	90189.2	139495.0			214676.0	
Q2TBQ3	GAMT										
A0A3Q1MKH2	AKAP17A			1932940.0					1205150.0		
Q0VCF9	LSM12	442895.0	1774170.0		555304.0	241318.0	560733.0	885644.0		311760.0	2221090.0
A0A3Q1NKC6;Q2KJF3	NFU1	103266.0				459256.0				225763.0	
F1N6D3	UBQLN4				117501.0	150725.0				159566.0	
Q2TBK4	HAUS1				47081.0					122625.0	
E1BGU4	PLA2G10										
F1MK73	YAP1	520252.0	433320.0	895742.0	719072.0	507484.0	517975.0	777406.0	1440510.0	277134.0	726635.0
E1B718	FMNL3									92924.0	
A0A3Q1LXT8;F1MTX7	DARS1	54726.1								61982.7	
A0A3Q1N827	SPTAN1									320279.0	
Q32KN5	DNAL4			253826.0							
A3KN48	EEFSEC				99477.0	150161.0					
A0A3Q1MG42	MYH11	445584.0	296890.0	1659670.0	1911720.0	879764.0	1205740.0	1454210.0	423331.0	199231.0	576199.0
A0A3Q1M8B0;F1MLV1	PSMC6	597573.0	291079.0	163626.0	499417.0	463309.0	100159.0			775079.0	
A3KMY9;F1N0D6	JAK1									51680.9	
Q28205	TBCD										
Q58D49	MMAB										
Q3ZC32	OPTN									64653.6	
A0A3Q1N2S6;A5D7S6	PEF1	319978.0	333637.0	571000.0	432834.0	281101.0	419134.0	335719.0	456152.0	239401.0	323635.0
A0A3Q1N2V0;F1MM82	SLC39A10									77827.0	
Q3SX33	THY1	755724.0	2016530.0	2046960.0	1523230.0	1957030.0	880159.0	274263.0	855439.0	933397.0	
Q2TBW0	ATXN10				62324.4	118644.0					
A0A3Q1MUB3;F1MCL8	ARHGAP31	43023.9								26493.2	
A0A3Q1MCY6;F1MUH9;Q2T9Z9	CTTNBP2NL	268682.0	190929.0	359575.0	179650.0	185254.0	222287.0	155345.0	283914.0	206063.0	130055.0
Q0V899;Q3MHK8	METTL7A										
A0A3Q1M0F1;E1BDB1	RASIP1	183376.0	239427.0	338842.0	213757.0	307832.0	438306.0			109360.0	
A0A3Q1MK02;Q3ZBH2	NQO1	246848.0	101670.0	123039.0	91795.6	363278.0				240316.0	
G3N176	DESI1									267794.0	
E1B7B1	SEC63										
F1N2N9	ODAD1		5925690.0	2749060.0		1273430.0	7396060.0	2515000.0	1808950.0	3380740.0	
A0A3Q1LKA7;E1BCQ3	CCDC88C										
A0A3S5ZPK5;A7Z049	WDR81	50782.4									
P50291	FST										
A0A3Q1LY06;F1MZ39	PODNL1				620221.0	93167.6				66646.2	
A0A3Q1MB84;A0A3Q1MQ80;B0JYP1;F1MJX9	PRKCA										
Q2KJ22	MINDY1										
E1B702;G3MZV8	TGFBR2	68823.9	27404.6	99542.0		41528.3				115616.0	
F1MV58	LRCH4					305646.0				99001.9	
Q6VE48	CD46				183457.0	496006.0				81470.5	
Q0P5M8	PMPCA		76893.0			122255.0				119639.0	
A6QQV3	LSM2	9469280.0	4158220.0	2510320.0	4863680.0	4905960.0	6752700.0	6636460.0	2653680.0	6705240.0	7881990.0
O77788	NEFM					93599.5					
A0A3Q1LS66;A0A3Q1M8M4;A0A3Q1M9R3;A0A3Q1MSP5;A0A3Q1N2M4;A0A3Q1NDG8;E1BKT3	ERBIN				98482.1	102179.0				85899.5	
Q0P5I6	PRPF38A	875006.0	379905.0	544329.0	415519.0	558253.0	460318.0	330195.0	974382.0	672464.0	
F6QM50;Q3SZ34	UBL4A	104955.0	92304.8			83022.3	70263.2			157181.0	
A0A3Q1LZ55;A7E3D9;F1MBW3	ACSL4					160985.0				61192.0	
F1MYN8	SON	1479840.0	1822040.0	2411160.0	3224840.0	1466400.0	1692780.0	2677740.0	4691870.0	1258850.0	2833940.0
E1BAF6	PRRC2A				29975.2						
P04975	CLTB		481542.0			561368.0	196678.0			701994.0	
E1BIF0	POLE							227397.0			783118.0
A0A3Q1MJ68;A6H7I2;F1N3Z3	LLGL2					170614.0	105605.0				
A0A3Q1LFJ4;A0A3Q1LLM7;A0A3Q1LT18;A0A3Q1M053;A0A3Q1M7E1;A0A3Q1M805;A0A3Q1MH82;A0A3Q1MHZ6;A0A3Q1N3M0;A8E4L8	LMO7										
A0A3Q1LMZ4;A0A3Q1MBF0;A0A3Q1MFP4;A0A3Q1N521;F1MNL4	NEO1										
Q3SZ41	RBPJ		57532.5		36762.1	60903.4				71025.8	
Q2TBN5	COMMD9										
Q08D91	KRT75						325668.0				
F1MPU8	TEN1	796780.0	1105890.0		557557.0	282637.0	775454.0		994992.0	740448.0	646885.0
A0A3Q1MEH4	SEPTIN5	610152.0			332445.0	181886.0		291184.0		421028.0	
F1MLI8	PODXL	109790.0	94938.2	305417.0	254194.0	398688.0				214944.0	
A0A3Q1M0Y6;F1N0V8	COLGALT2				119151.0	43558.6				162595.0	
A2VE79	NUDT3	156645.0	47637.6	150884.0	352672.0	136272.0				228944.0	
Q3T0D5	RPL30	2360280.0	9051370.0	3222070.0	2619480.0	4204120.0	7338010.0	1866960.0	3224440.0	4633340.0	3906580.0
Q0VCU0	PCBP4	288234.0	181790.0	99251.0	461103.0	157376.0				201385.0	
A0A3Q1LLI7;A0A3Q1LN72;A0A3Q1LP77;A0A3Q1M1P3;F1N458	ARHGAP17	751634.0	669094.0	838088.0	568718.0	833090.0	1310960.0	1151520.0	647689.0	400161.0	443409.0
E1BAK5	CENPC					134651.0	51063.1				
A0A3Q1N191;A0A3Q1N9S1;F1MZT7	GCN1					201036.0					
A6QLV3	SHOC2	42178.9				52522.5					
Q58DC5	GTPBP1	567424.0	527899.0	472175.0	499707.0	785188.0	907118.0	3125650.0		570434.0	285197.0
Q1RMI8	CCDC22		55647.5			158223.0				107070.0	
A6QP36	LMAN2	179639.0	196578.0		152606.0	224541.0				144228.0	
A0A3Q1MT26;A0A3Q1N9P2	PARD3		44588.2		94880.6	49446.6				124634.0	
A0A3Q1M881;E1BK57	TBX3	63642.9	33988.8	98668.9		26917.4			137061.0	62191.3	
Q3ZBC0	POLR2K	187751.0	217221.0	406051.0		91545.1	189306.0		490056.0	174393.0	
P58108	PRKAG1									122676.0	
A0A3Q1MCZ8;G3X6L5	ARL8A	111568.0	193788.0		207763.0					181619.0	
A0A3Q1LHD2;A0A3Q1M063;E1BNH8	PBRM1				26891.4	160947.0				80013.7	
E1BFX6	RBM15	207983.0	208410.0		236162.0	276990.0	180534.0			179083.0	
P52505	NDUFAB1										
F1MGC0	SUCLA2	129162.0	82621.0		262925.0	137498.0				257780.0	
A0A3Q1LK18	C19H17orf58			36595.4							
A0A3Q1M681;A0A3Q1MD13;G3MYD5	IVNS1ABP									38187.9	
A0A3Q1LYQ7	SRP9		280718.0	185639.0	483956.0	138681.0	263919.0			491321.0	
F6QQ96;Q05B69	NUB1					126222.0				107498.0	
Q2KIE4	MCTS1					100103.0				18819.8	
P0C2B8	MRPL55		55456.1								
Q9TTK8	CKMT1	71514.9	487240.0			150029.0	152021.0	165693.0		95201.6	
K8FK38	HSP70					89402.0	338079.0				
A0A3Q1M980;A0A3Q1MS08;F1MSB5;Q2TBT2	GORASP2	184377.0	84847.1	96539.3	198647.0	106838.0	85774.5		136512.0	234523.0	60902.4
A0A3Q1MGP1;A5D9E9;Q3SYT3	C1R					124446.0	48406.8			158300.0	
Q2KIS4	DHRS1									13182.8	
Q1RMU5	RBM5		55355.6		83720.2	57538.3	100636.0			66673.1	
F1MTY9	HMOX2	89586.9				156537.0				97856.0	
Q3ZC61	MRFAP1	52396.2	81174.7		40243.0	24336.9				134152.0	
A0A3Q1MVZ1;F1MU08	PARP1		291522.0			159511.0	291010.0			57094.1	
A0A3Q1LPN3;F1N4B0	SASH1									23883.5	
A6QLR4	FLOT2	63640.3	402428.0	365949.0	161417.0	305454.0	585205.0	174618.0		186671.0	
O02853	PTGDS				199428.0					79046.5	
A0A3Q1MEG8	CD74			83660.7	706095.0	67911.4	115903.0				
Q2T9W6	LRRFIP2										
F1MSE7;Q0V7N1	SUSD2					195893.0	29185.5			93195.6	
A0A3Q1LJN3;A0A3Q1MSE3;E1BDQ9	WDR20	21101.0				31735.3				54634.5	
Q32L52	GID8		110911.0			89918.8	74495.9			95006.9	
Q56JY0	HIKESHI		262730.0	274920.0	255556.0	257417.0	503108.0		268151.0	233875.0	381808.0
A0A3Q1LPC9;A5D7B3	NUP58	159614.0	371755.0	162034.0	115449.0	317927.0	122984.0			242919.0	
Q3T172	ECH1			264911.0		26837.2	170169.0			166385.0	
Q9TUM3	STAT5B				39784.6					11779.3	
A0A3Q1LPX4;F6RJG0;Q3ZC79	HMGCS1									463693.0	
F1MX07	TEKT3			51762.9			33398.8	43058.0			
A6QQ28	H2BC8		684681.0		116453.0	173282.0	809283.0			89318.2	
A7MB18	NTN4		20695.5								
Q58CP2	SUMF2		241971.0			141782.0	158784.0			110732.0	
A0A3Q1M594;A0A3Q1M7R3;A0A3Q1MDP8;A0A3Q1N2W5;E1BE88	ATXN2					124296.0	34044.8			78351.0	
A0A3Q1LQE0;A0A3Q1MC53;F1ME97	OPLAH					37219.6					
Q3T103	CDIPT	58046.6			136071.0	141032.0				42230.3	
Q08E57	BABAM1	386980.0	288175.0	374891.0		550269.0	562201.0			398904.0	
Q5E9X1	NFYC	514622.0	514412.0	643458.0	660777.0	409431.0	731899.0	901789.0		394759.0	1163600.0
A2VDU3	MAP3K7	275243.0	91889.0	69617.0	225917.0	123177.0			164491.0	162089.0	184511.0
Q08DV2	GNPNAT1				102523.0	98886.4					
Q2HJ54	PITPNA					37550.6	50210.9				
E1BMC8	ISY1		186713.0		104914.0	306339.0	190312.0			301640.0	
E1BCS1	CNOT3	158698.0	240362.0	203273.0	126383.0	758867.0	824898.0		317963.0	177264.0	
E1BHK6	SNX33	277232.0	192251.0	721033.0	115510.0	256724.0		221172.0	421648.0	275856.0	
P00743	F10	1040420.0	378986.0	853527.0	987412.0	1040710.0	599141.0	624661.0	1609820.0	1533100.0	476787.0
G3MZ71	KRT2	5447370.0			409103.0	1290620.0	716340.0				
A0A3Q1MEG1;F1MXX2	AGO1		553331.0	489792.0		480678.0	271688.0			188419.0	
P00189	CYP11A1										
P67810	SEC11A					220303.0				68370.6	
P28782	S100A8									302160.0	
Q7YS70	MECR	83128.3	264107.0			256222.0	203286.0			156112.0	
Q17QP5	SFRP4										
A1L506;A5PKF9	USP11	372459.0	60340.1	163983.0	285671.0	152143.0	150386.0		337133.0	258301.0	
Q3SZX8	CCDC25	240093.0	276372.0	261674.0	179885.0	244463.0	263394.0	176752.0	195439.0	264480.0	118662.0
Q76I82	RPS15A	657924.0	324210.0	382114.0	987755.0	491859.0	37227.0		188861.0	670879.0	
G3MXD0	IRF2BP2	397802.0	197326.0	375889.0	408031.0	196450.0	208449.0	301165.0	320282.0	194421.0	408022.0
Q2HJI3	FAM136A		101386.0			61362.9				82165.1	
F1MHC2;Q2NL10	STXBP2	195427.0	101713.0		47571.0	185458.0	172522.0			200598.0	
Q32KY9	NSMCE2				17566.1	34654.7	108471.0			50227.9	
A8E649;F1MBG5	PRKAA1					164766.0					
O18956	ENTPD1		129548.0	98083.3	131127.0	275877.0				66475.1	
Q3SZW4	TIMM10B		383927.0		100010.0	173637.0	158224.0		137899.0	189647.0	
O19116	SFRP1					236814.0					
A5PK21	CKAP2L										
A7E3Q2	HSPA2	628957.0	361722.0	655351.0	410871.0	658633.0	353887.0	377619.0		482501.0	
A6QPR6	RBFOX2	265596.0	337168.0		308426.0	106543.0				383875.0	
A0A3Q1LPL1;A0A3Q1LZG5	SORCS1		1054730.0	265217.0		108768.0	804238.0			196376.0	
F1MTI2	CDKN2AIP	712185.0		1468790.0	1027670.0	451807.0	104473.0			438256.0	238146.0
A0A3Q1LTX7;A0A3Q1LYH2;A0A3Q1M0R9;A0A3Q1M9P3;A0A3Q1MGD3;A0A3Q1MN10;A0A3Q1NB30;A0A3Q1NGY7;E1BND6	LRBA					146728.0					
Q08DC2	RAB31										
A0A3Q1MRY9;E1BLR8	ECHDC3	128557.0	141695.0	69561.8		87763.7				141163.0	
P07507	MGP	1707700.0	2134510.0	10457600.0	12123500.0	1680850.0	1499020.0	4589940.0		1325430.0	
A4FUI1	MIX23				204805.0					48076.1	
A7Z057	YWHAG					279894.0					
Q3T0L7	RPL28		317949.0		134671.0	70330.7	264768.0			155707.0	201929.0
Q2HJ58	PRPS1		1280690.0			1343310.0	1104370.0			967411.0	
Q17QK8	SPR	308826.0				195431.0	113112.0			203837.0	
Q7YQK2	COL12										
F1N4J4	SYT7	2319430.0	2394820.0	1136230.0		1567660.0	3418610.0	2263310.0	1331400.0	2048820.0	3180230.0
Q27976	CALD1		18575.1		91988.5	135352.0				21902.2	
F1MG06	RPTOR	136839.0			81813.2	138046.0	50882.1			138568.0	46574.4
E1BHM1	MRGBP	474079.0	267149.0	182328.0	299970.0	274774.0	277571.0	395701.0	129052.0	310450.0	369220.0
Q3SZJ9	PMM2	114412.0								203991.0	
Q29423	CD44					166812.0					
Q3MHP2	RAB11B										
Q56JV1	RPS26		1703040.0								
P61356	RPL27		825051.0	82428.8	80665.9	111267.0	354931.0			259381.0	
A0A3Q1M200;A0A3Q1MJI4;A0A3Q1MP98;Q0P5I7	UBA3					37778.9					
F1MNF8	LOC100141266	5311260.0	2762610.0	5488180.0	4326940.0	4489060.0	3098570.0	3477500.0	5416660.0	5213210.0	3295380.0
A6QPL8;F1MN16	NAAA					49523.8					
A0A3Q1M1A7	OR7G52										
P55859	PNP	1514590.0	1301000.0	1449160.0	1508700.0	1857930.0	1701840.0	1277070.0		2319130.0	660048.0
F1N1H2	MAP1S	242281.0				145456.0					
Q863C3	GRP	255685.0	234163.0	392940.0	358055.0		208392.0	63135.6		243714.0	419144.0
A0A140T871	GLUD1		191416.0	268494.0			72835.0	184666.0		64208.0	
Q0IIM6	USP8										
P82670	MRPS10	219678.0	177636.0			134585.0	31100.0			244434.0	
A0A3Q1LU97;A0A3Q1M739;A5D980	PTPN6	115427.0				90210.6				75144.6	
A6H732	TMX4		19895.3			93518.7				32290.6	
A0A3Q1LME7;E1BKW8	TRIM65	367874.0		236708.0		215239.0				245250.0	
A0A3Q1MN84;A4IFN7	UBE3A										
E1BJY4	PDGFC										
E1BJQ7	GIPC1										
Q0III6	DNAJB6	425296.0			31906.6	106548.0				27871.9	
F1N1A3;Q0VCS3	UBQLN1	771187.0			808501.0					606081.0	
F1N1S0	SSBP1	432954.0	752709.0	471123.0	580396.0	595145.0	806392.0	613934.0		387393.0	618491.0
Q32KY0	APOD		54260.6			230859.0				93932.2	
Q5E994	CHMP1B		420238.0	203522.0		170074.0	357874.0			102676.0	
F1MWR2;Q3MHE6	SF3B4									131946.0	
Q3ZC10	SNRPD1	681687.0	904121.0	397180.0	306264.0	1240310.0	1126730.0			292330.0	
Q3ZCD0	CD81			77851.6	262587.0	641865.0				81409.5	
A0A3Q1LNU3;A8E4N8	SSBP3										
A0A3Q1MF12;A0A3Q1N0S7;F6R2J7;Q0V8N8	SETD3										
A6QLS2	RSRC2	47180.7	141276.0	249938.0		161638.0	213529.0			92539.1	
E1BAG2	EXOSC5	160033.0			87240.7					219577.0	
Q27U16	TRIM5				86785.2	212010.0				187271.0	
G3N1W9	PRDM11	444616.0	137500.0							367930.0	
A0A3Q1LW69;A0A3Q1MR95;E1BJ59	ATXN2L				134818.0	101502.0				63510.0	
Q3SZU5	SPCS3	287582.0	145532.0		319747.0	207975.0				169782.0	
Q2KJ93	CDC42	377517.0	518440.0	387911.0	233217.0	782316.0	526775.0			317194.0	
Q3ZCJ8	CTSC	175059.0			724382.0	82288.0	29135.1			153246.0	
Q10569	CPSF1	168743.0		106834.0		141604.0				186247.0	
Q3MHZ7	PIGK			150874.0	129041.0						
G3MYQ6	LOC515551	503569.0	128433.0	270947.0	360033.0	392679.0	224601.0			308423.0	
A0A3Q1M986;E1BB48	GALNT2	75867.9	232381.0	120122.0		348331.0	286227.0			213088.0	
A4IFL0	TIMM23	139936.0				64848.5				100319.0	
A0A3Q1MLP3;Q148J8	IDH3A		758765.0				243118.0	198805.0		395901.0	
E1BCP5	C19H17orf75	26656.8				33538.1					
A0A3Q1LL60;A0A3Q1LRQ8;A0A3Q1M746;E1BNT5	TNS1					215235.0					
A0A3Q1LNX1;A0A3Q1LPZ0;A0A3Q1M6N4;A0A3Q1N7M0;F1N6J8	ACTR3B		406369.0	348992.0		480401.0		120138.0			
E1B830;F1MZG1	SPATA6										
A0A3Q1LIG1;A6QLL2	MTX2									99387.0	
Q3SYT6	CLGN									169457.0	
Q29S03	SGCE	433842.0	284228.0	685884.0	296964.0	242513.0		631051.0		279174.0	462901.0
F1MT65	HDGFL2		89039.4			293843.0	274834.0				
A0A3Q1M423	UGT1A1	1575800.0	834733.0			80056.3		1343450.0	969168.0	21704.4	1348550.0
Q3T0B2	PSMD6					170629.0					
Q2KI99	STING1						390757.0				
Q2HJC9	PQBP1	789854.0	1698770.0	1392570.0	622329.0	1582430.0	2129020.0	1776760.0	1291580.0	638996.0	1148950.0
F1MBB7;Q6TNF3	TGM1	851088.0	572096.0	1558640.0		235460.0	942540.0	2250970.0		576806.0	1718780.0
A0A3Q1LLB7;E1BCH1	MAPKBP1	742204.0		273487.0	955801.0	481295.0				290401.0	868569.0
Q2NKZ4	TKTL2		95769.2				105547.0			131266.0	
O46510	EPB42	278783.0		339375.0	196577.0	89345.3	76925.7	602878.0	567039.0	102178.0	
A6H7B7	SRSF5		355295.0			402777.0	896300.0			114507.0	
Q3SWZ3	STX4					75439.0					
A0A3Q1LQH5;A0A3Q1MBG2;A0A3Q1MGI4;A0A3Q1MLF9;F1N611	EPB41L1	33157.4	30959.7	170155.0		85744.6					
Q58DS9	RAB5C	1175320.0	2221780.0	1367180.0	1881220.0	2528240.0	1832960.0	788202.0		1569320.0	1081330.0
Q0IIG7	RAB5A	49607.6	130716.0	113499.0		102327.0			66607.3	60916.1	
F1MNI4	RAB5B	204556.0	175888.0	134949.0	157258.0	165760.0	131370.0	82970.0		115456.0	
A0A3Q1N7X7	TEX9										
Q5E988	RPS5	158255.0	299032.0		172876.0	229332.0	163216.0			158776.0	143508.0
Q0P5N1	CNPY3									16627.2	
O77801	INSL3										
A0A3Q1LPQ0;A6H7J6;F6Q9Q9	P4HB	46731.5	147653.0		293505.0	110868.0	116898.0	168557.0		382372.0	105861.0
A0A3Q1LP67;E1BDF3	MATN4										
E1B9I1	MICOS13									59722.3	
A0A3Q1MP80;A0A3Q1MSC8;E1BP16	SRRM1		159577.0			98270.0					
A0A3Q1M2R9;A0A3Q1MHU8;Q17QC8	CFP		889159.0	576215.0			559836.0			170043.0	
Q2TA45	AGFG1	24084.7	120744.0		61837.3	65250.3				79331.2	
P23934	NDUFS6		930675.0	422789.0	105772.0	130119.0	157125.0			294860.0	
Q3MHM7	RPL35		344258.0				67991.0			45412.7	
A6QQN2	PTPN1	170595.0			71895.9	314205.0				152164.0	
E1BAI7;E1BC32	TMOD2		42456.8							64484.0	
Q28910	mucin			92886.4					657077.0		
E1BGW3	ZBTB7B		14832.1			137460.0					
Q3SZP4	RFK									62720.9	
E1BA93	SYNPO	87984.6	307028.0	297467.0	185731.0	244506.0	385578.0			182927.0	
G5E5Y0;Q3T0M6	SNRPB2	119259.0	590308.0		46980.6	517663.0	406812.0			98321.6	
Q3SZB6	BTF3	780165.0	556998.0			469717.0	1263430.0			459131.0	668796.0
A0A3Q1MK01;Q56JY8	BTF3	797112.0	1120200.0	523270.0	579572.0		1330010.0	540911.0	264436.0		
A0A3Q1M3N0;A0A3Q1MZJ9;F1N3Q7;V6F7X3	APOA4	1845740.0	1918830.0	1033220.0	2568260.0	2153390.0	1834490.0	4390990.0	1476320.0	1461070.0	3481780.0
A0A3Q1LL79	NPTN		194061.0			424579.0	576668.0				880342.0
F6R7W8	C8G		438818.0	557940.0	318079.0	410113.0	474620.0			289325.0	
A0A3Q1MV00;A0A3Q1N639;A8E4Q8;F6PUJ3	MAX		116147.0		25033.4	106789.0	153900.0			111058.0	
Q3T051	RPL39		586468.0	29417.4			90076.2			57919.4	
F1N2U8	RBPMS2				85849.9					122197.0	
Q3SZ87	SSR3										
Q5EA40	BCAT2										
F1MLW8	LOC100847119	6723970.0	19960100.0	23496400.0	12168900.0	21127900.0	2185190.0			2736520.0	2697940.0
G5E5B8	JPH1	61126.4				144902.0				52823.9	
A1XEA4	KRT18			343781.0		341986.0	474224.0			169430.0	
A0A3Q1LGY1	PUF60		77199.8	284243.0						72836.9	
G5E628	UBQLN2				75130.9	48255.6				107066.0	
P00996	SPINK1	126920.0		166496.0	559231.0	20052.6			228389.0	36109.5	98251.2
Q28120	QPCT		174836.0		317896.0	78975.6				164668.0	
A0A3Q1LZH1;Q2HJI9	RBX1	249701.0	302928.0		100066.0	133822.0				468313.0	
F1MM52	NTPCR		434832.0		44551.5	367251.0				160608.0	
A0A3Q1MBS7;F1MBF6	RAB6A	83454.3		177977.0		138311.0				151394.0	
P62833	RAP1A					1482760.0					
A0A452DIC6	PCMT1				60213.5					49632.2	
A0A3Q1N9S5	HNRNPK	205393.0	406387.0			298437.0	446944.0	125260.0		210992.0	
A0A3Q1LTP5;F1MUK3	IGFBP6		350873.0		156624.0	76509.8	230473.0			76614.9	
A0A3Q1LI39;A0A3Q1LM43;A0A452DHX0	DNAJB6		441527.0	356932.0		291270.0	694991.0			389761.0	
Q0IIJ0	NAA50		98915.7			107288.0				127673.0	
A0A3Q1LPG1;A0A3Q1MY58;A0A3Q1NLQ9;F1N1T2	PALM2										
Q6T8E9	CCNT1	383644.0	391718.0			266200.0	313698.0				
Q2TBR3	SET								1501230.0		
Q1JPF1	NKIRAS2	552910.0	376904.0	866992.0	386827.0	174377.0	243553.0	593209.0	917736.0	501370.0	265363.0
Q6Q137	SEPTIN7		6434960.0	8597390.0			8188990.0	8933660.0	9826100.0	9615190.0	10649500.0
E1BER6	CRMP1					56548.5					
P19534	CDH2										
Q5EAC7	CIAPIN1										
F2Z4H8	TIAL1	589524.0			795243.0					664350.0	
G3X6N3	TF	551177.0	1326650.0	1138920.0	317351.0	477940.0	897677.0		1085720.0	613112.0	360281.0
P54149	MSRA									139508.0	
A4FV55	PPP2R5C				702058.0	284401.0					370099.0
A0A3Q1LW02;A6QP62;F1MI65	KRT23										
E1BD45	IL17D	111439.0		834746.0	752498.0	321330.0	224305.0			80893.8	
A6H7E3	PDLIM1	749773.0	688909.0	1864950.0	412068.0	421978.0	808511.0	1081850.0	1686700.0	366538.0	1170970.0
P12082	C5					88162.6				79989.2	
Q17QX9	CWC27	131090.0	180044.0	265584.0	194632.0	282332.0	208330.0		203357.0	224857.0	
E1BFN5;F1MC45;G3X7F3	LOC100336868	201847.0	251653.0	535943.0	187700.0	594017.0		250162.0		654846.0	
F1MMD5	XRCC6					127535.0					
A4FV72	PPIE	286349.0	569098.0	475986.0	754756.0	335553.0	491541.0			574983.0	
Q2YDH6	AP3S1										
A7Z089;F1MZR0	NUP160					141436.0				77795.6	
G3MWV5	H1-4		145833.0				174214.0				
A5D7R9	NRAS									291365.0	
Q1LZC0	ZNF22						95752.9				
F1MFQ4	ZBTB4		99604.0	207093.0		116370.0	82998.5			46846.8	
A0A3Q1MNP0	C15H11orf96					42813.9					
Q9N0T1	STC1		68218.7		210744.0						
F1MCE2	TBCEL			299682.0						427155.0	
Q08D81;Q1LZC8	WDR13	60732.7	400507.0			315304.0	279254.0				
A0A3Q1M4Y7;A0A3Q1MFD4;G5E5Q8	SBF1					57646.6					
A6H7A8	DNTTIP1				156225.0	99335.0				86921.8	
Q2T9T9	FBXW9										
E1BGX1	TAF15		337478.0				588009.0				
G5E630	USP9X	63064.1			82241.7	70481.0	19912.8				
A0A3Q1MJM0;A6QQS0	DPF2	139568.0	325054.0			351659.0	280566.0			106095.0	
A0A3Q1LJF4;A0A3Q1MUS6;A0A3Q1NKI3;F1MIZ9	KPNA3	144360.0	85897.6		66567.3	449221.0	137064.0			176780.0	
A0A3Q1M4C3;A0A3Q1NM87;A5D7I1	EPS15	147999.0			318304.0	102706.0	63776.6			200462.0	119285.0
A0A3Q1M1V6;Q2KJ89	FBLN5	806420.0	775207.0	954451.0	830789.0	2527480.0	1476920.0	281120.0		362368.0	
Q6QME8	AGO2		119753.0			280313.0				145371.0	
F1MF97	NID2		267768.0	517900.0	175138.0			505051.0	476664.0	424486.0	411654.0
A0A3Q1MPJ6;F1N1V7	KLHL22	69336.9				53588.4					
E1BP36	MMS19	47618.3									
Q0VCL6	NFIB					278609.0				135968.0	
Q28035	GSTA1										
F1MKY8	RCOR1					85490.9				74602.7	
A0A3Q1LPL8;A6QL97	TMX3		109696.0			175440.0	58317.7			111887.0	
E1BKF9	CFAP52										
E1BAW2	LRRC32		62496.6			54278.2					
A5PJI3;F6QU27	NUP35	200395.0	415547.0		136927.0	349750.0	228782.0			304195.0	
A5PJZ2	PPM1L		49631.7		44555.0	74249.7					
Q3T0C7	STMN1										
A0A3Q1LLP3	TACC2	210926.0	68032.5		90044.0	79616.9	74580.8	132605.0		38627.7	279313.0
A0A3Q1NLW9;A6QP64	VPS37B	216109.0	512177.0		232349.0	240863.0	552540.0	1203580.0		191988.0	1341000.0
A0A3Q1LQ31;A0A3Q1M1U8;A0A3Q1MPJ8;A0A3Q1NNP3;F1MGL2	AGAP1	153464.0			155834.0	103391.0				112805.0	
A0A3Q1MDN1;A0A3Q1MJW4;G3MYU2	KRT77	52702.6				43609.7	19732.6				
Q3ZCF2	MED10		149089.0			18322.7				237452.0	
Q5E9E4	SSR2		717540.0				398341.0				
A0A3Q1LM16	ZFAND2A	220918.0		267892.0	517503.0	183063.0	95147.8				
P56541	DNASE2	649191.0	673432.0	497791.0	692325.0	357887.0	357722.0		642892.0	364679.0	
G5E531	TCP1	597451.0	391385.0	453356.0	355400.0	392462.0	408679.0	340203.0	438360.0	555936.0	313715.0
Q17QH1	APOF			326642.0	537092.0	31352.1					
A0A3Q1LJK1;A0A3Q1LK06;A0A3Q1LNF7;A0A3Q1LSZ3;A0A3Q1MHP5;A0A3Q1MQF7;A0A3Q1N8Y0	LRRFIP1	74770.1		610323.0		138825.0				80665.0	
A0A3Q1MLB6	UBE2R2				61522.8					64455.4	
A0A3Q1LWV5;A0A3Q1M1B5;A0A3Q1MHY4;A0A3Q1NNP7;E1BNB7	ARHGAP26	136862.0				334319.0	81755.8			108482.0	
A7YY64	B3GNT2	1385960.0	463515.0	671265.0	1585640.0	377895.0	408307.0	393683.0		409709.0	628204.0
G3N131	H1-1						46141.0				
A0A3Q1LZD7;E1BHK2	ADD1					84654.0				69614.5	
A0A3Q1LT44;A0A3Q1M4Q8;E1BCQ4;Q0VCN4	NTRK2	308012.0	454511.0		919960.0	337959.0	860485.0			363642.0	596019.0
Q148E0	PRXL2C	212213.0	220635.0	324993.0	179656.0	87452.0				383918.0	267569.0
Q0IIH0	WDR45									107737.0	
A0A3Q1LS33	MGMT		306278.0	171783.0		299490.0	378791.0				
Q2HJ47	DENR	194941.0				170237.0				211810.0	
P11064	ACP1		268167.0		116059.0	157116.0	462926.0			89888.0	
Q9GLE4	MMP14	551464.0	502670.0	225053.0	840363.0	206631.0	256903.0			814985.0	
Q17QN6	MPP1	269086.0	140367.0	386583.0	350437.0	382524.0	689708.0	286296.0		298558.0	637883.0
A0A3Q1N1G9;G3MXB1	SPATA6L										
A0A3Q1MSR8;A6QLR8	DYNLT3	370146.0		618103.0	541214.0				634296.0	590389.0	
A0A3Q1M0C2;A2VE07;F1N5S6	STK24										
Q32P79	POLR2J	82948.2			100441.0					155217.0	
A7Z063	WASHC1	25990.6	77899.2			139649.0	221679.0			86469.5	
P25417	CSTB	162618.0	91654.0	75951.8	336163.0	145903.0	123230.0			233166.0	
Q1LZD3	TSSC4					92772.2	225025.0			79302.4	
Q2KIB7	BORCS7	413780.0	604781.0	1103010.0	519654.0	205106.0	398758.0	539295.0		682891.0	667342.0
Q2KJC3	MPEG1	226007.0			814429.0						
A0A3Q1ML62	STRN3	496765.0	329220.0	791139.0	230042.0	540189.0	340199.0			523475.0	
A0A3Q1M1S1;A0A3Q1M4U2;Q2KHX5	NCOA5		364222.0			322672.0			401317.0	370752.0	
F1MTZ0	PPP1R2										
A0A077S9Q3	LYZF1						1260900.0				
Q3SX42	CHMP2B	95864.4								160591.0	
E1B8G9	H2BU1		12206400.0	6885580.0			5432680.0	2602820.0			
Q08DQ4	SERPINB9									93166.2	
F1N5F9	FAM169A	68564.1				258004.0				193677.0	
A0A3Q1MUX7;F1N7G8	PDS5B										
P08814	PTMS		308752.0		177460.0	993392.0	697649.0				
P69678	CUTA	2383640.0	424403.0	7666480.0	15459300.0	959212.0	1123220.0	1451190.0	7219700.0	3887320.0	2145900.0
Q3SZI2	LMNA	109981.0	470827.0			190865.0				90739.2	
A0A3Q1ML74;G3N019	TMEM132C										
A0A3Q1M8K2;A6QLS5	OTULINL										
F1MN40;Q08DC8	NUMBL					176122.0	43156.0				
F1MNV5	KNG1	578270.0	149019.0	148304.0	125124.0	409371.0	187491.0	62371.4		235238.0	275268.0
A0A3Q1LYM8;A0A3Q1M1I5;A0A3Q1M8U3;A0A3Q1MDS7;A0A3Q1NNI9;E1BLC8;F1MIK1;G3N2H3	EIF4G3		43298.1		58352.4	68910.7	49596.7			43262.9	
Q2KI91	RNF41	168995.0								189899.0	
F1MYN1	PLEKHA5				70148.7					61440.3	
G5E5C8	TALDO1	1346950.0	966305.0	560973.0	802405.0	1624940.0	926624.0	470560.0		1492400.0	474888.0
A0A3Q1LKB7;G3N1U2	HRAS										
P62248	MYDGF	78808.5	92964.9		218047.0					186763.0	
A0A3Q1LK42;F1N2P6;Q05B91	FKBP8					237744.0				124351.0	
Q3SYV1	TMEM263	288291.0	520465.0		228077.0	120995.0				328158.0	
A0A3Q1LSC6	LOC519737	137107.0	70078.6		118477.0					170014.0	
E1BDG5	WNT5A									94417.5	
Q3T0D8	LAMTOR1									70666.5	
A0A3Q1LS12;A0A3Q1N125	C7H19orf67		221295.0		98494.5	99504.1	110640.0			93508.1	
A0A3Q1LPA8;A0A3Q1M080;A0A3Q1MR30	RBFOX2	347088.0			385188.0	210790.0				278028.0	
A6QNX7	LOC100139208	102363.0			162294.0	101824.0				135542.0	
Q58D55	GLB1										
F1MMK3	DDX50		95880.2			110722.0	62514.6		110878.0	73686.4	
Q58D20	NLE1					126437.0				93379.8	
A0A3Q1LMP2;E1BMX0	KRAS					141486.0				84545.5	
A0A3Q1M306;A0A3Q1MAN0;F1N5V3	TH										
F1MYJ3	GGT5		87658.6			85279.7	92817.9				
Q2YDM7	LSG1					40816.9				85971.0	
P62894	CYCS										
A0A3Q1LI10;A0A3Q1MK12;E1BPA0	PTPRA									48467.9	
E1B7C4	DOCK10		482503.0	405595.0							
A0A3Q1M491;A0A3Q1MI82;E1BKI6	B9D1									214922.0	
A6QQH2	HAUS7									48838.4	
A1L595	KRT17										
A0A3Q1M3A4;E1B805	LOC528040	319393.0				138246.0				250454.0	
P79105	S100A12		160659.0			56471.9				373403.0	
A0A3Q1MAJ3;A6QNK4;A6QNR8	TSC22D3	772598.0		461554.0		444922.0	411632.0	549571.0	384511.0	692120.0	
A0A3Q1MQJ8;F1MWY0	NSMAF										
Q5E980	CYP20A1					53573.8					
A0A3Q1LX11;A0A3Q1MNU7;F1MYG6	RBM26					42588.4					
A0A3Q1MME4	HNRNPA2B1	5937600.0	11233200.0	6012500.0	3465120.0	9225690.0	5743150.0	3895300.0	2516910.0	7893430.0	3935160.0
A7MBJ1	MTURN	110314.0	421957.0			598762.0	1912370.0	259844.0		413824.0	
Q2KJ56	HOMER1										
F1MI35	HHIPL1										
Q2KJ84	TMED5	291699.0	364121.0	426869.0	159092.0	493604.0	514156.0	172802.0		242260.0	
Q32L99	PTGR2			328166.0					109487.0		
A0A3Q1NCG7;F6RMA0;Q1LZC3	NCLN					157929.0				115610.0	
P08487	PLCG1	215291.0	100701.0	194760.0	182659.0	333069.0	209269.0	99982.4	301095.0	114845.0	150091.0
E1BGP4	MORC2	105357.0	36155.3		72221.2	76926.3				50527.0	
A0A3Q1MUW8;G3N3U9	MRPS22									86184.8	
Q08D83	RTN3		32635.8			134951.0				24640.9	
Q148H0	APOO										
Q9N179	EPB41										
Q58D34	PI16										
Q5E9D0	EIF2S2					57363.3				44305.4	
Q2PC20	PPM1K										
A6QQ07	BTD			93515.2							
Q28165	PABPN1		863790.0			893839.0	972172.0			178275.0	
F1MZ76	ZNF804A	636574.0	123182.0		1384880.0	246651.0	169142.0	326333.0		155173.0	345879.0
P67827	CSNK1A1				97101.8						
A0A3Q1LQL8;A0A3Q1MAS0;F1MWK6	MFAP2	15024300.0	2787690.0	11090600.0	5382860.0	7547180.0	6925490.0	14558200.0	8217470.0	3072240.0	6637290.0
A0A140T892	TGM2	3045190.0	113866.0		3303640.0			2828130.0		6163530.0	
Q0P5A4	UCK1	213552.0								205092.0	
F1MNG1	CYP1B1	183423.0			159756.0	162771.0				154220.0	
A6QQL3	SEPTIN14										
F1MM83	PGLS					103189.0				115152.0	
Q1RMI2	RHOG					147192.0					
F1MKU3	BSPRY					204263.0	102082.0			156834.0	
B0JYK4	PRKAR2B	132219.0			148801.0	210201.0				242701.0	
Q5EA99	PAK1IP1			406376.0		140864.0				208780.0	
A0A3Q1LQJ4;A0A3Q1NLF7;F1N396	FAM168A	656996.0	295245.0		657609.0	162351.0		197018.0	399296.0	580607.0	459550.0
A0A3Q1M2B6	EGLN1			116952.0		104565.0				71327.2	
Q2YDP3	DRAP1		190448.0		197518.0	187142.0				189112.0	
F1MCW5	RCBTB2				37615.4	38125.5			72556.6	98158.8	
Q2KIJ6	UBXN6	343202.0	258709.0	329276.0	409096.0	297646.0	322657.0			376761.0	204704.0
A0A3Q1LM35;A0JN67;F1MM79	GLS	344753.0			141680.0					295492.0	
F1N6E9	RTF1					124393.0					
F1N3H0	DCAF8					87268.0				95753.4	
Q58D31	SORD									32929.1	
Q2NKT2	INIP				98052.9					88423.2	
Q08DK9	PWWP3A		87704.7			82566.5	316659.0				
A0A3Q1M591	RAB43										
Q3SZ86	MRPS26	114626.0	574616.0	481841.0		248041.0	384801.0		382762.0	193840.0	
A0A3Q1M5N3	AGRN		689472.0			542756.0	606701.0			387293.0	
E1BET7	SPRYD3	242082.0	39386.1		78331.0	93305.0				275808.0	
Q0VCC3	BLOC1S4	243480.0	114124.0					125744.0			143170.0
F1MBP8	COPS5										
O18737	CALCOCO2										
Q0Z7W6	TMX1		24792.1			169683.0				78752.0	
E1BDU9	GATAD2B									100472.0	
P18341	TGFB1	33529.9		42622.0	199901.0	80364.3				93021.3	
Q3T112	PSMB8									550082.0	
Q5E9Q1	POGLUT1		175639.0			270219.0	121501.0			65200.2	
F1MNS9	PPP1R3D	115525.0				76458.4				197570.0	
A0A3Q1LN09;A0A3Q1M8W2;A0A3Q1MLK5;F1MRI6	LMTK2	936725.0	178396.0		2409450.0	252334.0	204520.0	564981.0	637507.0	592743.0	672920.0
A0A3Q1NKW3;E1BKN2	TNR		104999.0			241730.0	233552.0	443729.0			
Q05B89	NIF3L1									64824.3	
A0A3Q1M0H5;F1MFJ3;G3MXS7	PTPRG					88542.1					
A0JBZ9	p97bcnt2			76669.4						59784.6	
A0A3Q1LML7	PKHD1				78026.3						
A6H6X8	WNT2B	116289.0		223624.0	344581.0						
A5D785	CSE1L	226188.0		237614.0		399444.0			139581.0	103001.0	
Q3ZKN0	SLC27A1										
E1BF40	GPT2	269554.0		947826.0		373439.0				190388.0	
E1BK00	CUL7										
A4FV94;M0QVY0	KRT6A	1604640.0		949149.0	249270.0	720029.0	774581.0				
A0A3Q1LG07;A0A3Q1LUW9;A0A3Q1LZL1;A0A3Q1MAH8;A0A3Q1MQ81;F1MI97	ABLIM1										
Q17QG3	RILPL1	49428.2	53875.6	32672.4		86239.8	123043.0	111962.0		38918.4	28627.4
A4IFK7	RILPL2									33616.5	
O18883	TXNDC9										
F1N3H6	DPY19L1	26949.7				73652.4				108504.0	
A0A3Q1MAJ8	ACTN4		400610.0			642368.0	809807.0				
A0A3Q1LG95;A7Z038	ABCD3	107579.0	52865.6	130780.0	40952.6	179691.0	159236.0	153307.0	90902.0	122489.0	198189.0
E1BHT5	UBR4					75787.9					
A0A3S5ZP87	LRRC47		42420.5								
A0A3Q1LPH8;E1BHE1	TAOK3					47814.2					
A5PK39	TPP2					142426.0				55583.2	
A2VE47	ADPGK		129363.0		113803.0	232324.0	66643.3			139223.0	
A0A3Q1M2N4;A0A3Q1MKP8;A0A3Q1MSQ6;F1MHL2	ANKS1A									75671.8	
A0A3Q1LT51;F6QID7	TAB1				116768.0	89101.3				104378.0	
E1BBG2	MICALL1										
Q3ZCA1	LRATD1					17175.5					
Q3SZ99	AIP	1355250.0	627588.0	784411.0	1435100.0	660897.0	634014.0	789692.0	824595.0	1196200.0	919366.0
Q32P83	RABIF									546239.0	
A0A3Q1LWE9;F1MYR0	HDAC4					158087.0	58253.4				
P14099	PDE2A	138280.0				93786.9				76035.6	
Q0P5J9	RPRD1A		76396.6			126226.0	85288.3				
Q2KJG2	UFM1										
K4JB97;K4JDR8	A2M	1397180.0		452033.0	1371160.0	493886.0	339375.0	1954060.0	712195.0	176888.0	1123750.0
Q8WMY2	FDPS									18431.6	
A0A3Q1N5T9;A4FUX6	MCC										
Q866X7	CA11										
Q66LN0	PTGES2					33229.6				35413.7	
Q3T0L5	EPCAM					236351.0					
E1BHA0	LZTS1				32719.3					30633.7	
Q3ZC09	ENO3			2105200.0	1108100.0			2917700.0	2294280.0		3068960.0
P0C8B3	GON7					123741.0					
Q2KID7	OSTC	75911.2	45193.6	123140.0	202452.0	282808.0				178887.0	
Q2NKY8	DHX30								274954.0		
Q3T0Y3	SULT1B1	36125.7			34029.7	31570.4				37706.7	
A0A3Q1LTF1	TNC				30501.6						
A0A3Q1LI20;E1BNL6	GMEB2	235690.0		490574.0	237150.0	115135.0				345405.0	
A0A3Q1MLT1	GFY	252354.0				282280.0				155502.0	
Q148M7	TAF13		110623.0			60219.9				127277.0	
Q0P5F4	RNF7	153986.0	148897.0	423260.0		105256.0			289233.0	162467.0	199552.0
A6QPN6	IFI30	159525.0			243157.0					195998.0	
Q3ZCD3	TAX1BP3	540164.0			948035.0	172041.0				687304.0	
A0A3Q1M0A3	BOLA-A	256407.0	427990.0	121098.0	438234.0	947913.0	1465660.0	493661.0		208512.0	455189.0
Q28204	KCNMA1								45158.2		
F1MMF6	H1-9		779673.0	143200.0		358112.0	1185620.0				
Q0V7M0	KPNA6	386082.0	488744.0	335585.0		739262.0	684354.0			363594.0	
G3MZ52	CGGBP1				46653.2						
A0A3Q1LNI9;A0A3Q1NIF4	CDC42BPA										
A0A3Q1NH43	PTBP2	660561.0			717196.0	572360.0				814658.0	
F1MMQ8	SPTA1					145275.0	82040.0				
A5PJR4	ADSS1										
Q02366	NDUFA6		188341.0			84291.4					
Q24K22	MST1					251376.0				100893.0	
A0A3Q1N9H8;A1A4J9	DNAJA3					214297.0				203644.0	
Q3SZ85	PTRHD1										
A6H734	PLXDC1					135135.0					
P20427	CSNK2A2					163767.0				120094.0	
Q3ZCK1	EIF3L	30900.0				113576.0				60353.9	
P07224	PROS1		177455.0		74427.3	223692.0	328083.0			262351.0	
Q861S4	RPL21		2050530.0			460664.0				304381.0	
G3MZ03	A4GALT	84186.0									
P34943	NDUFA9					58971.2				45306.6	
A0A3Q1LT59;A0A3Q1MJD9;F1MWQ2	ANXA3	816947.0	3259020.0	1360310.0	777593.0	2780890.0	2223790.0	1070670.0	430629.0	2439380.0	416493.0
A0A3Q1NC75	CALU	2660630.0	3825120.0	3227640.0	1532220.0	3236440.0	3702710.0	2816630.0	3598360.0	4035100.0	1472010.0
A0A3Q1M723;E1BLG8	AMPD2					71076.5					
E1BKJ9	COL26A1	355120.0			292508.0	194115.0	186454.0	229735.0		146417.0	
A0A3Q1M0T0;A0A3Q1M2K6;F1MSG8	RHOBTB3									408443.0	
Q2NL37	BCCIP					41074.0				76510.6	
A0A3Q1LS74;A0A3Q1MP45	CFH									137378.0	
Q08DH9	CTCF										
Q05204	LAMP1				90468.8					93894.3	
A4FV92;F6QQE8	CYP27A1	161381.0		200083.0		431630.0				100953.0	
E1B782	HERC2				91512.0						
B2Z4B2	ANGPT4									105797.0	
Q3SZ57	AFP	525917.0		238976.0	426473.0	173272.0	182301.0	227980.0		170081.0	288125.0
A0A3Q1LW84;A0A3Q1M1U2;A5D973	PPP2R1A	173603.0	127890.0	109096.0		501808.0				279863.0	
Q0VBY8	DDB2					25073.8					
Q3SZ52	UBE2V1										
Q2TBL4	POLR3C										
F1MPN0	FNDC3B									98801.8	
F1MFZ6	PPM1H									487852.0	
F6QDZ3;Q148D2	USE1		137863.0							16595.3	
P61257	RPL26		724364.0			247990.0	485638.0			211201.0	
A0A3Q1LZ19;A0A3Q1M7D1;G3MZG0	DNAH12	686328.0							761006.0	307485.0	
