Tissue,Batch,Replicate,Drop,Date,Percentage_Alginate,Day,Cells,Hormonal_treatment,Module,Hz,Indentation
Endometrium,13,1,1,05.07.24,1,-3,no,no,E1,1,3826.307509
Endometrium,13,1,1,05.07.24,1,-3,no,no,E1,5,4666.791515
Endometrium,13,1,1,05.07.24,1,-3,no,no,E1,10,4347.302464
Endometrium,13,1,1,05.07.24,1,-3,no,no,E1,20,4860.901747
Endometrium,13,1,1,05.07.24,1,-3,no,no,E1,1,3862.189014
Endometrium,13,1,1,05.07.24,1,-3,no,no,E1,5,4297.848115
Endometrium,13,1,1,05.07.24,1,-3,no,no,E1,10,4543.147226
Endometrium,13,1,1,05.07.24,1,-3,no,no,E1,20,5023.074814
Endometrium,13,1,1,05.07.24,1,-3,no,no,E1,1,5745.443737
Endometrium,13,1,1,05.07.24,1,-3,no,no,E1,5,7238.859884
Endometrium,13,1,1,05.07.24,1,-3,no,no,E1,10,7423.933928
Endometrium,13,1,1,05.07.24,1,-3,no,no,E1,20,8408.909954
Endometrium,13,1,1,05.07.24,1,-3,no,no,E1,1,4878.327842
Endometrium,13,1,1,05.07.24,1,-3,no,no,E1,5,5389.177015
Endometrium,13,1,1,05.07.24,1,-3,no,no,E1,10,5613.461059
Endometrium,13,1,1,05.07.24,1,-3,no,no,E1,20,6425.202726
Endometrium,13,1,1,05.07.24,1,-3,no,no,E1,1,6408.922283
Endometrium,13,1,1,05.07.24,1,-3,no,no,E1,5,7521.384477
Endometrium,13,1,1,05.07.24,1,-3,no,no,E1,10,7842.023631
Endometrium,13,1,1,05.07.24,1,-3,no,no,E1,20,8749.269534
Endometrium,13,1,1,05.07.24,1,-3,no,no,E1,1,5126.477226
Endometrium,13,1,1,05.07.24,1,-3,no,no,E1,5,5877.27614
Endometrium,13,1,1,05.07.24,1,-3,no,no,E1,10,6055.440377
Endometrium,13,1,1,05.07.24,1,-3,no,no,E1,20,6928.888106
Endometrium,13,1,1,05.07.24,1,-3,no,no,E1,1,5543.372182
Endometrium,13,1,1,05.07.24,1,-3,no,no,E1,5,6679.81535
Endometrium,13,1,1,05.07.24,1,-3,no,no,E1,10,6650.577106
Endometrium,13,1,1,05.07.24,1,-3,no,no,E1,20,7323.640424
Endometrium,13,1,1,05.07.24,1,-3,no,no,E2,1,344.388579
Endometrium,13,1,1,05.07.24,1,-3,no,no,E2,5,1054.033603
Endometrium,13,1,1,05.07.24,1,-3,no,no,E2,10,208.560128
Endometrium,13,1,1,05.07.24,1,-3,no,no,E2,20,551.652352
Endometrium,13,1,1,05.07.24,1,-3,no,no,E2,1,659.952508
Endometrium,13,1,1,05.07.24,1,-3,no,no,E2,5,292.373308
Endometrium,13,1,1,05.07.24,1,-3,no,no,E2,10,203.30134
Endometrium,13,1,1,05.07.24,1,-3,no,no,E2,20,714.805448
Endometrium,13,1,1,05.07.24,1,-3,no,no,E2,1,388.134444
Endometrium,13,1,1,05.07.24,1,-3,no,no,E2,5,173.50613
Endometrium,13,1,1,05.07.24,1,-3,no,no,E2,10,885.236297
Endometrium,13,1,1,05.07.24,1,-3,no,no,E2,20,1214.143074
Endometrium,13,1,1,05.07.24,1,-3,no,no,E2,1,512.913925
Endometrium,13,1,1,05.07.24,1,-3,no,no,E2,5,929.867184
Endometrium,13,1,1,05.07.24,1,-3,no,no,E2,10,745.679642
Endometrium,13,1,1,05.07.24,1,-3,no,no,E2,20,625.712065
Endometrium,13,1,1,05.07.24,1,-3,no,no,E2,1,203.591146
Endometrium,13,1,1,05.07.24,1,-3,no,no,E2,5,621.974477
Endometrium,13,1,1,05.07.24,1,-3,no,no,E2,10,960.493676
Endometrium,13,1,1,05.07.24,1,-3,no,no,E2,20,1481.241509
Endometrium,13,1,1,05.07.24,1,-3,no,no,E2,1,1671.039627
Endometrium,13,1,1,05.07.24,1,-3,no,no,E2,5,752.133625
Endometrium,13,1,1,05.07.24,1,-3,no,no,E2,10,595.333635
Endometrium,13,1,1,05.07.24,1,-3,no,no,E2,20,887.943299
Endometrium,13,1,1,05.07.24,1,-3,no,no,E2,1,1576.941772
Endometrium,13,1,1,05.07.24,1,-3,no,no,E2,5,717.777374
Endometrium,13,1,1,05.07.24,1,-3,no,no,E2,10,853.450079
Endometrium,13,1,1,05.07.24,1,-3,no,no,E2,20,1161.60368
Endometrium,13,1,3,05.07.24,1,-3,no,no,E1,1,5971.741284
Endometrium,13,1,3,05.07.24,1,-3,no,no,E1,5,6176.877649
Endometrium,13,1,3,05.07.24,1,-3,no,no,E1,10,6488.284359
Endometrium,13,1,3,05.07.24,1,-3,no,no,E1,20,7088.992581
Endometrium,13,1,3,05.07.24,1,-3,no,no,E1,1,4171.57295
Endometrium,13,1,3,05.07.24,1,-3,no,no,E1,5,5143.251879
Endometrium,13,1,3,05.07.24,1,-3,no,no,E1,10,5248.547055
Endometrium,13,1,3,05.07.24,1,-3,no,no,E1,20,5767.783711
Endometrium,13,1,3,05.07.24,1,-3,no,no,E1,1,7680.394041
Endometrium,13,1,3,05.07.24,1,-3,no,no,E1,5,8984.505228
Endometrium,13,1,3,05.07.24,1,-3,no,no,E1,10,9173.717924
Endometrium,13,1,3,05.07.24,1,-3,no,no,E1,20,9841.538207
Endometrium,13,1,3,05.07.24,1,-3,no,no,E1,1,4059.112725
Endometrium,13,1,3,05.07.24,1,-3,no,no,E1,5,4582.190319
Endometrium,13,1,3,05.07.24,1,-3,no,no,E1,10,4717.024575
Endometrium,13,1,3,05.07.24,1,-3,no,no,E1,20,4803.982778
Endometrium,13,1,3,05.07.24,1,-3,no,no,E1,1,3840.823555
Endometrium,13,1,3,05.07.24,1,-3,no,no,E1,5,4081.828548
Endometrium,13,1,3,05.07.24,1,-3,no,no,E1,10,4372.435108
Endometrium,13,1,3,05.07.24,1,-3,no,no,E1,20,4881.901438
Endometrium,13,1,3,05.07.24,1,-3,no,no,E1,1,3203.665837
Endometrium,13,1,3,05.07.24,1,-3,no,no,E1,5,3476.996471
Endometrium,13,1,3,05.07.24,1,-3,no,no,E1,10,3603.49628
Endometrium,13,1,3,05.07.24,1,-3,no,no,E1,20,3883.120708
Endometrium,13,1,3,05.07.24,1,-3,no,no,E2,1,383.875626
Endometrium,13,1,3,05.07.24,1,-3,no,no,E2,5,33.240379
Endometrium,13,1,3,05.07.24,1,-3,no,no,E2,10,431.545394
Endometrium,13,1,3,05.07.24,1,-3,no,no,E2,20,1125.379253
Endometrium,13,1,3,05.07.24,1,-3,no,no,E2,1,396.840472
Endometrium,13,1,3,05.07.24,1,-3,no,no,E2,5,1627.007579
Endometrium,13,1,3,05.07.24,1,-3,no,no,E2,10,1171.746771
Endometrium,13,1,3,05.07.24,1,-3,no,no,E2,20,1428.151717
Endometrium,13,1,3,05.07.24,1,-3,no,no,E2,1,892.066232
Endometrium,13,1,3,05.07.24,1,-3,no,no,E2,5,1563.858749
Endometrium,13,1,3,05.07.24,1,-3,no,no,E2,10,1274.669516
Endometrium,13,1,3,05.07.24,1,-3,no,no,E2,20,2611.736212
Endometrium,13,1,3,05.07.24,1,-3,no,no,E2,1,390.653792
Endometrium,13,1,3,05.07.24,1,-3,no,no,E2,5,78.576778
Endometrium,13,1,3,05.07.24,1,-3,no,no,E2,10,316.459212
Endometrium,13,1,3,05.07.24,1,-3,no,no,E2,20,955.113412
Endometrium,13,1,3,05.07.24,1,-3,no,no,E2,1,39.905586
Endometrium,13,1,3,05.07.24,1,-3,no,no,E2,5,270.85227
Endometrium,13,1,3,05.07.24,1,-3,no,no,E2,10,383.812277
Endometrium,13,1,3,05.07.24,1,-3,no,no,E2,20,496.236808
Endometrium,13,1,3,05.07.24,1,-3,no,no,E2,1,729.142756
Endometrium,13,1,3,05.07.24,1,-3,no,no,E2,5,929.317851
Endometrium,13,1,3,05.07.24,1,-3,no,no,E2,10,367.809327
Endometrium,13,1,3,05.07.24,1,-3,no,no,E2,20,663.148912
Endometrium,13,1,5,05.07.24,1,-3,no,no,E1,1,5297.528505
Endometrium,13,1,5,05.07.24,1,-3,no,no,E1,5,6338.681478
Endometrium,13,1,5,05.07.24,1,-3,no,no,E1,10,5445.086744
Endometrium,13,1,5,05.07.24,1,-3,no,no,E1,20,4999.541167
Endometrium,13,1,5,05.07.24,1,-3,no,no,E1,1,6139.212606
Endometrium,13,1,5,05.07.24,1,-3,no,no,E1,5,6658.763274
Endometrium,13,1,5,05.07.24,1,-3,no,no,E1,10,6140.138107
Endometrium,13,1,5,05.07.24,1,-3,no,no,E1,20,7035.725599
Endometrium,13,1,5,05.07.24,1,-3,no,no,E1,1,4919.255508
Endometrium,13,1,5,05.07.24,1,-3,no,no,E1,5,5689.641789
Endometrium,13,1,5,05.07.24,1,-3,no,no,E1,10,5623.465516
Endometrium,13,1,5,05.07.24,1,-3,no,no,E1,20,5789.352285
Endometrium,13,1,5,05.07.24,1,-3,no,no,E1,1,4138.936081
Endometrium,13,1,5,05.07.24,1,-3,no,no,E1,5,7105.928791
Endometrium,13,1,5,05.07.24,1,-3,no,no,E1,10,7415.879252
Endometrium,13,1,5,05.07.24,1,-3,no,no,E1,20,8036.101256
Endometrium,13,1,5,05.07.24,1,-3,no,no,E1,1,5563.376684
Endometrium,13,1,5,05.07.24,1,-3,no,no,E1,5,6356.545562
Endometrium,13,1,5,05.07.24,1,-3,no,no,E1,10,7067.906636
Endometrium,13,1,5,05.07.24,1,-3,no,no,E1,20,7742.009843
Endometrium,13,1,5,05.07.24,1,-3,no,no,E1,1,5954.645999
Endometrium,13,1,5,05.07.24,1,-3,no,no,E1,5,6349.56133
Endometrium,13,1,5,05.07.24,1,-3,no,no,E1,10,6516.61236
Endometrium,13,1,5,05.07.24,1,-3,no,no,E1,20,6935.639452
Endometrium,13,1,5,05.07.24,1,-3,no,no,E1,1,6179.054305
Endometrium,13,1,5,05.07.24,1,-3,no,no,E1,5,6397.332602
Endometrium,13,1,5,05.07.24,1,-3,no,no,E1,10,6766.766477
Endometrium,13,1,5,05.07.24,1,-3,no,no,E1,20,7480.978545
Endometrium,13,1,5,05.07.24,1,-3,no,no,E1,1,5918.87576
Endometrium,13,1,5,05.07.24,1,-3,no,no,E1,5,6997.07504
Endometrium,13,1,5,05.07.24,1,-3,no,no,E1,10,7103.574129
Endometrium,13,1,5,05.07.24,1,-3,no,no,E1,20,7234.713993
Endometrium,13,1,5,05.07.24,1,-3,no,no,E2,1,730.722767
Endometrium,13,1,5,05.07.24,1,-3,no,no,E2,5,18.794877
Endometrium,13,1,5,05.07.24,1,-3,no,no,E2,10,2211.431044
Endometrium,13,1,5,05.07.24,1,-3,no,no,E2,20,2159.825203
Endometrium,13,1,5,05.07.24,1,-3,no,no,E2,1,255.371962
Endometrium,13,1,5,05.07.24,1,-3,no,no,E2,5,837.918559
Endometrium,13,1,5,05.07.24,1,-3,no,no,E2,10,1572.319125
Endometrium,13,1,5,05.07.24,1,-3,no,no,E2,20,1050.73867
Endometrium,13,1,5,05.07.24,1,-3,no,no,E2,1,58.067332
Endometrium,13,1,5,05.07.24,1,-3,no,no,E2,5,181.275894
Endometrium,13,1,5,05.07.24,1,-3,no,no,E2,10,498.702068
Endometrium,13,1,5,05.07.24,1,-3,no,no,E2,20,1293.693318
Endometrium,13,1,5,05.07.24,1,-3,no,no,E2,1,2676.520147
Endometrium,13,1,5,05.07.24,1,-3,no,no,E2,5,221.172472
Endometrium,13,1,5,05.07.24,1,-3,no,no,E2,10,1063.835977
Endometrium,13,1,5,05.07.24,1,-3,no,no,E2,20,1488.961337
Endometrium,13,1,5,05.07.24,1,-3,no,no,E2,1,201.993511
Endometrium,13,1,5,05.07.24,1,-3,no,no,E2,5,962.791295
Endometrium,13,1,5,05.07.24,1,-3,no,no,E2,10,758.674604
Endometrium,13,1,5,05.07.24,1,-3,no,no,E2,20,883.853516
Endometrium,13,1,5,05.07.24,1,-3,no,no,E2,1,1214.000231
Endometrium,13,1,5,05.07.24,1,-3,no,no,E2,5,78.008805
Endometrium,13,1,5,05.07.24,1,-3,no,no,E2,10,991.865845
Endometrium,13,1,5,05.07.24,1,-3,no,no,E2,20,1654.518335
Endometrium,13,1,5,05.07.24,1,-3,no,no,E2,1,203.900612
Endometrium,13,1,5,05.07.24,1,-3,no,no,E2,5,1054.760289
Endometrium,13,1,5,05.07.24,1,-3,no,no,E2,10,556.108854
Endometrium,13,1,5,05.07.24,1,-3,no,no,E2,20,1219.555167
Endometrium,13,1,5,05.07.24,1,-3,no,no,E2,1,1531.235416
Endometrium,13,1,5,05.07.24,1,-3,no,no,E2,5,578.148037
Endometrium,13,1,5,05.07.24,1,-3,no,no,E2,10,1237.777471
Endometrium,13,1,5,05.07.24,1,-3,no,no,E2,20,1447.285035
Endometrium,13,1,2,05.07.24,1,-3,yes,no,E1,1,3868.94327
Endometrium,13,1,2,05.07.24,1,-3,yes,no,E1,5,4548.309277
Endometrium,13,1,2,05.07.24,1,-3,yes,no,E1,10,4116.556814
Endometrium,13,1,2,05.07.24,1,-3,yes,no,E1,20,4105.215238
Endometrium,13,1,2,05.07.24,1,-3,yes,no,E1,1,4037.406098
Endometrium,13,1,2,05.07.24,1,-3,yes,no,E1,5,4892.263327
Endometrium,13,1,2,05.07.24,1,-3,yes,no,E1,10,4937.395315
Endometrium,13,1,2,05.07.24,1,-3,yes,no,E1,20,5482.596699
Endometrium,13,1,2,05.07.24,1,-3,yes,no,E1,1,5473.843927
Endometrium,13,1,2,05.07.24,1,-3,yes,no,E1,5,5924.306166
Endometrium,13,1,2,05.07.24,1,-3,yes,no,E1,10,6155.980476
Endometrium,13,1,2,05.07.24,1,-3,yes,no,E1,20,6482.758859
Endometrium,13,1,2,05.07.24,1,-3,yes,no,E1,1,5185.054185
Endometrium,13,1,2,05.07.24,1,-3,yes,no,E1,5,5788.731352
Endometrium,13,1,2,05.07.24,1,-3,yes,no,E1,10,5744.039726
Endometrium,13,1,2,05.07.24,1,-3,yes,no,E1,20,6173.529511
Endometrium,13,1,2,05.07.24,1,-3,yes,no,E1,1,5086.773908
Endometrium,13,1,2,05.07.24,1,-3,yes,no,E1,5,5487.036211
Endometrium,13,1,2,05.07.24,1,-3,yes,no,E1,10,5842.507008
Endometrium,13,1,2,05.07.24,1,-3,yes,no,E1,20,6524.119365
Endometrium,13,1,2,05.07.24,1,-3,yes,no,E1,1,12913.08389
Endometrium,13,1,2,05.07.24,1,-3,yes,no,E1,5,4574.12667
Endometrium,13,1,2,05.07.24,1,-3,yes,no,E1,10,5343.370477
Endometrium,13,1,2,05.07.24,1,-3,yes,no,E1,20,6932.904202
Endometrium,13,1,2,05.07.24,1,-3,yes,no,E2,1,1371.709521
Endometrium,13,1,2,05.07.24,1,-3,yes,no,E2,5,470.058605
Endometrium,13,1,2,05.07.24,1,-3,yes,no,E2,10,1509.050928
Endometrium,13,1,2,05.07.24,1,-3,yes,no,E2,20,1672.578986
Endometrium,13,1,2,05.07.24,1,-3,yes,no,E2,1,688.992574
Endometrium,13,1,2,05.07.24,1,-3,yes,no,E2,5,279.505379
Endometrium,13,1,2,05.07.24,1,-3,yes,no,E2,10,570.463132
Endometrium,13,1,2,05.07.24,1,-3,yes,no,E2,20,855.105342
Endometrium,13,1,2,05.07.24,1,-3,yes,no,E2,1,511.508916
Endometrium,13,1,2,05.07.24,1,-3,yes,no,E2,5,1109.911994
Endometrium,13,1,2,05.07.24,1,-3,yes,no,E2,10,957.077837
Endometrium,13,1,2,05.07.24,1,-3,yes,no,E2,20,1261.892503
Endometrium,13,1,2,05.07.24,1,-3,yes,no,E2,1,1232.106838
Endometrium,13,1,2,05.07.24,1,-3,yes,no,E2,5,986.9845
Endometrium,13,1,2,05.07.24,1,-3,yes,no,E2,10,884.350491
Endometrium,13,1,2,05.07.24,1,-3,yes,no,E2,20,1476.388937
Endometrium,13,1,2,05.07.24,1,-3,yes,no,E2,1,861.174969
Endometrium,13,1,2,05.07.24,1,-3,yes,no,E2,5,513.219333
Endometrium,13,1,2,05.07.24,1,-3,yes,no,E2,10,811.568993
Endometrium,13,1,2,05.07.24,1,-3,yes,no,E2,20,958.607387
Endometrium,13,1,2,05.07.24,1,-3,yes,no,E2,1,1266.519396
Endometrium,13,1,2,05.07.24,1,-3,yes,no,E2,5,1340.829109
Endometrium,13,1,2,05.07.24,1,-3,yes,no,E2,10,825.087924
Endometrium,13,1,2,05.07.24,1,-3,yes,no,E2,20,2184.822621
Endometrium,13,1,1,09.07.24,1,1,no,no,E1,1,11134.41221
Endometrium,13,1,1,09.07.24,1,1,no,no,E1,5,12203.3728
Endometrium,13,1,1,09.07.24,1,1,no,no,E1,10,12480.00899
Endometrium,13,1,1,09.07.24,1,1,no,no,E1,20,13371.08871
Endometrium,13,1,1,09.07.24,1,1,no,no,E1,1,4887.838813
Endometrium,13,1,1,09.07.24,1,1,no,no,E1,5,5271.726909
Endometrium,13,1,1,09.07.24,1,1,no,no,E1,10,5331.706603
Endometrium,13,1,1,09.07.24,1,1,no,no,E1,20,6065.575435
Endometrium,13,1,1,09.07.24,1,1,no,no,E1,1,6925.569255
Endometrium,13,1,1,09.07.24,1,1,no,no,E1,5,7176.166409
Endometrium,13,1,1,09.07.24,1,1,no,no,E1,10,7862.49026
Endometrium,13,1,1,09.07.24,1,1,no,no,E1,20,8977.45344
Endometrium,13,1,1,09.07.24,1,1,no,no,E1,1,5865.648854
Endometrium,13,1,1,09.07.24,1,1,no,no,E1,5,6117.248356
Endometrium,13,1,1,09.07.24,1,1,no,no,E1,10,6591.503594
Endometrium,13,1,1,09.07.24,1,1,no,no,E1,20,7163.568839
Endometrium,13,1,1,09.07.24,1,1,no,no,E1,1,3837.061835
Endometrium,13,1,1,09.07.24,1,1,no,no,E1,5,4485.971387
Endometrium,13,1,1,09.07.24,1,1,no,no,E1,10,4388.552423
Endometrium,13,1,1,09.07.24,1,1,no,no,E1,20,4601.321669
Endometrium,13,1,1,09.07.24,1,1,no,no,E2,1,2016.139622
Endometrium,13,1,1,09.07.24,1,1,no,no,E2,5,994.709847
Endometrium,13,1,1,09.07.24,1,1,no,no,E2,10,472.642181
Endometrium,13,1,1,09.07.24,1,1,no,no,E2,20,1822.386677
Endometrium,13,1,1,09.07.24,1,1,no,no,E2,1,79.683356
Endometrium,13,1,1,09.07.24,1,1,no,no,E2,5,628.70134
Endometrium,13,1,1,09.07.24,1,1,no,no,E2,10,133.417137
Endometrium,13,1,1,09.07.24,1,1,no,no,E2,20,1.742527
Endometrium,13,1,1,09.07.24,1,1,no,no,E2,1,1120.206185
Endometrium,13,1,1,09.07.24,1,1,no,no,E2,5,1446.260761
Endometrium,13,1,1,09.07.24,1,1,no,no,E2,10,703.048205
Endometrium,13,1,1,09.07.24,1,1,no,no,E2,20,701.728939
Endometrium,13,1,1,09.07.24,1,1,no,no,E2,1,233.05392
Endometrium,13,1,1,09.07.24,1,1,no,no,E2,5,568.283359
Endometrium,13,1,1,09.07.24,1,1,no,no,E2,10,603.529321
Endometrium,13,1,1,09.07.24,1,1,no,no,E2,20,1072.94377
Endometrium,13,1,1,09.07.24,1,1,no,no,E2,1,545.936175
Endometrium,13,1,1,09.07.24,1,1,no,no,E2,5,20.807688
Endometrium,13,1,1,09.07.24,1,1,no,no,E2,10,396.733481
Endometrium,13,1,1,09.07.24,1,1,no,no,E2,20,942.561671
Endometrium,13,1,2,09.07.24,1,1,no,no,E1,1,6360.845092
Endometrium,13,1,2,09.07.24,1,1,no,no,E1,5,6827.530901
Endometrium,13,1,2,09.07.24,1,1,no,no,E1,10,7348.594013
Endometrium,13,1,2,09.07.24,1,1,no,no,E1,20,8204.944959
Endometrium,13,1,2,09.07.24,1,1,no,no,E1,1,6253.500717
Endometrium,13,1,2,09.07.24,1,1,no,no,E1,5,7018.209462
Endometrium,13,1,2,09.07.24,1,1,no,no,E1,10,7038.617574
Endometrium,13,1,2,09.07.24,1,1,no,no,E1,20,7669.160316
Endometrium,13,1,2,09.07.24,1,1,no,no,E2,1,979.054037
Endometrium,13,1,2,09.07.24,1,1,no,no,E2,5,1039.168209
Endometrium,13,1,2,09.07.24,1,1,no,no,E2,10,1094.654411
Endometrium,13,1,2,09.07.24,1,1,no,no,E2,20,1743.031239
Endometrium,13,1,2,09.07.24,1,1,no,no,E2,1,150.704292
Endometrium,13,1,2,09.07.24,1,1,no,no,E2,5,356.518629
Endometrium,13,1,2,09.07.24,1,1,no,no,E2,10,1004.263713
Endometrium,13,1,2,09.07.24,1,1,no,no,E2,20,2216.994407
Endometrium,13,1,3,09.07.24,1,1,no,no,E1,1,3184.744218
Endometrium,13,1,3,09.07.24,1,1,no,no,E1,5,3728.321961
Endometrium,13,1,3,09.07.24,1,1,no,no,E1,10,4021.342772
Endometrium,13,1,3,09.07.24,1,1,no,no,E1,20,4447.858485
Endometrium,13,1,3,09.07.24,1,1,no,no,E2,1,252.933348
Endometrium,13,1,3,09.07.24,1,1,no,no,E2,5,490.597451
Endometrium,13,1,3,09.07.24,1,1,no,no,E2,10,659.542774
Endometrium,13,1,3,09.07.24,1,1,no,no,E2,20,946.324352
Endometrium,13,1,1,09.07.24,1,1,yes,no,E1,1,2178.931425
Endometrium,13,1,1,09.07.24,1,1,yes,no,E1,5,2473.837793
Endometrium,13,1,1,09.07.24,1,1,yes,no,E1,10,2492.949925
Endometrium,13,1,1,09.07.24,1,1,yes,no,E1,20,2676.999028
Endometrium,13,1,1,09.07.24,1,1,yes,no,E1,1,751.504721
Endometrium,13,1,1,09.07.24,1,1,yes,no,E1,5,841.912519
Endometrium,13,1,1,09.07.24,1,1,yes,no,E1,10,834.803653
Endometrium,13,1,1,09.07.24,1,1,yes,no,E1,20,877.60446
Endometrium,13,1,1,09.07.24,1,1,yes,no,E1,1,1078.556526
Endometrium,13,1,1,09.07.24,1,1,yes,no,E1,5,1101.149854
Endometrium,13,1,1,09.07.24,1,1,yes,no,E1,10,1115.994837
Endometrium,13,1,1,09.07.24,1,1,yes,no,E1,20,1215.680092
Endometrium,13,1,1,09.07.24,1,1,yes,no,E1,1,792.298195
Endometrium,13,1,1,09.07.24,1,1,yes,no,E1,5,1005.06203
Endometrium,13,1,1,09.07.24,1,1,yes,no,E1,10,978.075006
Endometrium,13,1,1,09.07.24,1,1,yes,no,E1,20,1003.90121
Endometrium,13,1,1,09.07.24,1,1,yes,no,E1,1,612.667526
Endometrium,13,1,1,09.07.24,1,1,yes,no,E1,5,591.97574
Endometrium,13,1,1,09.07.24,1,1,yes,no,E1,10,536.325305
Endometrium,13,1,1,09.07.24,1,1,yes,no,E1,20,518.071261
Endometrium,13,1,1,09.07.24,1,1,yes,no,E2,1,711.551612
Endometrium,13,1,1,09.07.24,1,1,yes,no,E2,5,606.485365
Endometrium,13,1,1,09.07.24,1,1,yes,no,E2,10,587.936593
Endometrium,13,1,1,09.07.24,1,1,yes,no,E2,20,746.144495
Endometrium,13,1,1,09.07.24,1,1,yes,no,E2,1,390.238932
Endometrium,13,1,1,09.07.24,1,1,yes,no,E2,5,328.672765
Endometrium,13,1,1,09.07.24,1,1,yes,no,E2,10,420.846173
Endometrium,13,1,1,09.07.24,1,1,yes,no,E2,20,449.511329
Endometrium,13,1,1,09.07.24,1,1,yes,no,E2,1,129.838178
Endometrium,13,1,1,09.07.24,1,1,yes,no,E2,5,193.294763
Endometrium,13,1,1,09.07.24,1,1,yes,no,E2,10,266.901567
Endometrium,13,1,1,09.07.24,1,1,yes,no,E2,20,388.70679
Endometrium,13,1,1,09.07.24,1,1,yes,no,E2,1,293.842052
Endometrium,13,1,1,09.07.24,1,1,yes,no,E2,5,194.401499
Endometrium,13,1,1,09.07.24,1,1,yes,no,E2,10,327.819441
Endometrium,13,1,1,09.07.24,1,1,yes,no,E2,20,415.588928
Endometrium,13,1,1,09.07.24,1,1,yes,no,E2,1,371.175254
Endometrium,13,1,1,09.07.24,1,1,yes,no,E2,5,242.71152
Endometrium,13,1,1,09.07.24,1,1,yes,no,E2,10,286.70626
Endometrium,13,1,1,09.07.24,1,1,yes,no,E2,20,359.765645
Endometrium,13,1,2,09.07.24,1,1,yes,no,E1,1,241.096696
Endometrium,13,1,2,09.07.24,1,1,yes,no,E1,5,252.442754
Endometrium,13,1,2,09.07.24,1,1,yes,no,E1,10,263.76181
Endometrium,13,1,2,09.07.24,1,1,yes,no,E1,20,278.849802
Endometrium,13,1,2,09.07.24,1,1,yes,no,E1,1,15142.23311
Endometrium,13,1,2,09.07.24,1,1,yes,no,E1,5,16493.1369
Endometrium,13,1,2,09.07.24,1,1,yes,no,E1,10,16261.72589
Endometrium,13,1,2,09.07.24,1,1,yes,no,E1,20,17399.5268
Endometrium,13,1,2,09.07.24,1,1,yes,no,E2,1,62.706876
Endometrium,13,1,2,09.07.24,1,1,yes,no,E2,5,66.510491
Endometrium,13,1,2,09.07.24,1,1,yes,no,E2,10,165.27078
Endometrium,13,1,2,09.07.24,1,1,yes,no,E2,20,230.047791
Endometrium,13,1,2,09.07.24,1,1,yes,no,E2,1,124.544804
Endometrium,13,1,2,09.07.24,1,1,yes,no,E2,5,2.697421
Endometrium,13,1,2,09.07.24,1,1,yes,no,E2,10,2391.548116
Endometrium,13,1,2,09.07.24,1,1,yes,no,E2,20,3642.548488
Endometrium,13,1,3,09.07.24,1,1,yes,no,E1,1,2715.766231
Endometrium,13,1,3,09.07.24,1,1,yes,no,E1,5,2899.89022
Endometrium,13,1,3,09.07.24,1,1,yes,no,E1,10,3063.428231
Endometrium,13,1,3,09.07.24,1,1,yes,no,E1,20,3361.748798
Endometrium,13,1,3,09.07.24,1,1,yes,no,E1,1,5601.98432
Endometrium,13,1,3,09.07.24,1,1,yes,no,E1,5,5517.548373
Endometrium,13,1,3,09.07.24,1,1,yes,no,E1,10,5744.212266
Endometrium,13,1,3,09.07.24,1,1,yes,no,E1,20,6147.842771
Endometrium,13,1,3,09.07.24,1,1,yes,no,E1,1,811.522425
Endometrium,13,1,3,09.07.24,1,1,yes,no,E1,5,1039.848718
Endometrium,13,1,3,09.07.24,1,1,yes,no,E1,10,1029.046243
Endometrium,13,1,3,09.07.24,1,1,yes,no,E1,20,1176.621783
Endometrium,13,1,3,09.07.24,1,1,yes,no,E1,1,2848.114162
Endometrium,13,1,3,09.07.24,1,1,yes,no,E1,5,2708.698127
Endometrium,13,1,3,09.07.24,1,1,yes,no,E1,10,2551.483819
Endometrium,13,1,3,09.07.24,1,1,yes,no,E1,20,2622.448081
Endometrium,13,1,3,09.07.24,1,1,yes,no,E1,1,2372.750117
Endometrium,13,1,3,09.07.24,1,1,yes,no,E1,5,2652.919246
Endometrium,13,1,3,09.07.24,1,1,yes,no,E1,10,2547.491444
Endometrium,13,1,3,09.07.24,1,1,yes,no,E1,20,2547.7394
Endometrium,13,1,3,09.07.24,1,1,yes,no,E1,1,3688.783201
Endometrium,13,1,3,09.07.24,1,1,yes,no,E1,5,3824.99783
Endometrium,13,1,3,09.07.24,1,1,yes,no,E1,10,3775.394538
Endometrium,13,1,3,09.07.24,1,1,yes,no,E1,20,4158.754761
Endometrium,13,1,3,09.07.24,1,1,yes,no,E2,1,466.986898
Endometrium,13,1,3,09.07.24,1,1,yes,no,E2,5,47.491486
Endometrium,13,1,3,09.07.24,1,1,yes,no,E2,10,378.085734
Endometrium,13,1,3,09.07.24,1,1,yes,no,E2,20,403.833564
Endometrium,13,1,3,09.07.24,1,1,yes,no,E2,1,908.074294
Endometrium,13,1,3,09.07.24,1,1,yes,no,E2,5,1255.543249
Endometrium,13,1,3,09.07.24,1,1,yes,no,E2,10,1548.161021
Endometrium,13,1,3,09.07.24,1,1,yes,no,E2,20,1853.222963
Endometrium,13,1,3,09.07.24,1,1,yes,no,E2,1,613.6024
Endometrium,13,1,3,09.07.24,1,1,yes,no,E2,5,590.812685
Endometrium,13,1,3,09.07.24,1,1,yes,no,E2,10,700.634132
Endometrium,13,1,3,09.07.24,1,1,yes,no,E2,20,692.648467
Endometrium,13,1,3,09.07.24,1,1,yes,no,E2,1,1152.18827
Endometrium,13,1,3,09.07.24,1,1,yes,no,E2,5,1251.178341
Endometrium,13,1,3,09.07.24,1,1,yes,no,E2,10,1459.378883
Endometrium,13,1,3,09.07.24,1,1,yes,no,E2,20,1612.532688
Endometrium,13,1,3,09.07.24,1,1,yes,no,E2,1,1229.293463
Endometrium,13,1,3,09.07.24,1,1,yes,no,E2,5,1068.696069
Endometrium,13,1,3,09.07.24,1,1,yes,no,E2,10,1128.376412
Endometrium,13,1,3,09.07.24,1,1,yes,no,E2,20,1329.461799
Endometrium,13,1,3,09.07.24,1,1,yes,no,E2,1,1118.517565
Endometrium,13,1,3,09.07.24,1,1,yes,no,E2,5,620.009815
Endometrium,13,1,3,09.07.24,1,1,yes,no,E2,10,1223.180564
Endometrium,13,1,3,09.07.24,1,1,yes,no,E2,20,961.667063
Endometrium,13,1,4,09.07.24,1,1,yes,no,E1,1,4452.098331
Endometrium,13,1,4,09.07.24,1,1,yes,no,E1,5,4418.619562
Endometrium,13,1,4,09.07.24,1,1,yes,no,E1,10,4875.360005
Endometrium,13,1,4,09.07.24,1,1,yes,no,E1,20,4092.876366
Endometrium,13,1,4,09.07.24,1,1,yes,no,E1,1,2462.655162
Endometrium,13,1,4,09.07.24,1,1,yes,no,E1,5,2565.597337
Endometrium,13,1,4,09.07.24,1,1,yes,no,E1,10,2400.683745
Endometrium,13,1,4,09.07.24,1,1,yes,no,E1,20,2574.189445
Endometrium,13,1,4,09.07.24,1,1,yes,no,E1,1,2099.029554
Endometrium,13,1,4,09.07.24,1,1,yes,no,E1,5,2061.48542
Endometrium,13,1,4,09.07.24,1,1,yes,no,E1,10,2189.926871
Endometrium,13,1,4,09.07.24,1,1,yes,no,E1,20,2069.373026
Endometrium,13,1,4,09.07.24,1,1,yes,no,E2,1,3353.128464
Endometrium,13,1,4,09.07.24,1,1,yes,no,E2,5,3869.33958
Endometrium,13,1,4,09.07.24,1,1,yes,no,E2,10,3373.980893
Endometrium,13,1,4,09.07.24,1,1,yes,no,E2,20,3828.818094
Endometrium,13,1,4,09.07.24,1,1,yes,no,E2,1,678.768686
Endometrium,13,1,4,09.07.24,1,1,yes,no,E2,5,820.554046
Endometrium,13,1,4,09.07.24,1,1,yes,no,E2,10,1010.726405
Endometrium,13,1,4,09.07.24,1,1,yes,no,E2,20,1235.595477
Endometrium,13,1,4,09.07.24,1,1,yes,no,E2,1,809.886508
Endometrium,13,1,4,09.07.24,1,1,yes,no,E2,5,903.679445
Endometrium,13,1,4,09.07.24,1,1,yes,no,E2,10,1425.685991
Endometrium,13,1,4,09.07.24,1,1,yes,no,E2,20,1581.606916
Endometrium,13,1,1,09.07.24,1,1,yes,yes,E1,1,3939.726115
Endometrium,13,1,1,09.07.24,1,1,yes,yes,E1,5,4353.152567
Endometrium,13,1,1,09.07.24,1,1,yes,yes,E1,10,4201.578928
Endometrium,13,1,1,09.07.24,1,1,yes,yes,E1,20,4895.177168
Endometrium,13,1,1,09.07.24,1,1,yes,yes,E1,1,3687.003639
Endometrium,13,1,1,09.07.24,1,1,yes,yes,E1,5,3951.341866
Endometrium,13,1,1,09.07.24,1,1,yes,yes,E1,10,4304.044777
Endometrium,13,1,1,09.07.24,1,1,yes,yes,E1,20,4652.031666
Endometrium,13,1,1,09.07.24,1,1,yes,yes,E1,1,3142.757856
Endometrium,13,1,1,09.07.24,1,1,yes,yes,E1,5,3434.326252
Endometrium,13,1,1,09.07.24,1,1,yes,yes,E1,10,3422.103775
Endometrium,13,1,1,09.07.24,1,1,yes,yes,E1,20,3784.211235
Endometrium,13,1,1,09.07.24,1,1,yes,yes,E1,1,3379.376468
Endometrium,13,1,1,09.07.24,1,1,yes,yes,E1,5,3508.913585
Endometrium,13,1,1,09.07.24,1,1,yes,yes,E1,10,3701.13282
Endometrium,13,1,1,09.07.24,1,1,yes,yes,E1,20,3827.548695
Endometrium,13,1,1,09.07.24,1,1,yes,yes,E1,1,1788.330418
Endometrium,13,1,1,09.07.24,1,1,yes,yes,E1,5,2099.569677
Endometrium,13,1,1,09.07.24,1,1,yes,yes,E1,10,2045.299031
Endometrium,13,1,1,09.07.24,1,1,yes,yes,E1,20,2129.785998
Endometrium,13,1,1,09.07.24,1,1,yes,yes,E1,1,1976.41356
Endometrium,13,1,1,09.07.24,1,1,yes,yes,E1,5,2167.474904
Endometrium,13,1,1,09.07.24,1,1,yes,yes,E1,10,2378.479677
Endometrium,13,1,1,09.07.24,1,1,yes,yes,E1,20,2361.284702
Endometrium,13,1,1,09.07.24,1,1,yes,yes,E1,1,1569.663413
Endometrium,13,1,1,09.07.24,1,1,yes,yes,E1,5,1656.274511
Endometrium,13,1,1,09.07.24,1,1,yes,yes,E1,10,1751.442266
Endometrium,13,1,1,09.07.24,1,1,yes,yes,E1,20,1928.414918
Endometrium,13,1,1,09.07.24,1,1,yes,yes,E1,1,3541.318808
Endometrium,13,1,1,09.07.24,1,1,yes,yes,E1,5,3662.451472
Endometrium,13,1,1,09.07.24,1,1,yes,yes,E1,10,3881.772252
Endometrium,13,1,1,09.07.24,1,1,yes,yes,E1,20,4310.78071
Endometrium,13,1,1,09.07.24,1,1,yes,yes,E2,1,609.357495
Endometrium,13,1,1,09.07.24,1,1,yes,yes,E2,5,625.836832
Endometrium,13,1,1,09.07.24,1,1,yes,yes,E2,10,936.90555
Endometrium,13,1,1,09.07.24,1,1,yes,yes,E2,20,1054.990766
Endometrium,13,1,1,09.07.24,1,1,yes,yes,E2,1,826.17171
Endometrium,13,1,1,09.07.24,1,1,yes,yes,E2,5,801.050889
Endometrium,13,1,1,09.07.24,1,1,yes,yes,E2,10,920.968673
Endometrium,13,1,1,09.07.24,1,1,yes,yes,E2,20,1401.424587
Endometrium,13,1,1,09.07.24,1,1,yes,yes,E2,1,549.461621
Endometrium,13,1,1,09.07.24,1,1,yes,yes,E2,5,776.771226
Endometrium,13,1,1,09.07.24,1,1,yes,yes,E2,10,763.014479
Endometrium,13,1,1,09.07.24,1,1,yes,yes,E2,20,1089.502459
Endometrium,13,1,1,09.07.24,1,1,yes,yes,E2,1,610.033976
Endometrium,13,1,1,09.07.24,1,1,yes,yes,E2,5,538.313315
Endometrium,13,1,1,09.07.24,1,1,yes,yes,E2,10,594.042298
Endometrium,13,1,1,09.07.24,1,1,yes,yes,E2,20,943.893369
Endometrium,13,1,1,09.07.24,1,1,yes,yes,E2,1,1426.950745
Endometrium,13,1,1,09.07.24,1,1,yes,yes,E2,5,1105.162128
Endometrium,13,1,1,09.07.24,1,1,yes,yes,E2,10,1468.4442
Endometrium,13,1,1,09.07.24,1,1,yes,yes,E2,20,1598.529432
Endometrium,13,1,1,09.07.24,1,1,yes,yes,E2,1,1447.776944
Endometrium,13,1,1,09.07.24,1,1,yes,yes,E2,5,1671.594145
Endometrium,13,1,1,09.07.24,1,1,yes,yes,E2,10,1791.69244
Endometrium,13,1,1,09.07.24,1,1,yes,yes,E2,20,2162.476222
Endometrium,13,1,1,09.07.24,1,1,yes,yes,E2,1,789.911453
Endometrium,13,1,1,09.07.24,1,1,yes,yes,E2,5,1168.124344
Endometrium,13,1,1,09.07.24,1,1,yes,yes,E2,10,1292.022826
Endometrium,13,1,1,09.07.24,1,1,yes,yes,E2,20,1522.992384
Endometrium,13,1,1,09.07.24,1,1,yes,yes,E2,1,812.26132
Endometrium,13,1,1,09.07.24,1,1,yes,yes,E2,5,1407.262102
Endometrium,13,1,1,09.07.24,1,1,yes,yes,E2,10,1431.562337
Endometrium,13,1,1,09.07.24,1,1,yes,yes,E2,20,1434.027793
Endometrium,13,1,2,09.07.24,1,1,yes,yes,E1,1,4594.01981
Endometrium,13,1,2,09.07.24,1,1,yes,yes,E1,5,4824.713177
Endometrium,13,1,2,09.07.24,1,1,yes,yes,E1,10,5028.194833
Endometrium,13,1,2,09.07.24,1,1,yes,yes,E1,20,5596.642989
Endometrium,13,1,2,09.07.24,1,1,yes,yes,E1,1,3140.609397
Endometrium,13,1,2,09.07.24,1,1,yes,yes,E1,5,3829.439283
Endometrium,13,1,2,09.07.24,1,1,yes,yes,E1,10,4411.023046
Endometrium,13,1,2,09.07.24,1,1,yes,yes,E1,20,4211.88206
Endometrium,13,1,2,09.07.24,1,1,yes,yes,E1,1,4798.465985
Endometrium,13,1,2,09.07.24,1,1,yes,yes,E1,5,5539.364809
Endometrium,13,1,2,09.07.24,1,1,yes,yes,E1,10,5042.636627
Endometrium,13,1,2,09.07.24,1,1,yes,yes,E1,20,4968.204723
Endometrium,13,1,2,09.07.24,1,1,yes,yes,E2,1,871.318399
Endometrium,13,1,2,09.07.24,1,1,yes,yes,E2,5,507.696254
Endometrium,13,1,2,09.07.24,1,1,yes,yes,E2,10,688.283054
Endometrium,13,1,2,09.07.24,1,1,yes,yes,E2,20,1018.314553
Endometrium,13,1,2,09.07.24,1,1,yes,yes,E2,1,571.062892
Endometrium,13,1,2,09.07.24,1,1,yes,yes,E2,5,299.234194
Endometrium,13,1,2,09.07.24,1,1,yes,yes,E2,10,724.284071
Endometrium,13,1,2,09.07.24,1,1,yes,yes,E2,20,952.107566
Endometrium,13,1,2,09.07.24,1,1,yes,yes,E2,1,443.311123
Endometrium,13,1,2,09.07.24,1,1,yes,yes,E2,5,956.446417
Endometrium,13,1,2,09.07.24,1,1,yes,yes,E2,10,917.29031
Endometrium,13,1,2,09.07.24,1,1,yes,yes,E2,20,1461.022671
Endometrium,13,1,3,09.07.24,1,1,yes,yes,E1,1,2648.315722
Endometrium,13,1,3,09.07.24,1,1,yes,yes,E1,5,2910.789105
Endometrium,13,1,3,09.07.24,1,1,yes,yes,E1,10,2788.735875
Endometrium,13,1,3,09.07.24,1,1,yes,yes,E1,20,2929.167633
Endometrium,13,1,3,09.07.24,1,1,yes,yes,E1,1,6389.048388
Endometrium,13,1,3,09.07.24,1,1,yes,yes,E1,5,6819.299726
Endometrium,13,1,3,09.07.24,1,1,yes,yes,E1,10,7121.984235
Endometrium,13,1,3,09.07.24,1,1,yes,yes,E1,20,7722.019949
Endometrium,13,1,3,09.07.24,1,1,yes,yes,E1,1,3062.651435
Endometrium,13,1,3,09.07.24,1,1,yes,yes,E1,5,3078.844806
Endometrium,13,1,3,09.07.24,1,1,yes,yes,E1,10,3157.551286
Endometrium,13,1,3,09.07.24,1,1,yes,yes,E1,20,3055.940693
Endometrium,13,1,3,09.07.24,1,1,yes,yes,E1,1,2593.14255
Endometrium,13,1,3,09.07.24,1,1,yes,yes,E1,5,1920.357872
Endometrium,13,1,3,09.07.24,1,1,yes,yes,E1,10,1713.857294
Endometrium,13,1,3,09.07.24,1,1,yes,yes,E1,20,1429.545458
Endometrium,13,1,3,09.07.24,1,1,yes,yes,E1,1,1947.451784
Endometrium,13,1,3,09.07.24,1,1,yes,yes,E1,5,1593.773833
Endometrium,13,1,3,09.07.24,1,1,yes,yes,E1,10,1929.63396
Endometrium,13,1,3,09.07.24,1,1,yes,yes,E1,20,2178.748302
Endometrium,13,1,3,09.07.24,1,1,yes,yes,E1,1,3190.934409
Endometrium,13,1,3,09.07.24,1,1,yes,yes,E1,5,3647.708528
Endometrium,13,1,3,09.07.24,1,1,yes,yes,E1,10,3785.280139
Endometrium,13,1,3,09.07.24,1,1,yes,yes,E1,20,4230.459435
Endometrium,13,1,3,09.07.24,1,1,yes,yes,E1,1,3875.505813
Endometrium,13,1,3,09.07.24,1,1,yes,yes,E1,5,3582.943607
Endometrium,13,1,3,09.07.24,1,1,yes,yes,E1,10,3377.192781
Endometrium,13,1,3,09.07.24,1,1,yes,yes,E1,20,3528.16573
Endometrium,13,1,3,09.07.24,1,1,yes,yes,E2,1,537.766921
Endometrium,13,1,3,09.07.24,1,1,yes,yes,E2,5,386.497298
Endometrium,13,1,3,09.07.24,1,1,yes,yes,E2,10,541.522158
Endometrium,13,1,3,09.07.24,1,1,yes,yes,E2,20,851.731386
Endometrium,13,1,3,09.07.24,1,1,yes,yes,E2,1,49.858159
Endometrium,13,1,3,09.07.24,1,1,yes,yes,E2,5,512.614932
Endometrium,13,1,3,09.07.24,1,1,yes,yes,E2,10,1373.427861
Endometrium,13,1,3,09.07.24,1,1,yes,yes,E2,20,1386.909312
Endometrium,13,1,3,09.07.24,1,1,yes,yes,E2,1,452.953054
Endometrium,13,1,3,09.07.24,1,1,yes,yes,E2,5,645.92001
Endometrium,13,1,3,09.07.24,1,1,yes,yes,E2,10,1014.901894
Endometrium,13,1,3,09.07.24,1,1,yes,yes,E2,20,821.254454
Endometrium,13,1,3,09.07.24,1,1,yes,yes,E2,1,172.726245
Endometrium,13,1,3,09.07.24,1,1,yes,yes,E2,5,899.638611
Endometrium,13,1,3,09.07.24,1,1,yes,yes,E2,10,1221.69677
Endometrium,13,1,3,09.07.24,1,1,yes,yes,E2,20,1717.678283
Endometrium,13,1,3,09.07.24,1,1,yes,yes,E2,1,989.131742
Endometrium,13,1,3,09.07.24,1,1,yes,yes,E2,5,1708.892514
Endometrium,13,1,3,09.07.24,1,1,yes,yes,E2,10,1565.983663
Endometrium,13,1,3,09.07.24,1,1,yes,yes,E2,20,1625.22893
Endometrium,13,1,3,09.07.24,1,1,yes,yes,E2,1,776.002699
Endometrium,13,1,3,09.07.24,1,1,yes,yes,E2,5,48.732637
Endometrium,13,1,3,09.07.24,1,1,yes,yes,E2,10,726.023776
Endometrium,13,1,3,09.07.24,1,1,yes,yes,E2,20,1139.403517
Endometrium,13,1,3,09.07.24,1,1,yes,yes,E2,1,684.72134
Endometrium,13,1,3,09.07.24,1,1,yes,yes,E2,5,654.603726
Endometrium,13,1,3,09.07.24,1,1,yes,yes,E2,10,1177.043655
Endometrium,13,1,3,09.07.24,1,1,yes,yes,E2,20,1337.386386
Endometrium,13,1,1,15.07.24,1,7,no,no,E1,1,5696.854925
Endometrium,13,1,1,15.07.24,1,7,no,no,E1,5,5639.033614
Endometrium,13,1,1,15.07.24,1,7,no,no,E1,10,6463.647586
Endometrium,13,1,1,15.07.24,1,7,no,no,E1,20,6952.915148
Endometrium,13,1,1,15.07.24,1,7,no,no,E1,1,6492.890007
Endometrium,13,1,1,15.07.24,1,7,no,no,E1,5,6727.605579
Endometrium,13,1,1,15.07.24,1,7,no,no,E1,10,6878.024847
Endometrium,13,1,1,15.07.24,1,7,no,no,E1,20,7133.844272
Endometrium,13,1,1,15.07.24,1,7,no,no,E1,1,10610.08871
Endometrium,13,1,1,15.07.24,1,7,no,no,E1,5,12260.78902
Endometrium,13,1,1,15.07.24,1,7,no,no,E1,10,12703.35101
Endometrium,13,1,1,15.07.24,1,7,no,no,E1,20,13505.22376
Endometrium,13,1,1,15.07.24,1,7,no,no,E1,1,5400.000947
Endometrium,13,1,1,15.07.24,1,7,no,no,E1,5,6040.419811
Endometrium,13,1,1,15.07.24,1,7,no,no,E1,10,5944.137926
Endometrium,13,1,1,15.07.24,1,7,no,no,E1,20,6337.343971
Endometrium,13,1,1,15.07.24,1,7,no,no,E1,1,2601.739238
Endometrium,13,1,1,15.07.24,1,7,no,no,E1,5,2854.875217
Endometrium,13,1,1,15.07.24,1,7,no,no,E1,10,3017.736938
Endometrium,13,1,1,15.07.24,1,7,no,no,E1,20,3213.36694
Endometrium,13,1,1,15.07.24,1,7,no,no,E1,1,5133.780255
Endometrium,13,1,1,15.07.24,1,7,no,no,E1,5,5289.092429
Endometrium,13,1,1,15.07.24,1,7,no,no,E1,10,5402.898148
Endometrium,13,1,1,15.07.24,1,7,no,no,E1,20,5686.300531
Endometrium,13,1,1,15.07.24,1,7,no,no,E1,1,4522.3433
Endometrium,13,1,1,15.07.24,1,7,no,no,E1,5,3673.601975
Endometrium,13,1,1,15.07.24,1,7,no,no,E1,10,4811.292057
Endometrium,13,1,1,15.07.24,1,7,no,no,E1,20,5045.281884
Endometrium,13,1,1,15.07.24,1,7,no,no,E1,1,7404.965781
Endometrium,13,1,1,15.07.24,1,7,no,no,E1,5,7969.752038
Endometrium,13,1,1,15.07.24,1,7,no,no,E1,10,8928.996546
Endometrium,13,1,1,15.07.24,1,7,no,no,E1,20,9528.229699
Endometrium,13,1,1,15.07.24,1,7,no,no,E1,1,9952.475024
Endometrium,13,1,1,15.07.24,1,7,no,no,E1,5,10954.78878
Endometrium,13,1,1,15.07.24,1,7,no,no,E1,10,12722.95398
Endometrium,13,1,1,15.07.24,1,7,no,no,E1,20,15481.2587
Endometrium,13,1,1,15.07.24,1,7,no,no,E2,1,114.637985
Endometrium,13,1,1,15.07.24,1,7,no,no,E2,5,806.687597
Endometrium,13,1,1,15.07.24,1,7,no,no,E2,10,705.895427
Endometrium,13,1,1,15.07.24,1,7,no,no,E2,20,1549.207666
Endometrium,13,1,1,15.07.24,1,7,no,no,E2,1,395.345053
Endometrium,13,1,1,15.07.24,1,7,no,no,E2,5,1561.250836
Endometrium,13,1,1,15.07.24,1,7,no,no,E2,10,480.355766
Endometrium,13,1,1,15.07.24,1,7,no,no,E2,20,1105.690766
Endometrium,13,1,1,15.07.24,1,7,no,no,E2,1,1426.988267
Endometrium,13,1,1,15.07.24,1,7,no,no,E2,5,1831.145443
Endometrium,13,1,1,15.07.24,1,7,no,no,E2,10,1907.098581
Endometrium,13,1,1,15.07.24,1,7,no,no,E2,20,1813.282241
Endometrium,13,1,1,15.07.24,1,7,no,no,E2,1,83.520273
Endometrium,13,1,1,15.07.24,1,7,no,no,E2,5,1686.792191
Endometrium,13,1,1,15.07.24,1,7,no,no,E2,10,869.914189
Endometrium,13,1,1,15.07.24,1,7,no,no,E2,20,1173.433241
Endometrium,13,1,1,15.07.24,1,7,no,no,E2,1,175.768981
Endometrium,13,1,1,15.07.24,1,7,no,no,E2,5,286.498608
Endometrium,13,1,1,15.07.24,1,7,no,no,E2,10,455.627601
Endometrium,13,1,1,15.07.24,1,7,no,no,E2,20,790.297577
Endometrium,13,1,1,15.07.24,1,7,no,no,E2,1,591.019391
Endometrium,13,1,1,15.07.24,1,7,no,no,E2,5,1380.577371
Endometrium,13,1,1,15.07.24,1,7,no,no,E2,10,275.02975
Endometrium,13,1,1,15.07.24,1,7,no,no,E2,20,960.88576
Endometrium,13,1,1,15.07.24,1,7,no,no,E2,1,60.896939
Endometrium,13,1,1,15.07.24,1,7,no,no,E2,5,1959.560251
Endometrium,13,1,1,15.07.24,1,7,no,no,E2,10,628.770745
Endometrium,13,1,1,15.07.24,1,7,no,no,E2,20,639.586665
Endometrium,13,1,1,15.07.24,1,7,no,no,E2,1,1284.8315
Endometrium,13,1,1,15.07.24,1,7,no,no,E2,5,605.281415
Endometrium,13,1,1,15.07.24,1,7,no,no,E2,10,729.304808
Endometrium,13,1,1,15.07.24,1,7,no,no,E2,20,1858.124868
Endometrium,13,1,1,15.07.24,1,7,no,no,E2,1,1669.933497
Endometrium,13,1,1,15.07.24,1,7,no,no,E2,5,2403.296119
Endometrium,13,1,1,15.07.24,1,7,no,no,E2,10,1722.96261
Endometrium,13,1,1,15.07.24,1,7,no,no,E2,20,679.046505
Endometrium,13,1,2,15.07.24,1,7,no,no,E1,1,3204.096678
Endometrium,13,1,2,15.07.24,1,7,no,no,E1,5,3426.999495
Endometrium,13,1,2,15.07.24,1,7,no,no,E1,10,3485.136815
Endometrium,13,1,2,15.07.24,1,7,no,no,E1,20,3853.547744
Endometrium,13,1,2,15.07.24,1,7,no,no,E1,1,3191.305564
Endometrium,13,1,2,15.07.24,1,7,no,no,E1,5,3402.154904
Endometrium,13,1,2,15.07.24,1,7,no,no,E1,10,3525.093861
Endometrium,13,1,2,15.07.24,1,7,no,no,E1,20,3776.045307
Endometrium,13,1,2,15.07.24,1,7,no,no,E1,1,2534.848345
Endometrium,13,1,2,15.07.24,1,7,no,no,E1,5,2754.64033
Endometrium,13,1,2,15.07.24,1,7,no,no,E1,10,2741.108569
Endometrium,13,1,2,15.07.24,1,7,no,no,E1,20,2896.796587
Endometrium,13,1,2,15.07.24,1,7,no,no,E1,1,5654.264159
Endometrium,13,1,2,15.07.24,1,7,no,no,E1,5,7063.186618
Endometrium,13,1,2,15.07.24,1,7,no,no,E1,10,6907.066477
Endometrium,13,1,2,15.07.24,1,7,no,no,E1,20,8180.383433
Endometrium,13,1,2,15.07.24,1,7,no,no,E1,1,7825.195346
Endometrium,13,1,2,15.07.24,1,7,no,no,E1,5,9100.192587
Endometrium,13,1,2,15.07.24,1,7,no,no,E1,10,9155.90886
Endometrium,13,1,2,15.07.24,1,7,no,no,E1,20,10571.41909
Endometrium,13,1,2,15.07.24,1,7,no,no,E1,1,2837.748931
Endometrium,13,1,2,15.07.24,1,7,no,no,E1,5,3090.387965
Endometrium,13,1,2,15.07.24,1,7,no,no,E1,10,3187.218117
Endometrium,13,1,2,15.07.24,1,7,no,no,E1,20,3275.221873
Endometrium,13,1,2,15.07.24,1,7,no,no,E1,1,2455.048919
Endometrium,13,1,2,15.07.24,1,7,no,no,E1,5,2431.433981
Endometrium,13,1,2,15.07.24,1,7,no,no,E1,10,2624.794295
Endometrium,13,1,2,15.07.24,1,7,no,no,E1,20,2887.584796
Endometrium,13,1,2,15.07.24,1,7,no,no,E2,1,513.31415
Endometrium,13,1,2,15.07.24,1,7,no,no,E2,5,692.12305
Endometrium,13,1,2,15.07.24,1,7,no,no,E2,10,683.176173
Endometrium,13,1,2,15.07.24,1,7,no,no,E2,20,715.453862
Endometrium,13,1,2,15.07.24,1,7,no,no,E2,1,135.525884
Endometrium,13,1,2,15.07.24,1,7,no,no,E2,5,20.712785
Endometrium,13,1,2,15.07.24,1,7,no,no,E2,10,692.876478
Endometrium,13,1,2,15.07.24,1,7,no,no,E2,20,782.766794
Endometrium,13,1,2,15.07.24,1,7,no,no,E2,1,225.326077
Endometrium,13,1,2,15.07.24,1,7,no,no,E2,5,582.248288
Endometrium,13,1,2,15.07.24,1,7,no,no,E2,10,359.904275
Endometrium,13,1,2,15.07.24,1,7,no,no,E2,20,321.918537
Endometrium,13,1,2,15.07.24,1,7,no,no,E2,1,778.065262
Endometrium,13,1,2,15.07.24,1,7,no,no,E2,5,312.696945
Endometrium,13,1,2,15.07.24,1,7,no,no,E2,10,335.807231
Endometrium,13,1,2,15.07.24,1,7,no,no,E2,20,260.745611
Endometrium,13,1,2,15.07.24,1,7,no,no,E2,1,733.411019
Endometrium,13,1,2,15.07.24,1,7,no,no,E2,5,908.093106
Endometrium,13,1,2,15.07.24,1,7,no,no,E2,10,506.284588
Endometrium,13,1,2,15.07.24,1,7,no,no,E2,20,1138.370783
Endometrium,13,1,2,15.07.24,1,7,no,no,E2,1,341.124032
Endometrium,13,1,2,15.07.24,1,7,no,no,E2,5,120.503931
Endometrium,13,1,2,15.07.24,1,7,no,no,E2,10,307.110814
Endometrium,13,1,2,15.07.24,1,7,no,no,E2,20,655.094066
Endometrium,13,1,2,15.07.24,1,7,no,no,E2,1,107.800839
Endometrium,13,1,2,15.07.24,1,7,no,no,E2,5,2.6185
Endometrium,13,1,2,15.07.24,1,7,no,no,E2,10,328.974199
Endometrium,13,1,2,15.07.24,1,7,no,no,E2,20,289.020771
Endometrium,13,1,3,15.07.24,1,7,no,no,E1,1,1126.965339
Endometrium,13,1,3,15.07.24,1,7,no,no,E1,5,1090.496969
Endometrium,13,1,3,15.07.24,1,7,no,no,E1,10,1284.58075
Endometrium,13,1,3,15.07.24,1,7,no,no,E1,20,1283.834647
Endometrium,13,1,3,15.07.24,1,7,no,no,E1,1,5981.592836
Endometrium,13,1,3,15.07.24,1,7,no,no,E1,5,5611.003741
Endometrium,13,1,3,15.07.24,1,7,no,no,E1,10,6364.742896
Endometrium,13,1,3,15.07.24,1,7,no,no,E1,20,6692.783574
Endometrium,13,1,3,15.07.24,1,7,no,no,E1,1,512.580996
Endometrium,13,1,3,15.07.24,1,7,no,no,E1,5,619.646648
Endometrium,13,1,3,15.07.24,1,7,no,no,E1,10,626.006958
Endometrium,13,1,3,15.07.24,1,7,no,no,E1,20,651.977903
Endometrium,13,1,3,15.07.24,1,7,no,no,E1,1,4407.4223
Endometrium,13,1,3,15.07.24,1,7,no,no,E1,5,4929.722381
Endometrium,13,1,3,15.07.24,1,7,no,no,E1,10,5167.9991
Endometrium,13,1,3,15.07.24,1,7,no,no,E1,20,5750.347496
Endometrium,13,1,3,15.07.24,1,7,no,no,E1,1,889.471536
Endometrium,13,1,3,15.07.24,1,7,no,no,E1,5,1029.748424
Endometrium,13,1,3,15.07.24,1,7,no,no,E1,10,1041.233837
Endometrium,13,1,3,15.07.24,1,7,no,no,E1,20,1111.547341
Endometrium,13,1,3,15.07.24,1,7,no,no,E2,1,77.607537
Endometrium,13,1,3,15.07.24,1,7,no,no,E2,5,112.402969
Endometrium,13,1,3,15.07.24,1,7,no,no,E2,10,172.944709
Endometrium,13,1,3,15.07.24,1,7,no,no,E2,20,438.660928
Endometrium,13,1,3,15.07.24,1,7,no,no,E2,1,938.514771
Endometrium,13,1,3,15.07.24,1,7,no,no,E2,5,1215.809595
Endometrium,13,1,3,15.07.24,1,7,no,no,E2,10,1491.321401
Endometrium,13,1,3,15.07.24,1,7,no,no,E2,20,1866.25653
Endometrium,13,1,3,15.07.24,1,7,no,no,E2,1,142.453476
Endometrium,13,1,3,15.07.24,1,7,no,no,E2,5,109.512745
Endometrium,13,1,3,15.07.24,1,7,no,no,E2,10,193.886532
Endometrium,13,1,3,15.07.24,1,7,no,no,E2,20,308.243362
Endometrium,13,1,3,15.07.24,1,7,no,no,E2,1,78.700408
Endometrium,13,1,3,15.07.24,1,7,no,no,E2,5,1473.281608
Endometrium,13,1,3,15.07.24,1,7,no,no,E2,10,717.245355
Endometrium,13,1,3,15.07.24,1,7,no,no,E2,20,762.442279
Endometrium,13,1,3,15.07.24,1,7,no,no,E2,1,219.834461
Endometrium,13,1,3,15.07.24,1,7,no,no,E2,5,81.062389
Endometrium,13,1,3,15.07.24,1,7,no,no,E2,10,162.139855
Endometrium,13,1,3,15.07.24,1,7,no,no,E2,20,257.778039
Endometrium,13,1,1,15.07.24,1,7,yes,yes,E1,1,4615.598397
Endometrium,13,1,1,15.07.24,1,7,yes,yes,E1,5,6723.954167
Endometrium,13,1,1,15.07.24,1,7,yes,yes,E1,10,6637.489993
Endometrium,13,1,1,15.07.24,1,7,yes,yes,E1,20,6116.062295
Endometrium,13,1,1,15.07.24,1,7,yes,yes,E1,1,5814.173919
Endometrium,13,1,1,15.07.24,1,7,yes,yes,E1,5,6681.288842
Endometrium,13,1,1,15.07.24,1,7,yes,yes,E1,10,7078.393928
Endometrium,13,1,1,15.07.24,1,7,yes,yes,E1,20,7688.010755
Endometrium,13,1,1,15.07.24,1,7,yes,yes,E1,1,5579.008463
Endometrium,13,1,1,15.07.24,1,7,yes,yes,E1,5,5709.021867
Endometrium,13,1,1,15.07.24,1,7,yes,yes,E1,10,6665.600954
Endometrium,13,1,1,15.07.24,1,7,yes,yes,E1,20,7131.021561
Endometrium,13,1,1,15.07.24,1,7,yes,yes,E1,1,4763.599325
Endometrium,13,1,1,15.07.24,1,7,yes,yes,E1,5,5088.243518
Endometrium,13,1,1,15.07.24,1,7,yes,yes,E1,10,5719.776951
Endometrium,13,1,1,15.07.24,1,7,yes,yes,E1,20,5560.97824
Endometrium,13,1,1,15.07.24,1,7,yes,yes,E1,1,4178.021716
Endometrium,13,1,1,15.07.24,1,7,yes,yes,E1,5,-1794.689266
Endometrium,13,1,1,15.07.24,1,7,yes,yes,E1,10,4823.646526
Endometrium,13,1,1,15.07.24,1,7,yes,yes,E1,20,5727.819499
Endometrium,13,1,1,15.07.24,1,7,yes,yes,E1,1,4823.877957
Endometrium,13,1,1,15.07.24,1,7,yes,yes,E1,5,5248.276616
Endometrium,13,1,1,15.07.24,1,7,yes,yes,E1,10,5248.50594
Endometrium,13,1,1,15.07.24,1,7,yes,yes,E1,20,5321.921908
Endometrium,13,1,1,15.07.24,1,7,yes,yes,E1,1,5946.805583
Endometrium,13,1,1,15.07.24,1,7,yes,yes,E1,5,5976.018893
Endometrium,13,1,1,15.07.24,1,7,yes,yes,E1,10,5774.994953
Endometrium,13,1,1,15.07.24,1,7,yes,yes,E1,20,5912.179339
Endometrium,13,1,1,15.07.24,1,7,yes,yes,E2,1,2661.520835
Endometrium,13,1,1,15.07.24,1,7,yes,yes,E2,5,29.453925
Endometrium,13,1,1,15.07.24,1,7,yes,yes,E2,10,2862.72941
Endometrium,13,1,1,15.07.24,1,7,yes,yes,E2,20,1479.040408
Endometrium,13,1,1,15.07.24,1,7,yes,yes,E2,1,542.001742
Endometrium,13,1,1,15.07.24,1,7,yes,yes,E2,5,2420.790225
Endometrium,13,1,1,15.07.24,1,7,yes,yes,E2,10,1465.001627
Endometrium,13,1,1,15.07.24,1,7,yes,yes,E2,20,1818.566251
Endometrium,13,1,1,15.07.24,1,7,yes,yes,E2,1,1592.649061
Endometrium,13,1,1,15.07.24,1,7,yes,yes,E2,5,2961.633932
Endometrium,13,1,1,15.07.24,1,7,yes,yes,E2,10,1549.821105
Endometrium,13,1,1,15.07.24,1,7,yes,yes,E2,20,1932.341829
Endometrium,13,1,1,15.07.24,1,7,yes,yes,E2,1,805.216942
Endometrium,13,1,1,15.07.24,1,7,yes,yes,E2,5,408.007357
Endometrium,13,1,1,15.07.24,1,7,yes,yes,E2,10,890.883607
Endometrium,13,1,1,15.07.24,1,7,yes,yes,E2,20,1646.268176
Endometrium,13,1,1,15.07.24,1,7,yes,yes,E2,1,1309.396595
Endometrium,13,1,1,15.07.24,1,7,yes,yes,E2,5,2688.701405
Endometrium,13,1,1,15.07.24,1,7,yes,yes,E2,10,1338.232743
Endometrium,13,1,1,15.07.24,1,7,yes,yes,E2,20,1161.229036
Endometrium,13,1,1,15.07.24,1,7,yes,yes,E2,1,533.087957
Endometrium,13,1,1,15.07.24,1,7,yes,yes,E2,5,1715.113736
Endometrium,13,1,1,15.07.24,1,7,yes,yes,E2,10,1123.518151
Endometrium,13,1,1,15.07.24,1,7,yes,yes,E2,20,1877.493026
Endometrium,13,1,1,15.07.24,1,7,yes,yes,E2,1,1525.669457
Endometrium,13,1,1,15.07.24,1,7,yes,yes,E2,5,1906.955985
Endometrium,13,1,1,15.07.24,1,7,yes,yes,E2,10,1847.154667
Endometrium,13,1,1,15.07.24,1,7,yes,yes,E2,20,1962.454416
Endometrium,13,1,2,15.07.24,1,7,yes,yes,E1,1,772.068766
Endometrium,13,1,2,15.07.24,1,7,yes,yes,E1,5,916.071116
Endometrium,13,1,2,15.07.24,1,7,yes,yes,E1,10,970.408302
Endometrium,13,1,2,15.07.24,1,7,yes,yes,E1,20,1031.517503
Endometrium,13,1,2,15.07.24,1,7,yes,yes,E1,1,3384.632237
Endometrium,13,1,2,15.07.24,1,7,yes,yes,E1,5,4050.993819
Endometrium,13,1,2,15.07.24,1,7,yes,yes,E1,10,4066.913228
Endometrium,13,1,2,15.07.24,1,7,yes,yes,E1,20,4573.718388
Endometrium,13,1,2,15.07.24,1,7,yes,yes,E1,1,420.098928
Endometrium,13,1,2,15.07.24,1,7,yes,yes,E1,5,534.186281
Endometrium,13,1,2,15.07.24,1,7,yes,yes,E1,10,535.682458
Endometrium,13,1,2,15.07.24,1,7,yes,yes,E1,20,568.896457
Endometrium,13,1,2,15.07.24,1,7,yes,yes,E2,1,123.510558
Endometrium,13,1,2,15.07.24,1,7,yes,yes,E2,5,329.933402
Endometrium,13,1,2,15.07.24,1,7,yes,yes,E2,10,233.719704
Endometrium,13,1,2,15.07.24,1,7,yes,yes,E2,20,298.785462
Endometrium,13,1,2,15.07.24,1,7,yes,yes,E2,1,1465.131001
Endometrium,13,1,2,15.07.24,1,7,yes,yes,E2,5,619.738448
Endometrium,13,1,2,15.07.24,1,7,yes,yes,E2,10,1357.847654
Endometrium,13,1,2,15.07.24,1,7,yes,yes,E2,20,1232.16389
Endometrium,13,1,2,15.07.24,1,7,yes,yes,E2,1,72.186886
Endometrium,13,1,2,15.07.24,1,7,yes,yes,E2,5,203.19941
Endometrium,13,1,2,15.07.24,1,7,yes,yes,E2,10,151.215376
Endometrium,13,1,2,15.07.24,1,7,yes,yes,E2,20,240.047527
Endometrium,13,1,3,15.07.24,1,7,yes,yes,E1,1,4205.353941
Endometrium,13,1,3,15.07.24,1,7,yes,yes,E1,5,4996.670227
Endometrium,13,1,3,15.07.24,1,7,yes,yes,E1,10,5719.815427
Endometrium,13,1,3,15.07.24,1,7,yes,yes,E1,20,6563.579949
Endometrium,13,1,3,15.07.24,1,7,yes,yes,E1,1,3752.640275
Endometrium,13,1,3,15.07.24,1,7,yes,yes,E1,5,3292.393403
Endometrium,13,1,3,15.07.24,1,7,yes,yes,E1,10,3873.175372
Endometrium,13,1,3,15.07.24,1,7,yes,yes,E1,20,4393.573817
Endometrium,13,1,3,15.07.24,1,7,yes,yes,E1,1,7130.363723
Endometrium,13,1,3,15.07.24,1,7,yes,yes,E1,5,7763.226997
Endometrium,13,1,3,15.07.24,1,7,yes,yes,E1,10,8280.256462
Endometrium,13,1,3,15.07.24,1,7,yes,yes,E1,20,8935.760258
Endometrium,13,1,3,15.07.24,1,7,yes,yes,E2,1,3387.384362
Endometrium,13,1,3,15.07.24,1,7,yes,yes,E2,5,3231.399886
Endometrium,13,1,3,15.07.24,1,7,yes,yes,E2,10,2757.142217
Endometrium,13,1,3,15.07.24,1,7,yes,yes,E2,20,2765.133257
Endometrium,13,1,3,15.07.24,1,7,yes,yes,E2,1,33.397681
Endometrium,13,1,3,15.07.24,1,7,yes,yes,E2,5,138.026291
Endometrium,13,1,3,15.07.24,1,7,yes,yes,E2,10,527.943672
Endometrium,13,1,3,15.07.24,1,7,yes,yes,E2,20,943.928812
Endometrium,13,1,3,15.07.24,1,7,yes,yes,E2,1,692.789312
Endometrium,13,1,3,15.07.24,1,7,yes,yes,E2,5,596.316252
Endometrium,13,1,3,15.07.24,1,7,yes,yes,E2,10,1686.972965
Endometrium,13,1,3,15.07.24,1,7,yes,yes,E2,20,1659.030956
Endometrium,15,2,1,26.07.24,1,-3,no,no,E1,1,1824.729144
Endometrium,15,2,1,26.07.24,1,-3,no,no,E1,5,1915.59546
Endometrium,15,2,1,26.07.24,1,-3,no,no,E1,10,2233.827024
Endometrium,15,2,1,26.07.24,1,-3,no,no,E1,20,2333.215228
Endometrium,15,2,1,26.07.24,1,-3,no,no,E1,1,2412.612449
Endometrium,15,2,1,26.07.24,1,-3,no,no,E1,5,2678.61642
Endometrium,15,2,1,26.07.24,1,-3,no,no,E1,10,2411.503096
Endometrium,15,2,1,26.07.24,1,-3,no,no,E1,20,2777.294433
Endometrium,15,2,1,26.07.24,1,-3,no,no,E1,1,2353.537932
Endometrium,15,2,1,26.07.24,1,-3,no,no,E1,5,2787.115378
Endometrium,15,2,1,26.07.24,1,-3,no,no,E1,10,3001.763604
Endometrium,15,2,1,26.07.24,1,-3,no,no,E1,20,3186.543496
Endometrium,15,2,1,26.07.24,1,-3,no,no,E2,1,839.054134
Endometrium,15,2,1,26.07.24,1,-3,no,no,E2,5,1962.611166
Endometrium,15,2,1,26.07.24,1,-3,no,no,E2,10,1419.063383
Endometrium,15,2,1,26.07.24,1,-3,no,no,E2,20,1596.522353
Endometrium,15,2,1,26.07.24,1,-3,no,no,E2,1,1020.704999
Endometrium,15,2,1,26.07.24,1,-3,no,no,E2,5,888.76114
Endometrium,15,2,1,26.07.24,1,-3,no,no,E2,10,1383.594015
Endometrium,15,2,1,26.07.24,1,-3,no,no,E2,20,1300.267482
Endometrium,15,2,1,26.07.24,1,-3,no,no,E2,1,1122.272429
Endometrium,15,2,1,26.07.24,1,-3,no,no,E2,5,1206.363623
Endometrium,15,2,1,26.07.24,1,-3,no,no,E2,10,1544.141565
Endometrium,15,2,1,26.07.24,1,-3,no,no,E2,20,1669.87264
Endometrium,15,2,2,26.07.24,1,-3,no,no,E1,1,570.582571
Endometrium,15,2,2,26.07.24,1,-3,no,no,E1,5,628.583801
Endometrium,15,2,2,26.07.24,1,-3,no,no,E1,10,702.743858
Endometrium,15,2,2,26.07.24,1,-3,no,no,E1,20,722.066962
Endometrium,15,2,2,26.07.24,1,-3,no,no,E1,1,615.800303
Endometrium,15,2,2,26.07.24,1,-3,no,no,E1,5,693.095149
Endometrium,15,2,2,26.07.24,1,-3,no,no,E1,10,759.257816
Endometrium,15,2,2,26.07.24,1,-3,no,no,E1,20,785.836444
Endometrium,15,2,2,26.07.24,1,-3,no,no,E1,1,2085.788108
Endometrium,15,2,2,26.07.24,1,-3,no,no,E1,5,2371.436662
Endometrium,15,2,2,26.07.24,1,-3,no,no,E1,10,2553.389073
Endometrium,15,2,2,26.07.24,1,-3,no,no,E1,20,2959.953371
Endometrium,15,2,2,26.07.24,1,-3,no,no,E1,1,785.100301
Endometrium,15,2,2,26.07.24,1,-3,no,no,E1,5,867.157006
Endometrium,15,2,2,26.07.24,1,-3,no,no,E1,10,941.403525
Endometrium,15,2,2,26.07.24,1,-3,no,no,E1,20,1072.968839
Endometrium,15,2,2,26.07.24,1,-3,no,no,E1,1,498.036599
Endometrium,15,2,2,26.07.24,1,-3,no,no,E1,5,613.602525
Endometrium,15,2,2,26.07.24,1,-3,no,no,E1,10,633.924968
Endometrium,15,2,2,26.07.24,1,-3,no,no,E1,20,658.737005
Endometrium,15,2,2,26.07.24,1,-3,no,no,E1,1,701.505409
Endometrium,15,2,2,26.07.24,1,-3,no,no,E1,5,797.913287
Endometrium,15,2,2,26.07.24,1,-3,no,no,E1,10,861.239892
Endometrium,15,2,2,26.07.24,1,-3,no,no,E1,20,923.491385
Endometrium,15,2,2,26.07.24,1,-3,no,no,E1,1,765.290592
Endometrium,15,2,2,26.07.24,1,-3,no,no,E1,5,1011.904325
Endometrium,15,2,2,26.07.24,1,-3,no,no,E1,10,1085.266769
Endometrium,15,2,2,26.07.24,1,-3,no,no,E1,20,1115.339963
Endometrium,15,2,2,26.07.24,1,-3,no,no,E2,1,139.779764
Endometrium,15,2,2,26.07.24,1,-3,no,no,E2,5,166.371894
Endometrium,15,2,2,26.07.24,1,-3,no,no,E2,10,234.370028
Endometrium,15,2,2,26.07.24,1,-3,no,no,E2,20,301.964468
Endometrium,15,2,2,26.07.24,1,-3,no,no,E2,1,221.993756
Endometrium,15,2,2,26.07.24,1,-3,no,no,E2,5,244.351038
Endometrium,15,2,2,26.07.24,1,-3,no,no,E2,10,301.898026
Endometrium,15,2,2,26.07.24,1,-3,no,no,E2,20,538.643424
Endometrium,15,2,2,26.07.24,1,-3,no,no,E2,1,59.260111
Endometrium,15,2,2,26.07.24,1,-3,no,no,E2,5,236.149562
Endometrium,15,2,2,26.07.24,1,-3,no,no,E2,10,320.738361
Endometrium,15,2,2,26.07.24,1,-3,no,no,E2,20,258.612296
Endometrium,15,2,2,26.07.24,1,-3,no,no,E2,1,292.995908
Endometrium,15,2,2,26.07.24,1,-3,no,no,E2,5,252.553818
Endometrium,15,2,2,26.07.24,1,-3,no,no,E2,10,330.326598
Endometrium,15,2,2,26.07.24,1,-3,no,no,E2,20,336.262658
Endometrium,15,2,2,26.07.24,1,-3,no,no,E2,1,18.571715
Endometrium,15,2,2,26.07.24,1,-3,no,no,E2,5,118.521945
Endometrium,15,2,2,26.07.24,1,-3,no,no,E2,10,170.223361
Endometrium,15,2,2,26.07.24,1,-3,no,no,E2,20,266.106861
Endometrium,15,2,2,26.07.24,1,-3,no,no,E2,1,319.378144
Endometrium,15,2,2,26.07.24,1,-3,no,no,E2,5,11.026836
Endometrium,15,2,2,26.07.24,1,-3,no,no,E2,10,113.034944
Endometrium,15,2,2,26.07.24,1,-3,no,no,E2,20,237.72689
Endometrium,15,2,2,26.07.24,1,-3,no,no,E2,1,203.981959
Endometrium,15,2,2,26.07.24,1,-3,no,no,E2,5,241.044826
Endometrium,15,2,2,26.07.24,1,-3,no,no,E2,10,291.027822
Endometrium,15,2,2,26.07.24,1,-3,no,no,E2,20,443.911162
Endometrium,15,2,3,26.07.24,1,-3,no,no,E1,1,3782.62187
Endometrium,15,2,3,26.07.24,1,-3,no,no,E1,5,4332.747698
Endometrium,15,2,3,26.07.24,1,-3,no,no,E1,10,4166.601871
Endometrium,15,2,3,26.07.24,1,-3,no,no,E1,20,4667.315979
Endometrium,15,2,3,26.07.24,1,-3,no,no,E1,1,5741.746473
Endometrium,15,2,3,26.07.24,1,-3,no,no,E1,5,5116.59681
Endometrium,15,2,3,26.07.24,1,-3,no,no,E1,10,5515.164717
Endometrium,15,2,3,26.07.24,1,-3,no,no,E1,20,5948.40191
Endometrium,15,2,3,26.07.24,1,-3,no,no,E1,1,6182.10042
Endometrium,15,2,3,26.07.24,1,-3,no,no,E1,5,6305.694915
Endometrium,15,2,3,26.07.24,1,-3,no,no,E1,10,6656.251837
Endometrium,15,2,3,26.07.24,1,-3,no,no,E1,20,7033.664252
Endometrium,15,2,3,26.07.24,1,-3,no,no,E1,1,3433.98515
Endometrium,15,2,3,26.07.24,1,-3,no,no,E1,5,3785.473992
Endometrium,15,2,3,26.07.24,1,-3,no,no,E1,10,3742.840905
Endometrium,15,2,3,26.07.24,1,-3,no,no,E1,20,3827.943179
Endometrium,15,2,3,26.07.24,1,-3,no,no,E1,1,3749.723368
Endometrium,15,2,3,26.07.24,1,-3,no,no,E1,5,4233.561177
Endometrium,15,2,3,26.07.24,1,-3,no,no,E1,10,4717.521361
Endometrium,15,2,3,26.07.24,1,-3,no,no,E1,20,4615.985153
Endometrium,15,2,3,26.07.24,1,-3,no,no,E2,1,905.57891
Endometrium,15,2,3,26.07.24,1,-3,no,no,E2,5,181.451617
Endometrium,15,2,3,26.07.24,1,-3,no,no,E2,10,432.635065
Endometrium,15,2,3,26.07.24,1,-3,no,no,E2,20,806.032102
Endometrium,15,2,3,26.07.24,1,-3,no,no,E2,1,852.475631
Endometrium,15,2,3,26.07.24,1,-3,no,no,E2,5,2459.43995
Endometrium,15,2,3,26.07.24,1,-3,no,no,E2,10,2015.925433
Endometrium,15,2,3,26.07.24,1,-3,no,no,E2,20,2010.00383
Endometrium,15,2,3,26.07.24,1,-3,no,no,E2,1,1288.721426
Endometrium,15,2,3,26.07.24,1,-3,no,no,E2,5,966.854598
Endometrium,15,2,3,26.07.24,1,-3,no,no,E2,10,1695.678691
Endometrium,15,2,3,26.07.24,1,-3,no,no,E2,20,2396.98876
Endometrium,15,2,3,26.07.24,1,-3,no,no,E2,1,1156.98323
Endometrium,15,2,3,26.07.24,1,-3,no,no,E2,5,1113.464939
Endometrium,15,2,3,26.07.24,1,-3,no,no,E2,10,870.451832
Endometrium,15,2,3,26.07.24,1,-3,no,no,E2,20,1121.970325
Endometrium,15,2,3,26.07.24,1,-3,no,no,E2,1,772.316749
Endometrium,15,2,3,26.07.24,1,-3,no,no,E2,5,553.133925
Endometrium,15,2,3,26.07.24,1,-3,no,no,E2,10,550.330841
Endometrium,15,2,3,26.07.24,1,-3,no,no,E2,20,939.257899
Endometrium,15,2,1,26.07.24,1,-3,yes,no,E1,1,6777.269639
Endometrium,15,2,1,26.07.24,1,-3,yes,no,E1,5,6686.52631
Endometrium,15,2,1,26.07.24,1,-3,yes,no,E1,10,6766.443927
Endometrium,15,2,1,26.07.24,1,-3,yes,no,E1,20,7234.577436
Endometrium,15,2,1,26.07.24,1,-3,yes,no,E1,1,4169.338841
Endometrium,15,2,1,26.07.24,1,-3,yes,no,E1,5,4642.022717
Endometrium,15,2,1,26.07.24,1,-3,yes,no,E1,10,4222.98174
Endometrium,15,2,1,26.07.24,1,-3,yes,no,E1,20,4220.839399
Endometrium,15,2,1,26.07.24,1,-3,yes,no,E1,1,2752.824845
Endometrium,15,2,1,26.07.24,1,-3,yes,no,E1,5,3041.733956
Endometrium,15,2,1,26.07.24,1,-3,yes,no,E1,10,3179.507692
Endometrium,15,2,1,26.07.24,1,-3,yes,no,E1,20,3421.316166
Endometrium,15,2,1,26.07.24,1,-3,yes,no,E1,1,2688.523191
Endometrium,15,2,1,26.07.24,1,-3,yes,no,E1,5,3047.478128
Endometrium,15,2,1,26.07.24,1,-3,yes,no,E1,10,3346.67342
Endometrium,15,2,1,26.07.24,1,-3,yes,no,E1,20,3647.717162
Endometrium,15,2,1,26.07.24,1,-3,yes,no,E2,1,92.903721
Endometrium,15,2,1,26.07.24,1,-3,yes,no,E2,5,1623.04637
Endometrium,15,2,1,26.07.24,1,-3,yes,no,E2,10,1886.844929
Endometrium,15,2,1,26.07.24,1,-3,yes,no,E2,20,2017.415715
Endometrium,15,2,1,26.07.24,1,-3,yes,no,E2,1,1618.882967
Endometrium,15,2,1,26.07.24,1,-3,yes,no,E2,5,1320.487693
Endometrium,15,2,1,26.07.24,1,-3,yes,no,E2,10,1381.857838
Endometrium,15,2,1,26.07.24,1,-3,yes,no,E2,20,1357.495619
Endometrium,15,2,1,26.07.24,1,-3,yes,no,E2,1,736.520479
Endometrium,15,2,1,26.07.24,1,-3,yes,no,E2,5,95.702838
Endometrium,15,2,1,26.07.24,1,-3,yes,no,E2,10,329.797395
Endometrium,15,2,1,26.07.24,1,-3,yes,no,E2,20,548.436915
Endometrium,15,2,1,26.07.24,1,-3,yes,no,E2,1,853.366083
Endometrium,15,2,1,26.07.24,1,-3,yes,no,E2,5,1142.608423
Endometrium,15,2,1,26.07.24,1,-3,yes,no,E2,10,1080.762671
Endometrium,15,2,1,26.07.24,1,-3,yes,no,E2,20,1268.768195
Endometrium,15,2,2,26.07.24,1,-3,yes,no,E1,1,1151.369911
Endometrium,15,2,2,26.07.24,1,-3,yes,no,E1,5,1164.552668
Endometrium,15,2,2,26.07.24,1,-3,yes,no,E1,10,1301.465217
Endometrium,15,2,2,26.07.24,1,-3,yes,no,E1,20,1335.571277
Endometrium,15,2,2,26.07.24,1,-3,yes,no,E1,1,2843.169083
Endometrium,15,2,2,26.07.24,1,-3,yes,no,E1,5,2776.915869
Endometrium,15,2,2,26.07.24,1,-3,yes,no,E1,10,2579.033221
Endometrium,15,2,2,26.07.24,1,-3,yes,no,E1,20,2728.059634
Endometrium,15,2,2,26.07.24,1,-3,yes,no,E1,1,1332.529033
Endometrium,15,2,2,26.07.24,1,-3,yes,no,E1,5,1476.056246
Endometrium,15,2,2,26.07.24,1,-3,yes,no,E1,10,1662.047465
Endometrium,15,2,2,26.07.24,1,-3,yes,no,E1,20,1889.420702
Endometrium,15,2,2,26.07.24,1,-3,yes,no,E1,1,2131.826546
Endometrium,15,2,2,26.07.24,1,-3,yes,no,E1,5,2437.942854
Endometrium,15,2,2,26.07.24,1,-3,yes,no,E1,10,2583.110772
Endometrium,15,2,2,26.07.24,1,-3,yes,no,E1,20,2891.03625
Endometrium,15,2,2,26.07.24,1,-3,yes,no,E1,1,1943.471195
Endometrium,15,2,2,26.07.24,1,-3,yes,no,E1,5,1952.435377
Endometrium,15,2,2,26.07.24,1,-3,yes,no,E1,10,2186.55565
Endometrium,15,2,2,26.07.24,1,-3,yes,no,E1,20,2283.393873
Endometrium,15,2,2,26.07.24,1,-3,yes,no,E2,1,361.081367
Endometrium,15,2,2,26.07.24,1,-3,yes,no,E2,5,577.921763
Endometrium,15,2,2,26.07.24,1,-3,yes,no,E2,10,506.901478
Endometrium,15,2,2,26.07.24,1,-3,yes,no,E2,20,556.351996
Endometrium,15,2,2,26.07.24,1,-3,yes,no,E2,1,1233.254621
Endometrium,15,2,2,26.07.24,1,-3,yes,no,E2,5,1434.120427
Endometrium,15,2,2,26.07.24,1,-3,yes,no,E2,10,1711.476828
Endometrium,15,2,2,26.07.24,1,-3,yes,no,E2,20,2004.952937
Endometrium,15,2,2,26.07.24,1,-3,yes,no,E2,1,258.244506
Endometrium,15,2,2,26.07.24,1,-3,yes,no,E2,5,310.821786
Endometrium,15,2,2,26.07.24,1,-3,yes,no,E2,10,547.445785
Endometrium,15,2,2,26.07.24,1,-3,yes,no,E2,20,790.166552
Endometrium,15,2,2,26.07.24,1,-3,yes,no,E2,1,456.941651
Endometrium,15,2,2,26.07.24,1,-3,yes,no,E2,5,715.654852
Endometrium,15,2,2,26.07.24,1,-3,yes,no,E2,10,661.104826
Endometrium,15,2,2,26.07.24,1,-3,yes,no,E2,20,512.033388
Endometrium,15,2,2,26.07.24,1,-3,yes,no,E2,1,285.139303
Endometrium,15,2,2,26.07.24,1,-3,yes,no,E2,5,254.924325
Endometrium,15,2,2,26.07.24,1,-3,yes,no,E2,10,348.29767
Endometrium,15,2,2,26.07.24,1,-3,yes,no,E2,20,547.658692
Endometrium,15,2,3,26.07.24,1,-3,yes,no,E1,1,4150.871422
Endometrium,15,2,3,26.07.24,1,-3,yes,no,E1,5,4054.0692
Endometrium,15,2,3,26.07.24,1,-3,yes,no,E1,10,4396.971896
Endometrium,15,2,3,26.07.24,1,-3,yes,no,E1,20,3943.388902
Endometrium,15,2,3,26.07.24,1,-3,yes,no,E1,1,2616.772476
Endometrium,15,2,3,26.07.24,1,-3,yes,no,E1,5,2771.50207
Endometrium,15,2,3,26.07.24,1,-3,yes,no,E1,10,2597.497343
Endometrium,15,2,3,26.07.24,1,-3,yes,no,E1,20,3088.822137
Endometrium,15,2,3,26.07.24,1,-3,yes,no,E1,1,2080.848106
Endometrium,15,2,3,26.07.24,1,-3,yes,no,E1,5,1908.851726
Endometrium,15,2,3,26.07.24,1,-3,yes,no,E1,10,1934.479302
Endometrium,15,2,3,26.07.24,1,-3,yes,no,E1,20,2174.446302
Endometrium,15,2,3,26.07.24,1,-3,yes,no,E1,1,4067.140653
Endometrium,15,2,3,26.07.24,1,-3,yes,no,E1,5,3927.138778
Endometrium,15,2,3,26.07.24,1,-3,yes,no,E1,10,4228.889055
Endometrium,15,2,3,26.07.24,1,-3,yes,no,E1,20,4602.258402
Endometrium,15,2,3,26.07.24,1,-3,yes,no,E1,1,4237.477736
Endometrium,15,2,3,26.07.24,1,-3,yes,no,E1,5,4945.918669
Endometrium,15,2,3,26.07.24,1,-3,yes,no,E1,10,5071.224204
Endometrium,15,2,3,26.07.24,1,-3,yes,no,E1,20,5998.683323
Endometrium,15,2,3,26.07.24,1,-3,yes,no,E1,1,2870.044977
Endometrium,15,2,3,26.07.24,1,-3,yes,no,E1,5,3163.953632
Endometrium,15,2,3,26.07.24,1,-3,yes,no,E1,10,3121.658153
Endometrium,15,2,3,26.07.24,1,-3,yes,no,E1,20,3320.13914
Endometrium,15,2,3,26.07.24,1,-3,yes,no,E2,1,3196.991291
Endometrium,15,2,3,26.07.24,1,-3,yes,no,E2,5,2600.706058
Endometrium,15,2,3,26.07.24,1,-3,yes,no,E2,10,2408.539604
Endometrium,15,2,3,26.07.24,1,-3,yes,no,E2,20,2833.637412
Endometrium,15,2,3,26.07.24,1,-3,yes,no,E2,1,216.35069
Endometrium,15,2,3,26.07.24,1,-3,yes,no,E2,5,617.978593
Endometrium,15,2,3,26.07.24,1,-3,yes,no,E2,10,893.43337
Endometrium,15,2,3,26.07.24,1,-3,yes,no,E2,20,706.316351
Endometrium,15,2,3,26.07.24,1,-3,yes,no,E2,1,251.253905
Endometrium,15,2,3,26.07.24,1,-3,yes,no,E2,5,306.756776
Endometrium,15,2,3,26.07.24,1,-3,yes,no,E2,10,482.311832
Endometrium,15,2,3,26.07.24,1,-3,yes,no,E2,20,802.094735
Endometrium,15,2,3,26.07.24,1,-3,yes,no,E2,1,923.715985
Endometrium,15,2,3,26.07.24,1,-3,yes,no,E2,5,110.489331
Endometrium,15,2,3,26.07.24,1,-3,yes,no,E2,10,934.855011
Endometrium,15,2,3,26.07.24,1,-3,yes,no,E2,20,1131.946421
Endometrium,15,2,3,26.07.24,1,-3,yes,no,E2,1,1715.126904
Endometrium,15,2,3,26.07.24,1,-3,yes,no,E2,5,1764.742919
Endometrium,15,2,3,26.07.24,1,-3,yes,no,E2,10,1371.19354
Endometrium,15,2,3,26.07.24,1,-3,yes,no,E2,20,1072.908546
Endometrium,15,2,3,26.07.24,1,-3,yes,no,E2,1,781.732957
Endometrium,15,2,3,26.07.24,1,-3,yes,no,E2,5,338.756339
Endometrium,15,2,3,26.07.24,1,-3,yes,no,E2,10,658.566386
Endometrium,15,2,3,26.07.24,1,-3,yes,no,E2,20,582.20793
Endometrium,15,3,4,10.08.24,1,-3,no,no,E1,1,7741.274771
Endometrium,15,3,4,10.08.24,1,-3,no,no,E1,5,8950.921625
Endometrium,15,3,4,10.08.24,1,-3,no,no,E1,10,8843.645314
Endometrium,15,3,4,10.08.24,1,-3,no,no,E1,20,9557.572157
Endometrium,15,3,4,10.08.24,1,-3,no,no,E1,1,3931.531069
Endometrium,15,3,4,10.08.24,1,-3,no,no,E1,5,4546.60054
Endometrium,15,3,4,10.08.24,1,-3,no,no,E1,10,4634.97151
Endometrium,15,3,4,10.08.24,1,-3,no,no,E1,20,4890.531973
Endometrium,15,3,4,10.08.24,1,-3,no,no,E1,1,3547.78822
Endometrium,15,3,4,10.08.24,1,-3,no,no,E1,5,4239.186045
Endometrium,15,3,4,10.08.24,1,-3,no,no,E1,10,3814.1302
Endometrium,15,3,4,10.08.24,1,-3,no,no,E1,20,4089.910392
Endometrium,15,3,4,10.08.24,1,-3,no,no,E1,1,4388.753656
Endometrium,15,3,4,10.08.24,1,-3,no,no,E1,5,4479.099738
Endometrium,15,3,4,10.08.24,1,-3,no,no,E1,10,4152.866582
Endometrium,15,3,4,10.08.24,1,-3,no,no,E1,20,4482.391152
Endometrium,15,3,4,10.08.24,1,-3,no,no,E1,1,2187.478746
Endometrium,15,3,4,10.08.24,1,-3,no,no,E1,5,2784.428569
Endometrium,15,3,4,10.08.24,1,-3,no,no,E1,10,2729.805966
Endometrium,15,3,4,10.08.24,1,-3,no,no,E1,20,3020.275959
Endometrium,15,3,4,10.08.24,1,-3,no,no,E1,1,5378.284642
Endometrium,15,3,4,10.08.24,1,-3,no,no,E1,5,5142.471998
Endometrium,15,3,4,10.08.24,1,-3,no,no,E1,10,6090.316802
Endometrium,15,3,4,10.08.24,1,-3,no,no,E1,20,6837.691101
Endometrium,15,3,4,10.08.24,1,-3,no,no,E1,1,6442.015673
Endometrium,15,3,4,10.08.24,1,-3,no,no,E1,5,6883.727873
Endometrium,15,3,4,10.08.24,1,-3,no,no,E1,10,7522.339204
Endometrium,15,3,4,10.08.24,1,-3,no,no,E1,20,7965.459583
Endometrium,15,3,4,10.08.24,1,-3,no,no,E2,1,1344.959839
Endometrium,15,3,4,10.08.24,1,-3,no,no,E2,5,2544.458242
Endometrium,15,3,4,10.08.24,1,-3,no,no,E2,10,2158.375405
Endometrium,15,3,4,10.08.24,1,-3,no,no,E2,20,2384.380572
Endometrium,15,3,4,10.08.24,1,-3,no,no,E2,1,1153.428794
Endometrium,15,3,4,10.08.24,1,-3,no,no,E2,5,598.581541
Endometrium,15,3,4,10.08.24,1,-3,no,no,E2,10,1656.566632
Endometrium,15,3,4,10.08.24,1,-3,no,no,E2,20,2034.472853
Endometrium,15,3,4,10.08.24,1,-3,no,no,E2,1,79.39969
Endometrium,15,3,4,10.08.24,1,-3,no,no,E2,5,697.386812
Endometrium,15,3,4,10.08.24,1,-3,no,no,E2,10,496.611484
Endometrium,15,3,4,10.08.24,1,-3,no,no,E2,20,916.199307
Endometrium,15,3,4,10.08.24,1,-3,no,no,E2,1,873.064854
Endometrium,15,3,4,10.08.24,1,-3,no,no,E2,5,1275.143238
Endometrium,15,3,4,10.08.24,1,-3,no,no,E2,10,2113.912541
Endometrium,15,3,4,10.08.24,1,-3,no,no,E2,20,2312.564182
Endometrium,15,3,4,10.08.24,1,-3,no,no,E2,1,436.726556
Endometrium,15,3,4,10.08.24,1,-3,no,no,E2,5,91.088349
Endometrium,15,3,4,10.08.24,1,-3,no,no,E2,10,671.18401
Endometrium,15,3,4,10.08.24,1,-3,no,no,E2,20,821.35626
Endometrium,15,3,4,10.08.24,1,-3,no,no,E2,1,1280.336066
Endometrium,15,3,4,10.08.24,1,-3,no,no,E2,5,1939.354014
Endometrium,15,3,4,10.08.24,1,-3,no,no,E2,10,600.051316
Endometrium,15,3,4,10.08.24,1,-3,no,no,E2,20,382.804814
Endometrium,15,3,4,10.08.24,1,-3,no,no,E2,1,81.908076
Endometrium,15,3,4,10.08.24,1,-3,no,no,E2,5,132.554624
Endometrium,15,3,4,10.08.24,1,-3,no,no,E2,10,1142.621864
Endometrium,15,3,4,10.08.24,1,-3,no,no,E2,20,1670.347196
Endometrium,15,3,5,10.08.24,1,-3,no,no,E1,1,3120.726441
Endometrium,15,3,5,10.08.24,1,-3,no,no,E1,5,3061.955452
Endometrium,15,3,5,10.08.24,1,-3,no,no,E1,10,3374.873039
Endometrium,15,3,5,10.08.24,1,-3,no,no,E1,20,3674.332938
Endometrium,15,3,5,10.08.24,1,-3,no,no,E1,1,6437.988901
Endometrium,15,3,5,10.08.24,1,-3,no,no,E1,5,6492.876053
Endometrium,15,3,5,10.08.24,1,-3,no,no,E1,10,6549.664471
Endometrium,15,3,5,10.08.24,1,-3,no,no,E1,20,6397.490084
Endometrium,15,3,5,10.08.24,1,-3,no,no,E1,1,6143.240816
Endometrium,15,3,5,10.08.24,1,-3,no,no,E1,5,6958.467518
Endometrium,15,3,5,10.08.24,1,-3,no,no,E1,10,7027.323281
Endometrium,15,3,5,10.08.24,1,-3,no,no,E1,20,7607.197315
Endometrium,15,3,5,10.08.24,1,-3,no,no,E1,1,5876.755082
Endometrium,15,3,5,10.08.24,1,-3,no,no,E1,5,6439.21748
Endometrium,15,3,5,10.08.24,1,-3,no,no,E1,10,7157.633279
Endometrium,15,3,5,10.08.24,1,-3,no,no,E1,20,7658.962985
Endometrium,15,3,5,10.08.24,1,-3,no,no,E1,1,8188.461491
Endometrium,15,3,5,10.08.24,1,-3,no,no,E1,5,9116.860691
Endometrium,15,3,5,10.08.24,1,-3,no,no,E1,10,9214.491912
Endometrium,15,3,5,10.08.24,1,-3,no,no,E1,20,9541.448257
Endometrium,15,3,5,10.08.24,1,-3,no,no,E1,1,5138.132405
Endometrium,15,3,5,10.08.24,1,-3,no,no,E1,5,4905.194755
Endometrium,15,3,5,10.08.24,1,-3,no,no,E1,10,5506.89945
Endometrium,15,3,5,10.08.24,1,-3,no,no,E1,20,6046.776595
Endometrium,15,3,5,10.08.24,1,-3,no,no,E1,1,4371.271171
Endometrium,15,3,5,10.08.24,1,-3,no,no,E1,5,4446.560067
Endometrium,15,3,5,10.08.24,1,-3,no,no,E1,10,4898.599282
Endometrium,15,3,5,10.08.24,1,-3,no,no,E1,20,5235.291289
Endometrium,15,3,5,10.08.24,1,-3,no,no,E1,1,5284.057841
Endometrium,15,3,5,10.08.24,1,-3,no,no,E1,5,6188.163649
Endometrium,15,3,5,10.08.24,1,-3,no,no,E1,10,5919.947096
Endometrium,15,3,5,10.08.24,1,-3,no,no,E1,20,5670.845952
Endometrium,15,3,5,10.08.24,1,-3,no,no,E1,1,3415.614601
Endometrium,15,3,5,10.08.24,1,-3,no,no,E1,5,4017.379324
Endometrium,15,3,5,10.08.24,1,-3,no,no,E1,10,3862.840963
Endometrium,15,3,5,10.08.24,1,-3,no,no,E1,20,4282.132226
Endometrium,15,3,5,10.08.24,1,-3,no,no,E2,1,632.777571
Endometrium,15,3,5,10.08.24,1,-3,no,no,E2,5,138.625264
Endometrium,15,3,5,10.08.24,1,-3,no,no,E2,10,546.322527
Endometrium,15,3,5,10.08.24,1,-3,no,no,E2,20,706.993142
Endometrium,15,3,5,10.08.24,1,-3,no,no,E2,1,2313.068625
Endometrium,15,3,5,10.08.24,1,-3,no,no,E2,5,1762.850193
Endometrium,15,3,5,10.08.24,1,-3,no,no,E2,10,2097.649078
Endometrium,15,3,5,10.08.24,1,-3,no,no,E2,20,2606.254256
Endometrium,15,3,5,10.08.24,1,-3,no,no,E2,1,2480.889888
Endometrium,15,3,5,10.08.24,1,-3,no,no,E2,5,1295.825755
Endometrium,15,3,5,10.08.24,1,-3,no,no,E2,10,1968.319756
Endometrium,15,3,5,10.08.24,1,-3,no,no,E2,20,1700.067734
Endometrium,15,3,5,10.08.24,1,-3,no,no,E2,1,313.1405
Endometrium,15,3,5,10.08.24,1,-3,no,no,E2,5,1285.915585
Endometrium,15,3,5,10.08.24,1,-3,no,no,E2,10,1065.731305
Endometrium,15,3,5,10.08.24,1,-3,no,no,E2,20,1460.70197
Endometrium,15,3,5,10.08.24,1,-3,no,no,E2,1,2077.27042
Endometrium,15,3,5,10.08.24,1,-3,no,no,E2,5,2092.355069
Endometrium,15,3,5,10.08.24,1,-3,no,no,E2,10,1752.58797
Endometrium,15,3,5,10.08.24,1,-3,no,no,E2,20,2211.27401
Endometrium,15,3,5,10.08.24,1,-3,no,no,E2,1,922.341577
Endometrium,15,3,5,10.08.24,1,-3,no,no,E2,5,1032.146938
Endometrium,15,3,5,10.08.24,1,-3,no,no,E2,10,487.857065
Endometrium,15,3,5,10.08.24,1,-3,no,no,E2,20,905.88002
Endometrium,15,3,5,10.08.24,1,-3,no,no,E2,1,1246.677513
Endometrium,15,3,5,10.08.24,1,-3,no,no,E2,5,375.356601
Endometrium,15,3,5,10.08.24,1,-3,no,no,E2,10,1255.120786
Endometrium,15,3,5,10.08.24,1,-3,no,no,E2,20,1836.80559
Endometrium,15,3,5,10.08.24,1,-3,no,no,E2,1,1212.2613
Endometrium,15,3,5,10.08.24,1,-3,no,no,E2,5,1756.445603
Endometrium,15,3,5,10.08.24,1,-3,no,no,E2,10,2280.953434
Endometrium,15,3,5,10.08.24,1,-3,no,no,E2,20,3230.973674
Endometrium,15,3,5,10.08.24,1,-3,no,no,E2,1,145.925259
Endometrium,15,3,5,10.08.24,1,-3,no,no,E2,5,575.041219
Endometrium,15,3,5,10.08.24,1,-3,no,no,E2,10,483.073371
Endometrium,15,3,5,10.08.24,1,-3,no,no,E2,20,465.949532
Endometrium,15,3,6,10.08.24,1,-3,no,no,E1,1,6511.822383
Endometrium,15,3,6,10.08.24,1,-3,no,no,E1,5,6950.840065
Endometrium,15,3,6,10.08.24,1,-3,no,no,E1,10,7423.44696
Endometrium,15,3,6,10.08.24,1,-3,no,no,E1,20,8189.925502
Endometrium,15,3,6,10.08.24,1,-3,no,no,E1,1,6355.474278
Endometrium,15,3,6,10.08.24,1,-3,no,no,E1,5,6504.659371
Endometrium,15,3,6,10.08.24,1,-3,no,no,E1,10,7145.286708
Endometrium,15,3,6,10.08.24,1,-3,no,no,E1,20,8480.001722
Endometrium,15,3,6,10.08.24,1,-3,no,no,E1,1,6972.643302
Endometrium,15,3,6,10.08.24,1,-3,no,no,E1,5,7630.361775
Endometrium,15,3,6,10.08.24,1,-3,no,no,E1,10,7697.82018
Endometrium,15,3,6,10.08.24,1,-3,no,no,E1,20,8256.869151
Endometrium,15,3,6,10.08.24,1,-3,no,no,E1,1,5798.942908
Endometrium,15,3,6,10.08.24,1,-3,no,no,E1,5,6579.511972
Endometrium,15,3,6,10.08.24,1,-3,no,no,E1,10,6807.312622
Endometrium,15,3,6,10.08.24,1,-3,no,no,E1,20,7465.163369
Endometrium,15,3,6,10.08.24,1,-3,no,no,E1,1,9211.954762
Endometrium,15,3,6,10.08.24,1,-3,no,no,E1,5,9774.409132
Endometrium,15,3,6,10.08.24,1,-3,no,no,E1,10,9682.092795
Endometrium,15,3,6,10.08.24,1,-3,no,no,E1,20,9716.420288
Endometrium,15,3,6,10.08.24,1,-3,no,no,E1,1,5985.100291
Endometrium,15,3,6,10.08.24,1,-3,no,no,E1,5,6946.983261
Endometrium,15,3,6,10.08.24,1,-3,no,no,E1,10,5629.016527
Endometrium,15,3,6,10.08.24,1,-3,no,no,E1,20,5963.890975
Endometrium,15,3,6,10.08.24,1,-3,no,no,E2,1,241.671102
Endometrium,15,3,6,10.08.24,1,-3,no,no,E2,5,10.243612
Endometrium,15,3,6,10.08.24,1,-3,no,no,E2,10,766.756759
Endometrium,15,3,6,10.08.24,1,-3,no,no,E2,20,1155.885179
Endometrium,15,3,6,10.08.24,1,-3,no,no,E2,1,824.146566
Endometrium,15,3,6,10.08.24,1,-3,no,no,E2,5,1064.582239
Endometrium,15,3,6,10.08.24,1,-3,no,no,E2,10,1031.899626
Endometrium,15,3,6,10.08.24,1,-3,no,no,E2,20,1073.356101
Endometrium,15,3,6,10.08.24,1,-3,no,no,E2,1,1769.724821
Endometrium,15,3,6,10.08.24,1,-3,no,no,E2,5,1716.057274
Endometrium,15,3,6,10.08.24,1,-3,no,no,E2,10,2906.658468
Endometrium,15,3,6,10.08.24,1,-3,no,no,E2,20,2066.207593
Endometrium,15,3,6,10.08.24,1,-3,no,no,E2,1,489.842974
Endometrium,15,3,6,10.08.24,1,-3,no,no,E2,5,957.391353
Endometrium,15,3,6,10.08.24,1,-3,no,no,E2,10,684.657814
Endometrium,15,3,6,10.08.24,1,-3,no,no,E2,20,1538.992752
Endometrium,15,3,6,10.08.24,1,-3,no,no,E2,1,3145.499549
Endometrium,15,3,6,10.08.24,1,-3,no,no,E2,5,1984.687491
Endometrium,15,3,6,10.08.24,1,-3,no,no,E2,10,3416.413989
Endometrium,15,3,6,10.08.24,1,-3,no,no,E2,20,4309.700607
Endometrium,15,3,6,10.08.24,1,-3,no,no,E2,1,4752.624287
Endometrium,15,3,6,10.08.24,1,-3,no,no,E2,5,4950.560982
Endometrium,15,3,6,10.08.24,1,-3,no,no,E2,10,6156.805664
Endometrium,15,3,6,10.08.24,1,-3,no,no,E2,20,6069.106002
Endometrium,15,3,4,10.08.24,1,-3,yes,no,E1,1,4490.96835
Endometrium,15,3,4,10.08.24,1,-3,yes,no,E1,5,5294.119018
Endometrium,15,3,4,10.08.24,1,-3,yes,no,E1,10,5337.251106
Endometrium,15,3,4,10.08.24,1,-3,yes,no,E1,20,5559.157262
Endometrium,15,3,4,10.08.24,1,-3,yes,no,E1,1,3474.113084
Endometrium,15,3,4,10.08.24,1,-3,yes,no,E1,5,3939.551865
Endometrium,15,3,4,10.08.24,1,-3,yes,no,E1,10,4026.463082
Endometrium,15,3,4,10.08.24,1,-3,yes,no,E1,20,4364.886356
Endometrium,15,3,4,10.08.24,1,-3,yes,no,E1,1,5293.136135
Endometrium,15,3,4,10.08.24,1,-3,yes,no,E1,5,5707.342161
Endometrium,15,3,4,10.08.24,1,-3,yes,no,E1,10,6101.595343
Endometrium,15,3,4,10.08.24,1,-3,yes,no,E1,20,5927.234588
Endometrium,15,3,4,10.08.24,1,-3,yes,no,E2,1,2346.282756
Endometrium,15,3,4,10.08.24,1,-3,yes,no,E2,5,1669.115669
Endometrium,15,3,4,10.08.24,1,-3,yes,no,E2,10,2188.59763
Endometrium,15,3,4,10.08.24,1,-3,yes,no,E2,20,2666.62955
Endometrium,15,3,4,10.08.24,1,-3,yes,no,E2,1,997.344888
Endometrium,15,3,4,10.08.24,1,-3,yes,no,E2,5,1093.054631
Endometrium,15,3,4,10.08.24,1,-3,yes,no,E2,10,1105.644495
Endometrium,15,3,4,10.08.24,1,-3,yes,no,E2,20,1522.727379
Endometrium,15,3,4,10.08.24,1,-3,yes,no,E2,1,1876.66457
Endometrium,15,3,4,10.08.24,1,-3,yes,no,E2,5,1366.756239
Endometrium,15,3,4,10.08.24,1,-3,yes,no,E2,10,1712.135124
Endometrium,15,3,4,10.08.24,1,-3,yes,no,E2,20,2468.33899
Endometrium,15,3,5,10.08.24,1,-3,yes,no,E1,1,4803.202194
Endometrium,15,3,5,10.08.24,1,-3,yes,no,E1,5,4980.811308
Endometrium,15,3,5,10.08.24,1,-3,yes,no,E1,10,5240.365933
Endometrium,15,3,5,10.08.24,1,-3,yes,no,E1,20,5693.206573
Endometrium,15,3,5,10.08.24,1,-3,yes,no,E1,1,2865.82788
Endometrium,15,3,5,10.08.24,1,-3,yes,no,E1,5,3153.804017
Endometrium,15,3,5,10.08.24,1,-3,yes,no,E1,10,3199.843764
Endometrium,15,3,5,10.08.24,1,-3,yes,no,E1,20,3372.094969
Endometrium,15,3,5,10.08.24,1,-3,yes,no,E1,1,3115.807322
Endometrium,15,3,5,10.08.24,1,-3,yes,no,E1,5,2989.093166
Endometrium,15,3,5,10.08.24,1,-3,yes,no,E1,10,3595.089358
Endometrium,15,3,5,10.08.24,1,-3,yes,no,E1,20,3941.468746
Endometrium,15,3,5,10.08.24,1,-3,yes,no,E1,1,3387.917678
Endometrium,15,3,5,10.08.24,1,-3,yes,no,E1,5,3782.834467
Endometrium,15,3,5,10.08.24,1,-3,yes,no,E1,10,3794.595818
Endometrium,15,3,5,10.08.24,1,-3,yes,no,E1,20,4227.998804
Endometrium,15,3,5,10.08.24,1,-3,yes,no,E1,1,5817.338969
Endometrium,15,3,5,10.08.24,1,-3,yes,no,E1,5,6579.002428
Endometrium,15,3,5,10.08.24,1,-3,yes,no,E1,10,6537.65446
Endometrium,15,3,5,10.08.24,1,-3,yes,no,E1,20,7275.321413
Endometrium,15,3,5,10.08.24,1,-3,yes,no,E1,1,3694.829917
Endometrium,15,3,5,10.08.24,1,-3,yes,no,E1,5,4160.284352
Endometrium,15,3,5,10.08.24,1,-3,yes,no,E1,10,4406.893751
Endometrium,15,3,5,10.08.24,1,-3,yes,no,E1,20,4587.223333
Endometrium,15,3,5,10.08.24,1,-3,yes,no,E1,1,3284.472486
Endometrium,15,3,5,10.08.24,1,-3,yes,no,E1,5,3366.864677
Endometrium,15,3,5,10.08.24,1,-3,yes,no,E1,10,3508.116714
Endometrium,15,3,5,10.08.24,1,-3,yes,no,E1,20,3723.16909
Endometrium,15,3,5,10.08.24,1,-3,yes,no,E1,1,3013.30752
Endometrium,15,3,5,10.08.24,1,-3,yes,no,E1,5,3235.526619
Endometrium,15,3,5,10.08.24,1,-3,yes,no,E1,10,3328.632325
Endometrium,15,3,5,10.08.24,1,-3,yes,no,E1,20,3536.315596
Endometrium,15,3,5,10.08.24,1,-3,yes,no,E1,1,6215.254801
Endometrium,15,3,5,10.08.24,1,-3,yes,no,E1,5,6785.920986
Endometrium,15,3,5,10.08.24,1,-3,yes,no,E1,10,6962.156716
Endometrium,15,3,5,10.08.24,1,-3,yes,no,E1,20,7636.074016
Endometrium,15,3,5,10.08.24,1,-3,yes,no,E2,1,570.702366
Endometrium,15,3,5,10.08.24,1,-3,yes,no,E2,5,798.174724
Endometrium,15,3,5,10.08.24,1,-3,yes,no,E2,10,805.691303
Endometrium,15,3,5,10.08.24,1,-3,yes,no,E2,20,999.17909
Endometrium,15,3,5,10.08.24,1,-3,yes,no,E2,1,127.213354
Endometrium,15,3,5,10.08.24,1,-3,yes,no,E2,5,586.350738
Endometrium,15,3,5,10.08.24,1,-3,yes,no,E2,10,336.910055
Endometrium,15,3,5,10.08.24,1,-3,yes,no,E2,20,586.268785
Endometrium,15,3,5,10.08.24,1,-3,yes,no,E2,1,68.041012
Endometrium,15,3,5,10.08.24,1,-3,yes,no,E2,5,462.252458
Endometrium,15,3,5,10.08.24,1,-3,yes,no,E2,10,470.018775
Endometrium,15,3,5,10.08.24,1,-3,yes,no,E2,20,719.146758
Endometrium,15,3,5,10.08.24,1,-3,yes,no,E2,1,806.478437
Endometrium,15,3,5,10.08.24,1,-3,yes,no,E2,5,841.660495
Endometrium,15,3,5,10.08.24,1,-3,yes,no,E2,10,887.341576
Endometrium,15,3,5,10.08.24,1,-3,yes,no,E2,20,965.947117
Endometrium,15,3,5,10.08.24,1,-3,yes,no,E2,1,1005.462725
Endometrium,15,3,5,10.08.24,1,-3,yes,no,E2,5,1639.109762
Endometrium,15,3,5,10.08.24,1,-3,yes,no,E2,10,1521.181235
Endometrium,15,3,5,10.08.24,1,-3,yes,no,E2,20,2711.093913
Endometrium,15,3,5,10.08.24,1,-3,yes,no,E2,1,628.158122
Endometrium,15,3,5,10.08.24,1,-3,yes,no,E2,5,618.005189
Endometrium,15,3,5,10.08.24,1,-3,yes,no,E2,10,901.972908
Endometrium,15,3,5,10.08.24,1,-3,yes,no,E2,20,1537.252082
Endometrium,15,3,5,10.08.24,1,-3,yes,no,E2,1,467.991874
Endometrium,15,3,5,10.08.24,1,-3,yes,no,E2,5,690.845526
Endometrium,15,3,5,10.08.24,1,-3,yes,no,E2,10,545.805676
Endometrium,15,3,5,10.08.24,1,-3,yes,no,E2,20,869.244962
Endometrium,15,3,5,10.08.24,1,-3,yes,no,E2,1,373.487903
Endometrium,15,3,5,10.08.24,1,-3,yes,no,E2,5,487.644842
Endometrium,15,3,5,10.08.24,1,-3,yes,no,E2,10,576.564805
Endometrium,15,3,5,10.08.24,1,-3,yes,no,E2,20,727.446919
Endometrium,15,3,5,10.08.24,1,-3,yes,no,E2,1,629.944112
Endometrium,15,3,5,10.08.24,1,-3,yes,no,E2,5,784.445294
Endometrium,15,3,5,10.08.24,1,-3,yes,no,E2,10,1245.545145
Endometrium,15,3,5,10.08.24,1,-3,yes,no,E2,20,1627.098216
Endometrium,15,3,6,10.08.24,1,-3,yes,no,E1,1,3825.447422
Endometrium,15,3,6,10.08.24,1,-3,yes,no,E1,5,4059.163511
Endometrium,15,3,6,10.08.24,1,-3,yes,no,E1,10,4191.109328
Endometrium,15,3,6,10.08.24,1,-3,yes,no,E1,20,4324.656578
Endometrium,15,3,6,10.08.24,1,-3,yes,no,E1,1,3978.147593
Endometrium,15,3,6,10.08.24,1,-3,yes,no,E1,5,3814.575178
Endometrium,15,3,6,10.08.24,1,-3,yes,no,E1,10,3803.186889
Endometrium,15,3,6,10.08.24,1,-3,yes,no,E1,20,4097.118936
Endometrium,15,3,6,10.08.24,1,-3,yes,no,E1,1,3885.802021
Endometrium,15,3,6,10.08.24,1,-3,yes,no,E1,5,4379.8315
Endometrium,15,3,6,10.08.24,1,-3,yes,no,E1,10,4365.582031
Endometrium,15,3,6,10.08.24,1,-3,yes,no,E1,20,4584.732755
Endometrium,15,3,6,10.08.24,1,-3,yes,no,E1,1,8607.209923
Endometrium,15,3,6,10.08.24,1,-3,yes,no,E1,5,8544.746541
Endometrium,15,3,6,10.08.24,1,-3,yes,no,E1,10,9069.269545
Endometrium,15,3,6,10.08.24,1,-3,yes,no,E1,20,10086.68646
Endometrium,15,3,6,10.08.24,1,-3,yes,no,E1,1,3589.125984
Endometrium,15,3,6,10.08.24,1,-3,yes,no,E1,5,3996.157276
Endometrium,15,3,6,10.08.24,1,-3,yes,no,E1,10,3954.791128
Endometrium,15,3,6,10.08.24,1,-3,yes,no,E1,20,4302.752459
Endometrium,15,3,6,10.08.24,1,-3,yes,no,E1,1,4775.83141
Endometrium,15,3,6,10.08.24,1,-3,yes,no,E1,5,5272.551853
Endometrium,15,3,6,10.08.24,1,-3,yes,no,E1,10,5677.220305
Endometrium,15,3,6,10.08.24,1,-3,yes,no,E1,20,5794.881143
Endometrium,15,3,6,10.08.24,1,-3,yes,no,E1,1,4339.253822
Endometrium,15,3,6,10.08.24,1,-3,yes,no,E1,5,4599.929316
Endometrium,15,3,6,10.08.24,1,-3,yes,no,E1,10,4754.701314
Endometrium,15,3,6,10.08.24,1,-3,yes,no,E1,20,4505.84405
Endometrium,15,3,6,10.08.24,1,-3,yes,no,E1,1,3991.722208
Endometrium,15,3,6,10.08.24,1,-3,yes,no,E1,5,3870.927274
Endometrium,15,3,6,10.08.24,1,-3,yes,no,E1,10,4058.473855
Endometrium,15,3,6,10.08.24,1,-3,yes,no,E1,20,4285.757483
Endometrium,15,3,6,10.08.24,1,-3,yes,no,E2,1,604.657548
Endometrium,15,3,6,10.08.24,1,-3,yes,no,E2,5,637.946568
Endometrium,15,3,6,10.08.24,1,-3,yes,no,E2,10,826.044057
Endometrium,15,3,6,10.08.24,1,-3,yes,no,E2,20,1337.919948
Endometrium,15,3,6,10.08.24,1,-3,yes,no,E2,1,153.501473
Endometrium,15,3,6,10.08.24,1,-3,yes,no,E2,5,30.466797
Endometrium,15,3,6,10.08.24,1,-3,yes,no,E2,10,424.538157
Endometrium,15,3,6,10.08.24,1,-3,yes,no,E2,20,543.908688
Endometrium,15,3,6,10.08.24,1,-3,yes,no,E2,1,1435.815725
Endometrium,15,3,6,10.08.24,1,-3,yes,no,E2,5,1141.548715
Endometrium,15,3,6,10.08.24,1,-3,yes,no,E2,10,1669.340805
Endometrium,15,3,6,10.08.24,1,-3,yes,no,E2,20,1858.008969
Endometrium,15,3,6,10.08.24,1,-3,yes,no,E2,1,1204.91868
Endometrium,15,3,6,10.08.24,1,-3,yes,no,E2,5,968.309866
Endometrium,15,3,6,10.08.24,1,-3,yes,no,E2,10,1500.342031
Endometrium,15,3,6,10.08.24,1,-3,yes,no,E2,20,1677.117617
Endometrium,15,3,6,10.08.24,1,-3,yes,no,E2,1,1615.792949
Endometrium,15,3,6,10.08.24,1,-3,yes,no,E2,5,1265.41404
Endometrium,15,3,6,10.08.24,1,-3,yes,no,E2,10,1885.227595
Endometrium,15,3,6,10.08.24,1,-3,yes,no,E2,20,2239.667752
Endometrium,15,3,6,10.08.24,1,-3,yes,no,E2,1,1938.229952
Endometrium,15,3,6,10.08.24,1,-3,yes,no,E2,5,2240.396751
Endometrium,15,3,6,10.08.24,1,-3,yes,no,E2,10,1977.546613
Endometrium,15,3,6,10.08.24,1,-3,yes,no,E2,20,2262.649745
Endometrium,15,3,6,10.08.24,1,-3,yes,no,E2,1,1459.053496
Endometrium,15,3,6,10.08.24,1,-3,yes,no,E2,5,1661.463472
Endometrium,15,3,6,10.08.24,1,-3,yes,no,E2,10,1743.630374
Endometrium,15,3,6,10.08.24,1,-3,yes,no,E2,20,2510.257361
Endometrium,15,3,6,10.08.24,1,-3,yes,no,E2,1,839.856224
Endometrium,15,3,6,10.08.24,1,-3,yes,no,E2,5,234.573817
Endometrium,15,3,6,10.08.24,1,-3,yes,no,E2,10,619.919073
Endometrium,15,3,6,10.08.24,1,-3,yes,no,E2,20,862.553799
Endometrium,15,3,4,14.08.24,1,1,no,no,E1,1,3070.680488
Endometrium,15,3,4,14.08.24,1,1,no,no,E1,5,3691.138251
Endometrium,15,3,4,14.08.24,1,1,no,no,E1,10,3730.551203
Endometrium,15,3,4,14.08.24,1,1,no,no,E1,20,3964.762957
Endometrium,15,3,4,14.08.24,1,1,no,no,E1,1,2752.106792
Endometrium,15,3,4,14.08.24,1,1,no,no,E1,5,2896.049505
Endometrium,15,3,4,14.08.24,1,1,no,no,E1,10,3067.01728
Endometrium,15,3,4,14.08.24,1,1,no,no,E1,20,3348.872617
Endometrium,15,3,4,14.08.24,1,1,no,no,E1,1,3198.406307
Endometrium,15,3,4,14.08.24,1,1,no,no,E1,5,3155.925179
Endometrium,15,3,4,14.08.24,1,1,no,no,E1,10,3597.784954
Endometrium,15,3,4,14.08.24,1,1,no,no,E1,20,3816.131259
Endometrium,15,3,4,14.08.24,1,1,no,no,E1,1,11729.81315
Endometrium,15,3,4,14.08.24,1,1,no,no,E1,5,13623.94332
Endometrium,15,3,4,14.08.24,1,1,no,no,E1,10,13934.35676
Endometrium,15,3,4,14.08.24,1,1,no,no,E1,20,15196.99097
Endometrium,15,3,4,14.08.24,1,1,no,no,E1,1,3508.452537
Endometrium,15,3,4,14.08.24,1,1,no,no,E1,5,3774.2532
Endometrium,15,3,4,14.08.24,1,1,no,no,E1,10,3959.301331
Endometrium,15,3,4,14.08.24,1,1,no,no,E1,20,4307.037929
Endometrium,15,3,4,14.08.24,1,1,no,no,E1,1,1223.603476
Endometrium,15,3,4,14.08.24,1,1,no,no,E1,5,1282.327694
Endometrium,15,3,4,14.08.24,1,1,no,no,E1,10,1381.263001
Endometrium,15,3,4,14.08.24,1,1,no,no,E1,20,1421.771127
Endometrium,15,3,4,14.08.24,1,1,no,no,E1,1,3352.13091
Endometrium,15,3,4,14.08.24,1,1,no,no,E1,5,3752.755202
Endometrium,15,3,4,14.08.24,1,1,no,no,E1,10,3541.742442
Endometrium,15,3,4,14.08.24,1,1,no,no,E1,20,3918.600722
Endometrium,15,3,4,14.08.24,1,1,no,no,E1,1,2732.948946
Endometrium,15,3,4,14.08.24,1,1,no,no,E1,5,3018.314708
Endometrium,15,3,4,14.08.24,1,1,no,no,E1,10,3045.89027
Endometrium,15,3,4,14.08.24,1,1,no,no,E1,20,3277.990586
Endometrium,15,3,4,14.08.24,1,1,no,no,E2,1,136.720042
Endometrium,15,3,4,14.08.24,1,1,no,no,E2,5,965.756382
Endometrium,15,3,4,14.08.24,1,1,no,no,E2,10,827.60989
Endometrium,15,3,4,14.08.24,1,1,no,no,E2,20,1162.527625
Endometrium,15,3,4,14.08.24,1,1,no,no,E2,1,82.870034
Endometrium,15,3,4,14.08.24,1,1,no,no,E2,5,73.033455
Endometrium,15,3,4,14.08.24,1,1,no,no,E2,10,430.355755
Endometrium,15,3,4,14.08.24,1,1,no,no,E2,20,696.054748
Endometrium,15,3,4,14.08.24,1,1,no,no,E2,1,66.537698
Endometrium,15,3,4,14.08.24,1,1,no,no,E2,5,394.554044
Endometrium,15,3,4,14.08.24,1,1,no,no,E2,10,364.041021
Endometrium,15,3,4,14.08.24,1,1,no,no,E2,20,671.700885
Endometrium,15,3,4,14.08.24,1,1,no,no,E2,1,98.76512
Endometrium,15,3,4,14.08.24,1,1,no,no,E2,5,2714.566774
Endometrium,15,3,4,14.08.24,1,1,no,no,E2,10,1047.698544
Endometrium,15,3,4,14.08.24,1,1,no,no,E2,20,1630.900138
Endometrium,15,3,4,14.08.24,1,1,no,no,E2,1,609.168585
Endometrium,15,3,4,14.08.24,1,1,no,no,E2,5,1459.526924
Endometrium,15,3,4,14.08.24,1,1,no,no,E2,10,1419.297948
Endometrium,15,3,4,14.08.24,1,1,no,no,E2,20,2928.018738
Endometrium,15,3,4,14.08.24,1,1,no,no,E2,1,136.859707
Endometrium,15,3,4,14.08.24,1,1,no,no,E2,5,620.868745
Endometrium,15,3,4,14.08.24,1,1,no,no,E2,10,842.563934
Endometrium,15,3,4,14.08.24,1,1,no,no,E2,20,1460.03599
Endometrium,15,3,4,14.08.24,1,1,no,no,E2,1,9.811447
Endometrium,15,3,4,14.08.24,1,1,no,no,E2,5,590.185554
Endometrium,15,3,4,14.08.24,1,1,no,no,E2,10,427.556378
Endometrium,15,3,4,14.08.24,1,1,no,no,E2,20,787.853167
Endometrium,15,3,4,14.08.24,1,1,no,no,E2,1,236.728415
Endometrium,15,3,4,14.08.24,1,1,no,no,E2,5,277.763102
Endometrium,15,3,4,14.08.24,1,1,no,no,E2,10,320.721725
Endometrium,15,3,4,14.08.24,1,1,no,no,E2,20,833.77852
Endometrium,15,3,5,14.08.24,1,1,no,no,E1,1,811.953884
Endometrium,15,3,5,14.08.24,1,1,no,no,E1,5,924.589547
Endometrium,15,3,5,14.08.24,1,1,no,no,E1,10,1042.085839
Endometrium,15,3,5,14.08.24,1,1,no,no,E1,20,1083.668305
Endometrium,15,3,5,14.08.24,1,1,no,no,E1,1,844.397472
Endometrium,15,3,5,14.08.24,1,1,no,no,E1,5,949.255132
Endometrium,15,3,5,14.08.24,1,1,no,no,E1,10,1162.625239
Endometrium,15,3,5,14.08.24,1,1,no,no,E1,20,1274.320916
Endometrium,15,3,5,14.08.24,1,1,no,no,E1,1,3555.519227
Endometrium,15,3,5,14.08.24,1,1,no,no,E1,5,3659.012257
Endometrium,15,3,5,14.08.24,1,1,no,no,E1,10,3573.769426
Endometrium,15,3,5,14.08.24,1,1,no,no,E1,20,3896.770951
Endometrium,15,3,5,14.08.24,1,1,no,no,E1,1,1060.384734
Endometrium,15,3,5,14.08.24,1,1,no,no,E1,5,1303.299437
Endometrium,15,3,5,14.08.24,1,1,no,no,E1,10,1355.475573
Endometrium,15,3,5,14.08.24,1,1,no,no,E1,20,1391.932961
Endometrium,15,3,5,14.08.24,1,1,no,no,E1,1,2472.753112
Endometrium,15,3,5,14.08.24,1,1,no,no,E1,5,2523.245602
Endometrium,15,3,5,14.08.24,1,1,no,no,E1,10,2615.7146
Endometrium,15,3,5,14.08.24,1,1,no,no,E1,20,2734.537718
Endometrium,15,3,5,14.08.24,1,1,no,no,E1,1,4503.615073
Endometrium,15,3,5,14.08.24,1,1,no,no,E1,5,4755.455103
Endometrium,15,3,5,14.08.24,1,1,no,no,E1,10,4977.994582
Endometrium,15,3,5,14.08.24,1,1,no,no,E1,20,5042.628543
Endometrium,15,3,5,14.08.24,1,1,no,no,E1,1,516.519992
Endometrium,15,3,5,14.08.24,1,1,no,no,E1,5,552.15543
Endometrium,15,3,5,14.08.24,1,1,no,no,E1,10,589.387504
Endometrium,15,3,5,14.08.24,1,1,no,no,E1,20,602.69078
Endometrium,15,3,5,14.08.24,1,1,no,no,E1,1,1522.703426
Endometrium,15,3,5,14.08.24,1,1,no,no,E1,5,1746.956285
Endometrium,15,3,5,14.08.24,1,1,no,no,E1,10,1635.523326
Endometrium,15,3,5,14.08.24,1,1,no,no,E1,20,1705.024276
Endometrium,15,3,5,14.08.24,1,1,no,no,E1,1,2651.139696
Endometrium,15,3,5,14.08.24,1,1,no,no,E1,5,2688.473348
Endometrium,15,3,5,14.08.24,1,1,no,no,E1,10,2855.580478
Endometrium,15,3,5,14.08.24,1,1,no,no,E1,20,2896.961899
Endometrium,15,3,5,14.08.24,1,1,no,no,E1,1,640.608521
Endometrium,15,3,5,14.08.24,1,1,no,no,E1,5,814.823998
Endometrium,15,3,5,14.08.24,1,1,no,no,E1,10,875.883995
Endometrium,15,3,5,14.08.24,1,1,no,no,E1,20,894.579406
Endometrium,15,3,5,14.08.24,1,1,no,no,E1,1,2550.110114
Endometrium,15,3,5,14.08.24,1,1,no,no,E1,5,2880.782408
Endometrium,15,3,5,14.08.24,1,1,no,no,E1,10,2730.135001
Endometrium,15,3,5,14.08.24,1,1,no,no,E1,20,3003.288791
Endometrium,15,3,5,14.08.24,1,1,no,no,E2,1,145.229978
Endometrium,15,3,5,14.08.24,1,1,no,no,E2,5,260.567702
Endometrium,15,3,5,14.08.24,1,1,no,no,E2,10,160.409393
Endometrium,15,3,5,14.08.24,1,1,no,no,E2,20,294.223112
Endometrium,15,3,5,14.08.24,1,1,no,no,E2,1,210.062069
Endometrium,15,3,5,14.08.24,1,1,no,no,E2,5,374.914916
Endometrium,15,3,5,14.08.24,1,1,no,no,E2,10,298.032935
Endometrium,15,3,5,14.08.24,1,1,no,no,E2,20,434.429937
Endometrium,15,3,5,14.08.24,1,1,no,no,E2,1,309.901621
Endometrium,15,3,5,14.08.24,1,1,no,no,E2,5,204.325109
Endometrium,15,3,5,14.08.24,1,1,no,no,E2,10,490.55057
Endometrium,15,3,5,14.08.24,1,1,no,no,E2,20,674.988445
Endometrium,15,3,5,14.08.24,1,1,no,no,E2,1,268.803894
Endometrium,15,3,5,14.08.24,1,1,no,no,E2,5,200.301653
Endometrium,15,3,5,14.08.24,1,1,no,no,E2,10,227.445519
Endometrium,15,3,5,14.08.24,1,1,no,no,E2,20,437.249044
Endometrium,15,3,5,14.08.24,1,1,no,no,E2,1,68.433121
Endometrium,15,3,5,14.08.24,1,1,no,no,E2,5,138.67468
Endometrium,15,3,5,14.08.24,1,1,no,no,E2,10,282.293427
Endometrium,15,3,5,14.08.24,1,1,no,no,E2,20,543.342307
Endometrium,15,3,5,14.08.24,1,1,no,no,E2,1,464.8272
Endometrium,15,3,5,14.08.24,1,1,no,no,E2,5,453.270589
Endometrium,15,3,5,14.08.24,1,1,no,no,E2,10,899.958063
Endometrium,15,3,5,14.08.24,1,1,no,no,E2,20,1374.013333
Endometrium,15,3,5,14.08.24,1,1,no,no,E2,1,154.521069
Endometrium,15,3,5,14.08.24,1,1,no,no,E2,5,121.32297
Endometrium,15,3,5,14.08.24,1,1,no,no,E2,10,135.253528
Endometrium,15,3,5,14.08.24,1,1,no,no,E2,20,251.315212
Endometrium,15,3,5,14.08.24,1,1,no,no,E2,1,298.810337
Endometrium,15,3,5,14.08.24,1,1,no,no,E2,5,37.715233
Endometrium,15,3,5,14.08.24,1,1,no,no,E2,10,166.804842
Endometrium,15,3,5,14.08.24,1,1,no,no,E2,20,171.641318
Endometrium,15,3,5,14.08.24,1,1,no,no,E2,1,414.202236
Endometrium,15,3,5,14.08.24,1,1,no,no,E2,5,343.56918
Endometrium,15,3,5,14.08.24,1,1,no,no,E2,10,202.463531
Endometrium,15,3,5,14.08.24,1,1,no,no,E2,20,336.445554
Endometrium,15,3,5,14.08.24,1,1,no,no,E2,1,23.127127
Endometrium,15,3,5,14.08.24,1,1,no,no,E2,5,104.818053
Endometrium,15,3,5,14.08.24,1,1,no,no,E2,10,268.295659
Endometrium,15,3,5,14.08.24,1,1,no,no,E2,20,409.717014
Endometrium,15,3,5,14.08.24,1,1,no,no,E2,1,262.033897
Endometrium,15,3,5,14.08.24,1,1,no,no,E2,5,215.627693
Endometrium,15,3,5,14.08.24,1,1,no,no,E2,10,77.194927
Endometrium,15,3,5,14.08.24,1,1,no,no,E2,20,229.753352
Endometrium,15,3,6,14.08.24,1,1,no,no,E1,1,981.282177
Endometrium,15,3,6,14.08.24,1,1,no,no,E1,5,1013.703358
Endometrium,15,3,6,14.08.24,1,1,no,no,E1,10,1122.878541
Endometrium,15,3,6,14.08.24,1,1,no,no,E1,20,1090.848004
Endometrium,15,3,6,14.08.24,1,1,no,no,E1,1,2428.553191
Endometrium,15,3,6,14.08.24,1,1,no,no,E1,5,2673.638418
Endometrium,15,3,6,14.08.24,1,1,no,no,E1,10,2597.194589
Endometrium,15,3,6,14.08.24,1,1,no,no,E1,20,2803.433331
Endometrium,15,3,6,14.08.24,1,1,no,no,E1,1,1965.711466
Endometrium,15,3,6,14.08.24,1,1,no,no,E1,5,1837.086306
Endometrium,15,3,6,14.08.24,1,1,no,no,E1,10,2057.193445
Endometrium,15,3,6,14.08.24,1,1,no,no,E1,20,2212.613187
Endometrium,15,3,6,14.08.24,1,1,no,no,E1,1,2807.410526
Endometrium,15,3,6,14.08.24,1,1,no,no,E1,5,3139.240411
Endometrium,15,3,6,14.08.24,1,1,no,no,E1,10,3285.980172
Endometrium,15,3,6,14.08.24,1,1,no,no,E1,20,3524.396928
Endometrium,15,3,6,14.08.24,1,1,no,no,E1,1,10182.8995
Endometrium,15,3,6,14.08.24,1,1,no,no,E1,5,10212.93162
Endometrium,15,3,6,14.08.24,1,1,no,no,E1,10,11145.09473
Endometrium,15,3,6,14.08.24,1,1,no,no,E1,20,11991.07032
Endometrium,15,3,6,14.08.24,1,1,no,no,E1,1,6480.604531
Endometrium,15,3,6,14.08.24,1,1,no,no,E1,5,6994.618569
Endometrium,15,3,6,14.08.24,1,1,no,no,E1,10,7522.506946
Endometrium,15,3,6,14.08.24,1,1,no,no,E1,20,7897.126621
Endometrium,15,3,6,14.08.24,1,1,no,no,E1,1,2468.750131
Endometrium,15,3,6,14.08.24,1,1,no,no,E1,5,2349.832677
Endometrium,15,3,6,14.08.24,1,1,no,no,E1,10,2689.532056
Endometrium,15,3,6,14.08.24,1,1,no,no,E1,20,2811.01578
Endometrium,15,3,6,14.08.24,1,1,no,no,E1,1,7061.457393
Endometrium,15,3,6,14.08.24,1,1,no,no,E1,5,7178.762625
Endometrium,15,3,6,14.08.24,1,1,no,no,E1,10,7675.114933
Endometrium,15,3,6,14.08.24,1,1,no,no,E1,20,8042.486783
Endometrium,15,3,6,14.08.24,1,1,no,no,E1,1,12647.59835
Endometrium,15,3,6,14.08.24,1,1,no,no,E1,5,11895.69662
Endometrium,15,3,6,14.08.24,1,1,no,no,E1,10,12220.1743
Endometrium,15,3,6,14.08.24,1,1,no,no,E1,20,12636.5987
Endometrium,15,3,6,14.08.24,1,1,no,no,E1,1,1507.06302
Endometrium,15,3,6,14.08.24,1,1,no,no,E1,5,4418.026468
Endometrium,15,3,6,14.08.24,1,1,no,no,E1,10,4281.601471
Endometrium,15,3,6,14.08.24,1,1,no,no,E1,20,4103.768342
Endometrium,15,3,6,14.08.24,1,1,no,no,E1,1,8625.91762
Endometrium,15,3,6,14.08.24,1,1,no,no,E1,5,9809.580858
Endometrium,15,3,6,14.08.24,1,1,no,no,E1,10,8320.313815
Endometrium,15,3,6,14.08.24,1,1,no,no,E1,20,8144.133909
Endometrium,15,3,6,14.08.24,1,1,no,no,E2,1,251.763409
Endometrium,15,3,6,14.08.24,1,1,no,no,E2,5,154.770608
Endometrium,15,3,6,14.08.24,1,1,no,no,E2,10,469.001549
Endometrium,15,3,6,14.08.24,1,1,no,no,E2,20,985.768744
Endometrium,15,3,6,14.08.24,1,1,no,no,E2,1,56.480238
Endometrium,15,3,6,14.08.24,1,1,no,no,E2,5,206.328144
Endometrium,15,3,6,14.08.24,1,1,no,no,E2,10,284.455395
Endometrium,15,3,6,14.08.24,1,1,no,no,E2,20,676.045368
Endometrium,15,3,6,14.08.24,1,1,no,no,E2,1,65.568271
Endometrium,15,3,6,14.08.24,1,1,no,no,E2,5,131.22555
Endometrium,15,3,6,14.08.24,1,1,no,no,E2,10,363.085829
Endometrium,15,3,6,14.08.24,1,1,no,no,E2,20,676.275244
Endometrium,15,3,6,14.08.24,1,1,no,no,E2,1,420.0766
Endometrium,15,3,6,14.08.24,1,1,no,no,E2,5,652.652708
Endometrium,15,3,6,14.08.24,1,1,no,no,E2,10,690.732335
Endometrium,15,3,6,14.08.24,1,1,no,no,E2,20,1188.474862
Endometrium,15,3,6,14.08.24,1,1,no,no,E2,1,1020.383522
Endometrium,15,3,6,14.08.24,1,1,no,no,E2,5,1485.35169
Endometrium,15,3,6,14.08.24,1,1,no,no,E2,10,1184.172312
Endometrium,15,3,6,14.08.24,1,1,no,no,E2,20,1504.860995
Endometrium,15,3,6,14.08.24,1,1,no,no,E2,1,471.492308
Endometrium,15,3,6,14.08.24,1,1,no,no,E2,5,1113.4636
Endometrium,15,3,6,14.08.24,1,1,no,no,E2,10,554.607664
Endometrium,15,3,6,14.08.24,1,1,no,no,E2,20,1229.938981
Endometrium,15,3,6,14.08.24,1,1,no,no,E2,1,309.346873
Endometrium,15,3,6,14.08.24,1,1,no,no,E2,5,59.64022
Endometrium,15,3,6,14.08.24,1,1,no,no,E2,10,75.880682
Endometrium,15,3,6,14.08.24,1,1,no,no,E2,20,560.944256
Endometrium,15,3,6,14.08.24,1,1,no,no,E2,1,0.824181
Endometrium,15,3,6,14.08.24,1,1,no,no,E2,5,301.106285
Endometrium,15,3,6,14.08.24,1,1,no,no,E2,10,860.230695
Endometrium,15,3,6,14.08.24,1,1,no,no,E2,20,1191.696713
Endometrium,15,3,6,14.08.24,1,1,no,no,E2,1,2629.324179
Endometrium,15,3,6,14.08.24,1,1,no,no,E2,5,2493.088029
Endometrium,15,3,6,14.08.24,1,1,no,no,E2,10,2295.721083
Endometrium,15,3,6,14.08.24,1,1,no,no,E2,20,3074.298873
Endometrium,15,3,6,14.08.24,1,1,no,no,E2,1,1038.104157
Endometrium,15,3,6,14.08.24,1,1,no,no,E2,5,1762.298443
Endometrium,15,3,6,14.08.24,1,1,no,no,E2,10,1946.890435
Endometrium,15,3,6,14.08.24,1,1,no,no,E2,20,1912.479407
Endometrium,15,3,6,14.08.24,1,1,no,no,E2,1,308.685301
Endometrium,15,3,6,14.08.24,1,1,no,no,E2,5,1958.991418
Endometrium,15,3,6,14.08.24,1,1,no,no,E2,10,1892.067011
Endometrium,15,3,6,14.08.24,1,1,no,no,E2,20,2077.628898
Endometrium,15,3,4,14.08.24,1,1,yes,no,E1,1,1132.612852
Endometrium,15,3,4,14.08.24,1,1,yes,no,E1,5,1139.478003
Endometrium,15,3,4,14.08.24,1,1,yes,no,E1,10,1310.160394
Endometrium,15,3,4,14.08.24,1,1,yes,no,E1,20,1433.583796
Endometrium,15,3,4,14.08.24,1,1,yes,no,E1,1,872.095326
Endometrium,15,3,4,14.08.24,1,1,yes,no,E1,5,951.776891
Endometrium,15,3,4,14.08.24,1,1,yes,no,E1,10,1094.351479
Endometrium,15,3,4,14.08.24,1,1,yes,no,E1,20,1143.765532
Endometrium,15,3,4,14.08.24,1,1,yes,no,E1,1,19387.00517
Endometrium,15,3,4,14.08.24,1,1,yes,no,E1,5,20345.02641
Endometrium,15,3,4,14.08.24,1,1,yes,no,E1,10,19688.0319
Endometrium,15,3,4,14.08.24,1,1,yes,no,E1,20,21326.12195
Endometrium,15,3,4,14.08.24,1,1,yes,no,E1,1,1119.297761
Endometrium,15,3,4,14.08.24,1,1,yes,no,E1,5,1248.310934
Endometrium,15,3,4,14.08.24,1,1,yes,no,E1,10,1346.863461
Endometrium,15,3,4,14.08.24,1,1,yes,no,E1,20,1428.987253
Endometrium,15,3,4,14.08.24,1,1,yes,no,E1,1,10074.5659
Endometrium,15,3,4,14.08.24,1,1,yes,no,E1,5,11962.3024
Endometrium,15,3,4,14.08.24,1,1,yes,no,E1,10,13404.51315
Endometrium,15,3,4,14.08.24,1,1,yes,no,E1,20,15027.11647
Endometrium,15,3,4,14.08.24,1,1,yes,no,E1,1,3409.787368
Endometrium,15,3,4,14.08.24,1,1,yes,no,E1,5,3167.351979
Endometrium,15,3,4,14.08.24,1,1,yes,no,E1,10,3544.131089
Endometrium,15,3,4,14.08.24,1,1,yes,no,E1,20,3758.827577
Endometrium,15,3,4,14.08.24,1,1,yes,no,E1,1,555.498239
Endometrium,15,3,4,14.08.24,1,1,yes,no,E1,5,593.098079
Endometrium,15,3,4,14.08.24,1,1,yes,no,E1,10,657.14114
Endometrium,15,3,4,14.08.24,1,1,yes,no,E1,20,696.070571
Endometrium,15,3,4,14.08.24,1,1,yes,no,E2,1,5.258072
Endometrium,15,3,4,14.08.24,1,1,yes,no,E2,5,32.514257
Endometrium,15,3,4,14.08.24,1,1,yes,no,E2,10,309.374316
Endometrium,15,3,4,14.08.24,1,1,yes,no,E2,20,433.051736
Endometrium,15,3,4,14.08.24,1,1,yes,no,E2,1,129.281127
Endometrium,15,3,4,14.08.24,1,1,yes,no,E2,5,138.797433
Endometrium,15,3,4,14.08.24,1,1,yes,no,E2,10,351.825104
Endometrium,15,3,4,14.08.24,1,1,yes,no,E2,20,475.615561
Endometrium,15,3,4,14.08.24,1,1,yes,no,E2,1,4283.137274
Endometrium,15,3,4,14.08.24,1,1,yes,no,E2,5,174.240684
Endometrium,15,3,4,14.08.24,1,1,yes,no,E2,10,2301.643436
Endometrium,15,3,4,14.08.24,1,1,yes,no,E2,20,6101.818747
Endometrium,15,3,4,14.08.24,1,1,yes,no,E2,1,182.605515
Endometrium,15,3,4,14.08.24,1,1,yes,no,E2,5,64.825345
Endometrium,15,3,4,14.08.24,1,1,yes,no,E2,10,305.454045
Endometrium,15,3,4,14.08.24,1,1,yes,no,E2,20,372.084576
Endometrium,15,3,4,14.08.24,1,1,yes,no,E2,1,1121.274053
Endometrium,15,3,4,14.08.24,1,1,yes,no,E2,5,330.431083
Endometrium,15,3,4,14.08.24,1,1,yes,no,E2,10,1561.548983
Endometrium,15,3,4,14.08.24,1,1,yes,no,E2,20,2041.780603
Endometrium,15,3,4,14.08.24,1,1,yes,no,E2,1,32.530341
Endometrium,15,3,4,14.08.24,1,1,yes,no,E2,5,128.152529
Endometrium,15,3,4,14.08.24,1,1,yes,no,E2,10,261.368681
Endometrium,15,3,4,14.08.24,1,1,yes,no,E2,20,418.017531
Endometrium,15,3,4,14.08.24,1,1,yes,no,E2,1,104.333319
Endometrium,15,3,4,14.08.24,1,1,yes,no,E2,5,167.294124
Endometrium,15,3,4,14.08.24,1,1,yes,no,E2,10,170.697962
Endometrium,15,3,4,14.08.24,1,1,yes,no,E2,20,284.637354
Endometrium,15,3,5,14.08.24,1,1,yes,no,E1,1,2129.530983
Endometrium,15,3,5,14.08.24,1,1,yes,no,E1,5,2179.188297
Endometrium,15,3,5,14.08.24,1,1,yes,no,E1,10,2666.148287
Endometrium,15,3,5,14.08.24,1,1,yes,no,E1,20,2915.896355
Endometrium,15,3,5,14.08.24,1,1,yes,no,E1,1,3978.360901
Endometrium,15,3,5,14.08.24,1,1,yes,no,E1,5,3379.427997
Endometrium,15,3,5,14.08.24,1,1,yes,no,E1,10,4297.566153
Endometrium,15,3,5,14.08.24,1,1,yes,no,E1,20,4568.957622
Endometrium,15,3,5,14.08.24,1,1,yes,no,E1,1,2317.081609
Endometrium,15,3,5,14.08.24,1,1,yes,no,E1,5,2911.09718
Endometrium,15,3,5,14.08.24,1,1,yes,no,E1,10,2775.879384
Endometrium,15,3,5,14.08.24,1,1,yes,no,E1,20,2893.741692
Endometrium,15,3,5,14.08.24,1,1,yes,no,E1,1,2319.723992
Endometrium,15,3,5,14.08.24,1,1,yes,no,E1,5,2623.616224
Endometrium,15,3,5,14.08.24,1,1,yes,no,E1,10,2709.94454
Endometrium,15,3,5,14.08.24,1,1,yes,no,E1,20,2721.649847
Endometrium,15,3,5,14.08.24,1,1,yes,no,E1,1,1943.397023
Endometrium,15,3,5,14.08.24,1,1,yes,no,E1,5,2092.730396
Endometrium,15,3,5,14.08.24,1,1,yes,no,E1,10,2211.972537
Endometrium,15,3,5,14.08.24,1,1,yes,no,E1,20,2360.36483
Endometrium,15,3,5,14.08.24,1,1,yes,no,E2,1,612.054616
Endometrium,15,3,5,14.08.24,1,1,yes,no,E2,5,465.458543
Endometrium,15,3,5,14.08.24,1,1,yes,no,E2,10,583.411127
Endometrium,15,3,5,14.08.24,1,1,yes,no,E2,20,606.856123
Endometrium,15,3,5,14.08.24,1,1,yes,no,E2,1,49.207672
Endometrium,15,3,5,14.08.24,1,1,yes,no,E2,5,1756.920625
Endometrium,15,3,5,14.08.24,1,1,yes,no,E2,10,454.723208
Endometrium,15,3,5,14.08.24,1,1,yes,no,E2,20,589.139292
Endometrium,15,3,5,14.08.24,1,1,yes,no,E2,1,536.679833
Endometrium,15,3,5,14.08.24,1,1,yes,no,E2,5,360.703811
Endometrium,15,3,5,14.08.24,1,1,yes,no,E2,10,748.458072
Endometrium,15,3,5,14.08.24,1,1,yes,no,E2,20,1099.468961
Endometrium,15,3,5,14.08.24,1,1,yes,no,E2,1,940.491655
Endometrium,15,3,5,14.08.24,1,1,yes,no,E2,5,908.047814
Endometrium,15,3,5,14.08.24,1,1,yes,no,E2,10,1105.213207
Endometrium,15,3,5,14.08.24,1,1,yes,no,E2,20,1008.642283
Endometrium,15,3,5,14.08.24,1,1,yes,no,E2,1,348.557648
Endometrium,15,3,5,14.08.24,1,1,yes,no,E2,5,232.164482
Endometrium,15,3,5,14.08.24,1,1,yes,no,E2,10,318.208502
Endometrium,15,3,5,14.08.24,1,1,yes,no,E2,20,387.449472
Endometrium,15,3,6,14.08.24,1,1,yes,no,E1,1,4838.105117
Endometrium,15,3,6,14.08.24,1,1,yes,no,E1,5,5110.040954
Endometrium,15,3,6,14.08.24,1,1,yes,no,E1,10,5097.960138
Endometrium,15,3,6,14.08.24,1,1,yes,no,E1,20,5576.971946
Endometrium,15,3,6,14.08.24,1,1,yes,no,E1,1,13289.20405
Endometrium,15,3,6,14.08.24,1,1,yes,no,E1,5,14007.71487
Endometrium,15,3,6,14.08.24,1,1,yes,no,E1,10,14678.1806
Endometrium,15,3,6,14.08.24,1,1,yes,no,E1,20,15825.86543
Endometrium,15,3,6,14.08.24,1,1,yes,no,E1,1,2561.118677
Endometrium,15,3,6,14.08.24,1,1,yes,no,E1,5,2756.523811
Endometrium,15,3,6,14.08.24,1,1,yes,no,E1,10,2898.084762
Endometrium,15,3,6,14.08.24,1,1,yes,no,E1,20,3249.862763
Endometrium,15,3,6,14.08.24,1,1,yes,no,E1,1,13234.08614
Endometrium,15,3,6,14.08.24,1,1,yes,no,E1,5,13595.48403
Endometrium,15,3,6,14.08.24,1,1,yes,no,E1,10,13159.79932
Endometrium,15,3,6,14.08.24,1,1,yes,no,E1,20,14997.40937
Endometrium,15,3,6,14.08.24,1,1,yes,no,E1,1,882.235518
Endometrium,15,3,6,14.08.24,1,1,yes,no,E1,5,1043.33645
Endometrium,15,3,6,14.08.24,1,1,yes,no,E1,10,1094.595525
Endometrium,15,3,6,14.08.24,1,1,yes,no,E1,20,1168.85261
Endometrium,15,3,6,14.08.24,1,1,yes,no,E1,1,2296.436816
Endometrium,15,3,6,14.08.24,1,1,yes,no,E1,5,2382.873592
Endometrium,15,3,6,14.08.24,1,1,yes,no,E1,10,2554.18453
Endometrium,15,3,6,14.08.24,1,1,yes,no,E1,20,2817.432637
Endometrium,15,3,6,14.08.24,1,1,yes,no,E1,1,5140.516795
Endometrium,15,3,6,14.08.24,1,1,yes,no,E1,5,5634.844925
Endometrium,15,3,6,14.08.24,1,1,yes,no,E1,10,6433.326484
Endometrium,15,3,6,14.08.24,1,1,yes,no,E1,20,7018.552122
Endometrium,15,3,6,14.08.24,1,1,yes,no,E1,1,9008.200697
Endometrium,15,3,6,14.08.24,1,1,yes,no,E1,5,9665.51215
Endometrium,15,3,6,14.08.24,1,1,yes,no,E1,10,10215.52408
Endometrium,15,3,6,14.08.24,1,1,yes,no,E1,20,11206.45894
Endometrium,15,3,6,14.08.24,1,1,yes,no,E1,1,2266.928436
Endometrium,15,3,6,14.08.24,1,1,yes,no,E1,5,2880.365752
Endometrium,15,3,6,14.08.24,1,1,yes,no,E1,10,3130.264262
Endometrium,15,3,6,14.08.24,1,1,yes,no,E1,20,3547.125586
Endometrium,15,3,6,14.08.24,1,1,yes,no,E2,1,684.329823
Endometrium,15,3,6,14.08.24,1,1,yes,no,E2,5,205.02279
Endometrium,15,3,6,14.08.24,1,1,yes,no,E2,10,445.220001
Endometrium,15,3,6,14.08.24,1,1,yes,no,E2,20,1112.250185
Endometrium,15,3,6,14.08.24,1,1,yes,no,E2,1,1059.077068
Endometrium,15,3,6,14.08.24,1,1,yes,no,E2,5,1251.172193
Endometrium,15,3,6,14.08.24,1,1,yes,no,E2,10,1468.468229
Endometrium,15,3,6,14.08.24,1,1,yes,no,E2,20,403.265239
Endometrium,15,3,6,14.08.24,1,1,yes,no,E2,1,18.310361
Endometrium,15,3,6,14.08.24,1,1,yes,no,E2,5,393.342327
Endometrium,15,3,6,14.08.24,1,1,yes,no,E2,10,279.886762
Endometrium,15,3,6,14.08.24,1,1,yes,no,E2,20,408.287196
Endometrium,15,3,6,14.08.24,1,1,yes,no,E2,1,887.213426
Endometrium,15,3,6,14.08.24,1,1,yes,no,E2,5,974.513739
Endometrium,15,3,6,14.08.24,1,1,yes,no,E2,10,1426.237016
Endometrium,15,3,6,14.08.24,1,1,yes,no,E2,20,2050.869612
Endometrium,15,3,6,14.08.24,1,1,yes,no,E2,1,244.812908
Endometrium,15,3,6,14.08.24,1,1,yes,no,E2,5,234.713752
Endometrium,15,3,6,14.08.24,1,1,yes,no,E2,10,218.762215
Endometrium,15,3,6,14.08.24,1,1,yes,no,E2,20,320.938371
Endometrium,15,3,6,14.08.24,1,1,yes,no,E2,1,245.372975
Endometrium,15,3,6,14.08.24,1,1,yes,no,E2,5,93.912886
Endometrium,15,3,6,14.08.24,1,1,yes,no,E2,10,182.741447
Endometrium,15,3,6,14.08.24,1,1,yes,no,E2,20,529.790693
Endometrium,15,3,6,14.08.24,1,1,yes,no,E2,1,583.866944
Endometrium,15,3,6,14.08.24,1,1,yes,no,E2,5,142.329679
Endometrium,15,3,6,14.08.24,1,1,yes,no,E2,10,657.08613
Endometrium,15,3,6,14.08.24,1,1,yes,no,E2,20,1133.551071
Endometrium,15,3,6,14.08.24,1,1,yes,no,E2,1,787.30275
Endometrium,15,3,6,14.08.24,1,1,yes,no,E2,5,834.568978
Endometrium,15,3,6,14.08.24,1,1,yes,no,E2,10,940.834463
Endometrium,15,3,6,14.08.24,1,1,yes,no,E2,20,1665.099645
Endometrium,15,3,6,14.08.24,1,1,yes,no,E2,1,583.466661
Endometrium,15,3,6,14.08.24,1,1,yes,no,E2,5,595.229486
Endometrium,15,3,6,14.08.24,1,1,yes,no,E2,10,807.091692
Endometrium,15,3,6,14.08.24,1,1,yes,no,E2,20,1081.710215
Endometrium,15,3,1,14.08.24,1,1,yes,yes,E1,1,4836.91096
Endometrium,15,3,1,14.08.24,1,1,yes,yes,E1,5,7067.93582
Endometrium,15,3,1,14.08.24,1,1,yes,yes,E1,10,7732.005228
Endometrium,15,3,1,14.08.24,1,1,yes,yes,E1,20,8918.837685
Endometrium,15,3,1,14.08.24,1,1,yes,yes,E1,1,3818.170477
Endometrium,15,3,1,14.08.24,1,1,yes,yes,E1,5,4039.594476
Endometrium,15,3,1,14.08.24,1,1,yes,yes,E1,10,4184.235547
Endometrium,15,3,1,14.08.24,1,1,yes,yes,E1,20,4535.773785
Endometrium,15,3,1,14.08.24,1,1,yes,yes,E1,1,4578.522341
Endometrium,15,3,1,14.08.24,1,1,yes,yes,E1,5,4901.406997
Endometrium,15,3,1,14.08.24,1,1,yes,yes,E1,10,5140.039246
Endometrium,15,3,1,14.08.24,1,1,yes,yes,E1,20,5636.284711
Endometrium,15,3,1,14.08.24,1,1,yes,yes,E1,1,19313.90379
Endometrium,15,3,1,14.08.24,1,1,yes,yes,E1,5,20673.23411
Endometrium,15,3,1,14.08.24,1,1,yes,yes,E1,10,22971.62466
Endometrium,15,3,1,14.08.24,1,1,yes,yes,E1,20,17727.0823
Endometrium,15,3,1,14.08.24,1,1,yes,yes,E1,1,4589.030338
Endometrium,15,3,1,14.08.24,1,1,yes,yes,E1,5,5018.971749
Endometrium,15,3,1,14.08.24,1,1,yes,yes,E1,10,5235.299738
Endometrium,15,3,1,14.08.24,1,1,yes,yes,E1,20,5658.538073
Endometrium,15,3,1,14.08.24,1,1,yes,yes,E1,1,4436.17377
Endometrium,15,3,1,14.08.24,1,1,yes,yes,E1,5,4826.101616
Endometrium,15,3,1,14.08.24,1,1,yes,yes,E1,10,5252.695723
Endometrium,15,3,1,14.08.24,1,1,yes,yes,E1,20,5459.51198
Endometrium,15,3,1,14.08.24,1,1,yes,yes,E1,1,2316.158843
Endometrium,15,3,1,14.08.24,1,1,yes,yes,E1,5,2596.765499
Endometrium,15,3,1,14.08.24,1,1,yes,yes,E1,10,2641.327826
Endometrium,15,3,1,14.08.24,1,1,yes,yes,E1,20,2947.897916
Endometrium,15,3,1,14.08.24,1,1,yes,yes,E2,1,654.175084
Endometrium,15,3,1,14.08.24,1,1,yes,yes,E2,5,638.994962
Endometrium,15,3,1,14.08.24,1,1,yes,yes,E2,10,766.727538
Endometrium,15,3,1,14.08.24,1,1,yes,yes,E2,20,1167.86965
Endometrium,15,3,1,14.08.24,1,1,yes,yes,E2,1,344.28912
Endometrium,15,3,1,14.08.24,1,1,yes,yes,E2,5,476.08687
Endometrium,15,3,1,14.08.24,1,1,yes,yes,E2,10,485.553388
Endometrium,15,3,1,14.08.24,1,1,yes,yes,E2,20,438.10592
Endometrium,15,3,1,14.08.24,1,1,yes,yes,E2,1,77.747721
Endometrium,15,3,1,14.08.24,1,1,yes,yes,E2,5,390.110477
Endometrium,15,3,1,14.08.24,1,1,yes,yes,E2,10,457.819125
Endometrium,15,3,1,14.08.24,1,1,yes,yes,E2,20,883.128045
Endometrium,15,3,1,14.08.24,1,1,yes,yes,E2,1,1394.531083
Endometrium,15,3,1,14.08.24,1,1,yes,yes,E2,5,2983.351374
Endometrium,15,3,1,14.08.24,1,1,yes,yes,E2,10,2594.780255
Endometrium,15,3,1,14.08.24,1,1,yes,yes,E2,20,4090.058299
Endometrium,15,3,1,14.08.24,1,1,yes,yes,E2,1,250.893043
Endometrium,15,3,1,14.08.24,1,1,yes,yes,E2,5,389.521221
Endometrium,15,3,1,14.08.24,1,1,yes,yes,E2,10,466.822327
Endometrium,15,3,1,14.08.24,1,1,yes,yes,E2,20,699.427275
Endometrium,15,3,1,14.08.24,1,1,yes,yes,E2,1,622.92987
Endometrium,15,3,1,14.08.24,1,1,yes,yes,E2,5,309.695275
Endometrium,15,3,1,14.08.24,1,1,yes,yes,E2,10,456.584524
Endometrium,15,3,1,14.08.24,1,1,yes,yes,E2,20,676.057282
Endometrium,15,3,1,14.08.24,1,1,yes,yes,E2,1,248.127653
Endometrium,15,3,1,14.08.24,1,1,yes,yes,E2,5,361.181224
Endometrium,15,3,1,14.08.24,1,1,yes,yes,E2,10,402.703196
Endometrium,15,3,1,14.08.24,1,1,yes,yes,E2,20,456.488549
Endometrium,15,3,2,14.08.24,1,1,yes,yes,E1,1,9638.41895
Endometrium,15,3,2,14.08.24,1,1,yes,yes,E1,5,10034.80843
Endometrium,15,3,2,14.08.24,1,1,yes,yes,E1,10,11273.17513
Endometrium,15,3,2,14.08.24,1,1,yes,yes,E1,20,13688.9051
Endometrium,15,3,2,14.08.24,1,1,yes,yes,E1,1,14543.07594
Endometrium,15,3,2,14.08.24,1,1,yes,yes,E1,5,13870.60536
Endometrium,15,3,2,14.08.24,1,1,yes,yes,E1,10,14083.89501
Endometrium,15,3,2,14.08.24,1,1,yes,yes,E1,20,16138.58805
Endometrium,15,3,2,14.08.24,1,1,yes,yes,E1,1,7675.28124
Endometrium,15,3,2,14.08.24,1,1,yes,yes,E1,5,7713.97198
Endometrium,15,3,2,14.08.24,1,1,yes,yes,E1,10,7991.26309
Endometrium,15,3,2,14.08.24,1,1,yes,yes,E1,20,8808.086226
Endometrium,15,3,2,14.08.24,1,1,yes,yes,E1,1,3540.136567
Endometrium,15,3,2,14.08.24,1,1,yes,yes,E1,5,3626.461013
Endometrium,15,3,2,14.08.24,1,1,yes,yes,E1,10,3841.077845
Endometrium,15,3,2,14.08.24,1,1,yes,yes,E1,20,4067.359787
Endometrium,15,3,2,14.08.24,1,1,yes,yes,E1,1,4485.250951
Endometrium,15,3,2,14.08.24,1,1,yes,yes,E1,5,4654.947683
Endometrium,15,3,2,14.08.24,1,1,yes,yes,E1,10,5102.107956
Endometrium,15,3,2,14.08.24,1,1,yes,yes,E1,20,5670.725105
Endometrium,15,3,2,14.08.24,1,1,yes,yes,E1,1,5738.426712
Endometrium,15,3,2,14.08.24,1,1,yes,yes,E1,5,6457.98557
Endometrium,15,3,2,14.08.24,1,1,yes,yes,E1,10,6410.013697
Endometrium,15,3,2,14.08.24,1,1,yes,yes,E1,20,7015.822458
Endometrium,15,3,2,14.08.24,1,1,yes,yes,E2,1,980.104423
Endometrium,15,3,2,14.08.24,1,1,yes,yes,E2,5,1366.242124
Endometrium,15,3,2,14.08.24,1,1,yes,yes,E2,10,1432.71543
Endometrium,15,3,2,14.08.24,1,1,yes,yes,E2,20,1594.260969
Endometrium,15,3,2,14.08.24,1,1,yes,yes,E2,1,1789.52367
Endometrium,15,3,2,14.08.24,1,1,yes,yes,E2,5,1354.773865
Endometrium,15,3,2,14.08.24,1,1,yes,yes,E2,10,1351.072267
Endometrium,15,3,2,14.08.24,1,1,yes,yes,E2,20,2596.079841
Endometrium,15,3,2,14.08.24,1,1,yes,yes,E2,1,1944.616467
Endometrium,15,3,2,14.08.24,1,1,yes,yes,E2,5,460.112432
Endometrium,15,3,2,14.08.24,1,1,yes,yes,E2,10,640.735721
Endometrium,15,3,2,14.08.24,1,1,yes,yes,E2,20,1065.281931
Endometrium,15,3,2,14.08.24,1,1,yes,yes,E2,1,198.214484
Endometrium,15,3,2,14.08.24,1,1,yes,yes,E2,5,267.41591
Endometrium,15,3,2,14.08.24,1,1,yes,yes,E2,10,322.698028
Endometrium,15,3,2,14.08.24,1,1,yes,yes,E2,20,546.742641
Endometrium,15,3,2,14.08.24,1,1,yes,yes,E2,1,40.203809
Endometrium,15,3,2,14.08.24,1,1,yes,yes,E2,5,37.889781
Endometrium,15,3,2,14.08.24,1,1,yes,yes,E2,10,340.732469
Endometrium,15,3,2,14.08.24,1,1,yes,yes,E2,20,716.404713
Endometrium,15,3,2,14.08.24,1,1,yes,yes,E2,1,268.023209
Endometrium,15,3,2,14.08.24,1,1,yes,yes,E2,5,318.731489
Endometrium,15,3,2,14.08.24,1,1,yes,yes,E2,10,382.568229
Endometrium,15,3,2,14.08.24,1,1,yes,yes,E2,20,538.339326
Endometrium,15,3,3,14.08.24,1,1,yes,yes,E1,1,758.553657
Endometrium,15,3,3,14.08.24,1,1,yes,yes,E1,5,863.865639
Endometrium,15,3,3,14.08.24,1,1,yes,yes,E1,10,950.266572
Endometrium,15,3,3,14.08.24,1,1,yes,yes,E1,20,1029.623704
Endometrium,15,3,3,14.08.24,1,1,yes,yes,E1,1,3142.512142
Endometrium,15,3,3,14.08.24,1,1,yes,yes,E1,5,3463.78088
Endometrium,15,3,3,14.08.24,1,1,yes,yes,E1,10,3552.052494
Endometrium,15,3,3,14.08.24,1,1,yes,yes,E1,20,3783.639857
Endometrium,15,3,3,14.08.24,1,1,yes,yes,E1,1,10433.82117
Endometrium,15,3,3,14.08.24,1,1,yes,yes,E1,5,11958.57349
Endometrium,15,3,3,14.08.24,1,1,yes,yes,E1,10,12633.00374
Endometrium,15,3,3,14.08.24,1,1,yes,yes,E1,20,13626.39804
Endometrium,15,3,3,14.08.24,1,1,yes,yes,E1,1,3644.521714
Endometrium,15,3,3,14.08.24,1,1,yes,yes,E1,5,3984.359799
Endometrium,15,3,3,14.08.24,1,1,yes,yes,E1,10,4244.790679
Endometrium,15,3,3,14.08.24,1,1,yes,yes,E1,20,4539.403018
Endometrium,15,3,3,14.08.24,1,1,yes,yes,E1,1,3994.874647
Endometrium,15,3,3,14.08.24,1,1,yes,yes,E1,5,4411.083984
Endometrium,15,3,3,14.08.24,1,1,yes,yes,E1,10,4406.763825
Endometrium,15,3,3,14.08.24,1,1,yes,yes,E1,20,4696.638817
Endometrium,15,3,3,14.08.24,1,1,yes,yes,E1,1,2688.738029
Endometrium,15,3,3,14.08.24,1,1,yes,yes,E1,5,3269.670523
Endometrium,15,3,3,14.08.24,1,1,yes,yes,E1,10,3276.338261
Endometrium,15,3,3,14.08.24,1,1,yes,yes,E1,20,3601.822345
Endometrium,15,3,3,14.08.24,1,1,yes,yes,E1,1,3436.008297
Endometrium,15,3,3,14.08.24,1,1,yes,yes,E1,5,3645.836285
Endometrium,15,3,3,14.08.24,1,1,yes,yes,E1,10,3696.879791
Endometrium,15,3,3,14.08.24,1,1,yes,yes,E1,20,3802.527404
Endometrium,15,3,3,14.08.24,1,1,yes,yes,E2,1,59.758284
Endometrium,15,3,3,14.08.24,1,1,yes,yes,E2,5,135.172813
Endometrium,15,3,3,14.08.24,1,1,yes,yes,E2,10,186.776414
Endometrium,15,3,3,14.08.24,1,1,yes,yes,E2,20,275.638417
Endometrium,15,3,3,14.08.24,1,1,yes,yes,E2,1,124.533724
Endometrium,15,3,3,14.08.24,1,1,yes,yes,E2,5,182.357547
Endometrium,15,3,3,14.08.24,1,1,yes,yes,E2,10,408.401693
Endometrium,15,3,3,14.08.24,1,1,yes,yes,E2,20,657.391149
Endometrium,15,3,3,14.08.24,1,1,yes,yes,E2,1,1317.281541
Endometrium,15,3,3,14.08.24,1,1,yes,yes,E2,5,1843.030196
Endometrium,15,3,3,14.08.24,1,1,yes,yes,E2,10,1548.096159
Endometrium,15,3,3,14.08.24,1,1,yes,yes,E2,20,1639.434028
Endometrium,15,3,3,14.08.24,1,1,yes,yes,E2,1,579.186006
Endometrium,15,3,3,14.08.24,1,1,yes,yes,E2,5,441.500439
Endometrium,15,3,3,14.08.24,1,1,yes,yes,E2,10,406.104563
Endometrium,15,3,3,14.08.24,1,1,yes,yes,E2,20,453.905067
Endometrium,15,3,3,14.08.24,1,1,yes,yes,E2,1,154.686369
Endometrium,15,3,3,14.08.24,1,1,yes,yes,E2,5,480.439126
Endometrium,15,3,3,14.08.24,1,1,yes,yes,E2,10,731.396765
Endometrium,15,3,3,14.08.24,1,1,yes,yes,E2,20,1079.81228
Endometrium,15,3,3,14.08.24,1,1,yes,yes,E2,1,253.929837
Endometrium,15,3,3,14.08.24,1,1,yes,yes,E2,5,457.861987
Endometrium,15,3,3,14.08.24,1,1,yes,yes,E2,10,325.53555
Endometrium,15,3,3,14.08.24,1,1,yes,yes,E2,20,435.06581
Endometrium,15,3,3,14.08.24,1,1,yes,yes,E2,1,509.010793
Endometrium,15,3,3,14.08.24,1,1,yes,yes,E2,5,510.789117
Endometrium,15,3,3,14.08.24,1,1,yes,yes,E2,10,294.772678
Endometrium,15,3,3,14.08.24,1,1,yes,yes,E2,20,502.623956
Endometrium,15,3,4,20.08.24,1,7,no,no,E1,1,2577.445078
Endometrium,15,3,4,20.08.24,1,7,no,no,E1,5,2785.89445
Endometrium,15,3,4,20.08.24,1,7,no,no,E1,10,2914.299853
Endometrium,15,3,4,20.08.24,1,7,no,no,E1,20,3133.512559
Endometrium,15,3,4,20.08.24,1,7,no,no,E1,1,7832.879717
Endometrium,15,3,4,20.08.24,1,7,no,no,E1,5,8412.64134
Endometrium,15,3,4,20.08.24,1,7,no,no,E1,10,8180.8392
Endometrium,15,3,4,20.08.24,1,7,no,no,E1,20,8794.878391
Endometrium,15,3,4,20.08.24,1,7,no,no,E1,1,5713.157016
Endometrium,15,3,4,20.08.24,1,7,no,no,E1,5,5928.257077
Endometrium,15,3,4,20.08.24,1,7,no,no,E1,10,6341.771705
Endometrium,15,3,4,20.08.24,1,7,no,no,E1,20,7282.170594
Endometrium,15,3,4,20.08.24,1,7,no,no,E1,1,12251.11918
Endometrium,15,3,4,20.08.24,1,7,no,no,E1,5,11529.28877
Endometrium,15,3,4,20.08.24,1,7,no,no,E1,10,11733.30747
Endometrium,15,3,4,20.08.24,1,7,no,no,E1,20,12135.12117
Endometrium,15,3,4,20.08.24,1,7,no,no,E1,1,1473.441157
Endometrium,15,3,4,20.08.24,1,7,no,no,E1,5,1413.219126
Endometrium,15,3,4,20.08.24,1,7,no,no,E1,10,1482.831037
Endometrium,15,3,4,20.08.24,1,7,no,no,E1,20,1535.800921
Endometrium,15,3,4,20.08.24,1,7,no,no,E1,1,2058.618814
Endometrium,15,3,4,20.08.24,1,7,no,no,E1,5,2297.273532
Endometrium,15,3,4,20.08.24,1,7,no,no,E1,10,2095.361679
Endometrium,15,3,4,20.08.24,1,7,no,no,E1,20,2236.858123
Endometrium,15,3,4,20.08.24,1,7,no,no,E1,1,3029.403325
Endometrium,15,3,4,20.08.24,1,7,no,no,E1,5,3235.809737
Endometrium,15,3,4,20.08.24,1,7,no,no,E1,10,3371.449419
Endometrium,15,3,4,20.08.24,1,7,no,no,E1,20,3538.358528
Endometrium,15,3,4,20.08.24,1,7,no,no,E1,1,1394.827849
Endometrium,15,3,4,20.08.24,1,7,no,no,E1,5,1401.22257
Endometrium,15,3,4,20.08.24,1,7,no,no,E1,10,1489.139675
Endometrium,15,3,4,20.08.24,1,7,no,no,E1,20,1533.173979
Endometrium,15,3,4,20.08.24,1,7,no,no,E2,1,97.458494
Endometrium,15,3,4,20.08.24,1,7,no,no,E2,5,166.968032
Endometrium,15,3,4,20.08.24,1,7,no,no,E2,10,215.086218
Endometrium,15,3,4,20.08.24,1,7,no,no,E2,20,321.700782
Endometrium,15,3,4,20.08.24,1,7,no,no,E2,1,617.305822
Endometrium,15,3,4,20.08.24,1,7,no,no,E2,5,154.735204
Endometrium,15,3,4,20.08.24,1,7,no,no,E2,10,40.373579
Endometrium,15,3,4,20.08.24,1,7,no,no,E2,20,858.800055
Endometrium,15,3,4,20.08.24,1,7,no,no,E2,1,457.966219
Endometrium,15,3,4,20.08.24,1,7,no,no,E2,5,725.224133
Endometrium,15,3,4,20.08.24,1,7,no,no,E2,10,77.430037
Endometrium,15,3,4,20.08.24,1,7,no,no,E2,20,697.49803
Endometrium,15,3,4,20.08.24,1,7,no,no,E2,1,2023.30568
Endometrium,15,3,4,20.08.24,1,7,no,no,E2,5,377.715987
Endometrium,15,3,4,20.08.24,1,7,no,no,E2,10,699.26558
Endometrium,15,3,4,20.08.24,1,7,no,no,E2,20,4371.217322
Endometrium,15,3,4,20.08.24,1,7,no,no,E2,1,80.640544
Endometrium,15,3,4,20.08.24,1,7,no,no,E2,5,15.562701
Endometrium,15,3,4,20.08.24,1,7,no,no,E2,10,78.901087
Endometrium,15,3,4,20.08.24,1,7,no,no,E2,20,243.444909
Endometrium,15,3,4,20.08.24,1,7,no,no,E2,1,75.481888
Endometrium,15,3,4,20.08.24,1,7,no,no,E2,5,403.538855
Endometrium,15,3,4,20.08.24,1,7,no,no,E2,10,329.645829
Endometrium,15,3,4,20.08.24,1,7,no,no,E2,20,666.55506
Endometrium,15,3,4,20.08.24,1,7,no,no,E2,1,455.311956
Endometrium,15,3,4,20.08.24,1,7,no,no,E2,5,354.375769
Endometrium,15,3,4,20.08.24,1,7,no,no,E2,10,643.248716
Endometrium,15,3,4,20.08.24,1,7,no,no,E2,20,919.147684
Endometrium,15,3,4,20.08.24,1,7,no,no,E2,1,11.915856
Endometrium,15,3,4,20.08.24,1,7,no,no,E2,5,21.392626
Endometrium,15,3,4,20.08.24,1,7,no,no,E2,10,276.188122
Endometrium,15,3,4,20.08.24,1,7,no,no,E2,20,557.504327
Endometrium,15,3,5,20.08.24,1,7,no,no,E1,1,2388.657846
Endometrium,15,3,5,20.08.24,1,7,no,no,E1,5,2841.34463
Endometrium,15,3,5,20.08.24,1,7,no,no,E1,10,3068.285496
Endometrium,15,3,5,20.08.24,1,7,no,no,E1,20,3427.925898
Endometrium,15,3,5,20.08.24,1,7,no,no,E1,1,555.01286
Endometrium,15,3,5,20.08.24,1,7,no,no,E1,5,686.2889
Endometrium,15,3,5,20.08.24,1,7,no,no,E1,10,753.28705
Endometrium,15,3,5,20.08.24,1,7,no,no,E1,20,834.968871
Endometrium,15,3,5,20.08.24,1,7,no,no,E1,1,9207.53973
Endometrium,15,3,5,20.08.24,1,7,no,no,E1,5,10837.43739
Endometrium,15,3,5,20.08.24,1,7,no,no,E1,10,8839.408627
Endometrium,15,3,5,20.08.24,1,7,no,no,E1,20,7574.713572
Endometrium,15,3,5,20.08.24,1,7,no,no,E1,1,964.452578
Endometrium,15,3,5,20.08.24,1,7,no,no,E1,5,1100.253892
Endometrium,15,3,5,20.08.24,1,7,no,no,E1,10,1153.861098
Endometrium,15,3,5,20.08.24,1,7,no,no,E1,20,1236.843367
Endometrium,15,3,5,20.08.24,1,7,no,no,E1,1,1061.530428
Endometrium,15,3,5,20.08.24,1,7,no,no,E1,5,1173.30929
Endometrium,15,3,5,20.08.24,1,7,no,no,E1,10,1225.461119
Endometrium,15,3,5,20.08.24,1,7,no,no,E1,20,1216.878781
Endometrium,15,3,5,20.08.24,1,7,no,no,E1,1,934.926073
Endometrium,15,3,5,20.08.24,1,7,no,no,E1,5,1139.158276
Endometrium,15,3,5,20.08.24,1,7,no,no,E1,10,1209.769673
Endometrium,15,3,5,20.08.24,1,7,no,no,E1,20,1292.621665
Endometrium,15,3,5,20.08.24,1,7,no,no,E1,1,289.673115
Endometrium,15,3,5,20.08.24,1,7,no,no,E1,5,316.945033
Endometrium,15,3,5,20.08.24,1,7,no,no,E1,10,347.014784
Endometrium,15,3,5,20.08.24,1,7,no,no,E1,20,325.757193
Endometrium,15,3,5,20.08.24,1,7,no,no,E2,1,820.345242
Endometrium,15,3,5,20.08.24,1,7,no,no,E2,5,689.821149
Endometrium,15,3,5,20.08.24,1,7,no,no,E2,10,996.353815
Endometrium,15,3,5,20.08.24,1,7,no,no,E2,20,1350.74584
Endometrium,15,3,5,20.08.24,1,7,no,no,E2,1,133.552503
Endometrium,15,3,5,20.08.24,1,7,no,no,E2,5,122.400948
Endometrium,15,3,5,20.08.24,1,7,no,no,E2,10,166.852697
Endometrium,15,3,5,20.08.24,1,7,no,no,E2,20,223.259022
Endometrium,15,3,5,20.08.24,1,7,no,no,E2,1,4581.034468
Endometrium,15,3,5,20.08.24,1,7,no,no,E2,5,2807.784127
Endometrium,15,3,5,20.08.24,1,7,no,no,E2,10,5752.569423
Endometrium,15,3,5,20.08.24,1,7,no,no,E2,20,6575.533523
Endometrium,15,3,5,20.08.24,1,7,no,no,E2,1,134.231272
Endometrium,15,3,5,20.08.24,1,7,no,no,E2,5,64.078814
Endometrium,15,3,5,20.08.24,1,7,no,no,E2,10,287.893779
Endometrium,15,3,5,20.08.24,1,7,no,no,E2,20,360.947692
Endometrium,15,3,5,20.08.24,1,7,no,no,E2,1,90.366268
Endometrium,15,3,5,20.08.24,1,7,no,no,E2,5,198.021727
Endometrium,15,3,5,20.08.24,1,7,no,no,E2,10,226.570552
Endometrium,15,3,5,20.08.24,1,7,no,no,E2,20,402.669008
Endometrium,15,3,5,20.08.24,1,7,no,no,E2,1,302.863809
Endometrium,15,3,5,20.08.24,1,7,no,no,E2,5,288.807146
Endometrium,15,3,5,20.08.24,1,7,no,no,E2,10,275.403882
Endometrium,15,3,5,20.08.24,1,7,no,no,E2,20,425.671975
Endometrium,15,3,5,20.08.24,1,7,no,no,E2,1,30.524851
Endometrium,15,3,5,20.08.24,1,7,no,no,E2,5,38.258869
Endometrium,15,3,5,20.08.24,1,7,no,no,E2,10,90.376096
Endometrium,15,3,5,20.08.24,1,7,no,no,E2,20,219.245605
Endometrium,15,3,6,20.08.24,1,7,no,no,E1,1,6517.438681
Endometrium,15,3,6,20.08.24,1,7,no,no,E1,5,5560.046777
Endometrium,15,3,6,20.08.24,1,7,no,no,E1,10,6984.588021
Endometrium,15,3,6,20.08.24,1,7,no,no,E1,20,7481.154246
Endometrium,15,3,6,20.08.24,1,7,no,no,E1,1,5511.12177
Endometrium,15,3,6,20.08.24,1,7,no,no,E1,5,6015.672845
Endometrium,15,3,6,20.08.24,1,7,no,no,E1,10,6314.206059
Endometrium,15,3,6,20.08.24,1,7,no,no,E1,20,6970.003072
Endometrium,15,3,6,20.08.24,1,7,no,no,E1,1,7964.578671
Endometrium,15,3,6,20.08.24,1,7,no,no,E1,5,8426.956426
Endometrium,15,3,6,20.08.24,1,7,no,no,E1,10,8764.035415
Endometrium,15,3,6,20.08.24,1,7,no,no,E1,20,8520.425235
Endometrium,15,3,6,20.08.24,1,7,no,no,E1,1,13456.22475
Endometrium,15,3,6,20.08.24,1,7,no,no,E1,5,15756.11007
Endometrium,15,3,6,20.08.24,1,7,no,no,E1,10,13313.29611
Endometrium,15,3,6,20.08.24,1,7,no,no,E1,20,11250.99804
Endometrium,15,3,6,20.08.24,1,7,no,no,E1,1,7185.489452
Endometrium,15,3,6,20.08.24,1,7,no,no,E1,5,6894.670671
Endometrium,15,3,6,20.08.24,1,7,no,no,E1,10,6051.43693
Endometrium,15,3,6,20.08.24,1,7,no,no,E1,20,8368.484055
Endometrium,15,3,6,20.08.24,1,7,no,no,E2,1,698.853682
Endometrium,15,3,6,20.08.24,1,7,no,no,E2,5,2591.546886
Endometrium,15,3,6,20.08.24,1,7,no,no,E2,10,748.512603
Endometrium,15,3,6,20.08.24,1,7,no,no,E2,20,1150.027486
Endometrium,15,3,6,20.08.24,1,7,no,no,E2,1,201.540157
Endometrium,15,3,6,20.08.24,1,7,no,no,E2,5,1006.47358
Endometrium,15,3,6,20.08.24,1,7,no,no,E2,10,488.660408
Endometrium,15,3,6,20.08.24,1,7,no,no,E2,20,562.461148
Endometrium,15,3,6,20.08.24,1,7,no,no,E2,1,2241.441378
Endometrium,15,3,6,20.08.24,1,7,no,no,E2,5,747.911379
Endometrium,15,3,6,20.08.24,1,7,no,no,E2,10,1325.036408
Endometrium,15,3,6,20.08.24,1,7,no,no,E2,20,2500.256569
Endometrium,15,3,6,20.08.24,1,7,no,no,E2,1,5463.711965
Endometrium,15,3,6,20.08.24,1,7,no,no,E2,5,1220.424258
Endometrium,15,3,6,20.08.24,1,7,no,no,E2,10,6160.968207
Endometrium,15,3,6,20.08.24,1,7,no,no,E2,20,7156.226255
Endometrium,15,3,6,20.08.24,1,7,no,no,E2,1,551.237747
Endometrium,15,3,6,20.08.24,1,7,no,no,E2,5,2138.680311
Endometrium,15,3,6,20.08.24,1,7,no,no,E2,10,1423.227153
Endometrium,15,3,6,20.08.24,1,7,no,no,E2,20,2182.008479
Endometrium,15,3,4,20.08.24,1,7,yes,no,E1,1,351.165574
Endometrium,15,3,4,20.08.24,1,7,yes,no,E1,5,353.072961
Endometrium,15,3,4,20.08.24,1,7,yes,no,E1,10,384.850775
Endometrium,15,3,4,20.08.24,1,7,yes,no,E1,20,416.661623
Endometrium,15,3,4,20.08.24,1,7,yes,no,E1,1,400.636289
Endometrium,15,3,4,20.08.24,1,7,yes,no,E1,5,457.312913
Endometrium,15,3,4,20.08.24,1,7,yes,no,E1,10,463.289067
Endometrium,15,3,4,20.08.24,1,7,yes,no,E1,20,498.084623
Endometrium,15,3,4,20.08.24,1,7,yes,no,E1,1,349.693192
Endometrium,15,3,4,20.08.24,1,7,yes,no,E1,5,339.358937
Endometrium,15,3,4,20.08.24,1,7,yes,no,E1,10,410.131492
Endometrium,15,3,4,20.08.24,1,7,yes,no,E1,20,486.472464
Endometrium,15,3,4,20.08.24,1,7,yes,no,E1,1,285.515209
Endometrium,15,3,4,20.08.24,1,7,yes,no,E1,5,354.025874
Endometrium,15,3,4,20.08.24,1,7,yes,no,E1,10,376.287722
Endometrium,15,3,4,20.08.24,1,7,yes,no,E1,20,480.185568
Endometrium,15,3,4,20.08.24,1,7,yes,no,E1,1,465.54997
Endometrium,15,3,4,20.08.24,1,7,yes,no,E1,5,595.344722
Endometrium,15,3,4,20.08.24,1,7,yes,no,E1,10,549.660351
Endometrium,15,3,4,20.08.24,1,7,yes,no,E1,20,585.504759
Endometrium,15,3,4,20.08.24,1,7,yes,no,E1,1,279.882278
Endometrium,15,3,4,20.08.24,1,7,yes,no,E1,5,324.093485
Endometrium,15,3,4,20.08.24,1,7,yes,no,E1,10,356.373521
Endometrium,15,3,4,20.08.24,1,7,yes,no,E1,20,363.014821
Endometrium,15,3,4,20.08.24,1,7,yes,no,E1,1,305.773814
Endometrium,15,3,4,20.08.24,1,7,yes,no,E1,5,308.260928
Endometrium,15,3,4,20.08.24,1,7,yes,no,E1,10,328.14438
Endometrium,15,3,4,20.08.24,1,7,yes,no,E1,20,339.764208
Endometrium,15,3,4,20.08.24,1,7,yes,no,E1,1,391.311224
Endometrium,15,3,4,20.08.24,1,7,yes,no,E1,5,445.820884
Endometrium,15,3,4,20.08.24,1,7,yes,no,E1,10,455.06904
Endometrium,15,3,4,20.08.24,1,7,yes,no,E1,20,464.863652
Endometrium,15,3,4,20.08.24,1,7,yes,no,E2,1,78.522221
Endometrium,15,3,4,20.08.24,1,7,yes,no,E2,5,109.922717
Endometrium,15,3,4,20.08.24,1,7,yes,no,E2,10,117.488641
Endometrium,15,3,4,20.08.24,1,7,yes,no,E2,20,207.426458
Endometrium,15,3,4,20.08.24,1,7,yes,no,E2,1,6.603052
Endometrium,15,3,4,20.08.24,1,7,yes,no,E2,5,106.553166
Endometrium,15,3,4,20.08.24,1,7,yes,no,E2,10,142.935437
Endometrium,15,3,4,20.08.24,1,7,yes,no,E2,20,251.283564
Endometrium,15,3,4,20.08.24,1,7,yes,no,E2,1,43.820965
Endometrium,15,3,4,20.08.24,1,7,yes,no,E2,5,223.443203
Endometrium,15,3,4,20.08.24,1,7,yes,no,E2,10,365.882815
Endometrium,15,3,4,20.08.24,1,7,yes,no,E2,20,680.559888
Endometrium,15,3,4,20.08.24,1,7,yes,no,E2,1,85.941358
Endometrium,15,3,4,20.08.24,1,7,yes,no,E2,5,176.170986
Endometrium,15,3,4,20.08.24,1,7,yes,no,E2,10,340.748307
Endometrium,15,3,4,20.08.24,1,7,yes,no,E2,20,671.288827
Endometrium,15,3,4,20.08.24,1,7,yes,no,E2,1,41.700174
Endometrium,15,3,4,20.08.24,1,7,yes,no,E2,5,66.586953
Endometrium,15,3,4,20.08.24,1,7,yes,no,E2,10,172.957101
Endometrium,15,3,4,20.08.24,1,7,yes,no,E2,20,224.407817
Endometrium,15,3,4,20.08.24,1,7,yes,no,E2,1,27.672485
Endometrium,15,3,4,20.08.24,1,7,yes,no,E2,5,48.05777
Endometrium,15,3,4,20.08.24,1,7,yes,no,E2,10,99.098744
Endometrium,15,3,4,20.08.24,1,7,yes,no,E2,20,229.5902
Endometrium,15,3,4,20.08.24,1,7,yes,no,E2,1,41.395625
Endometrium,15,3,4,20.08.24,1,7,yes,no,E2,5,107.321074
Endometrium,15,3,4,20.08.24,1,7,yes,no,E2,10,202.49916
Endometrium,15,3,4,20.08.24,1,7,yes,no,E2,20,464.548532
Endometrium,15,3,4,20.08.24,1,7,yes,no,E2,1,3.057552
Endometrium,15,3,4,20.08.24,1,7,yes,no,E2,5,117.028731
Endometrium,15,3,4,20.08.24,1,7,yes,no,E2,10,187.904094
Endometrium,15,3,4,20.08.24,1,7,yes,no,E2,20,426.825316
Endometrium,15,3,5,20.08.24,1,7,yes,no,E1,1,573.210053
Endometrium,15,3,5,20.08.24,1,7,yes,no,E1,5,661.300962
Endometrium,15,3,5,20.08.24,1,7,yes,no,E1,10,726.863923
Endometrium,15,3,5,20.08.24,1,7,yes,no,E1,20,770.689274
Endometrium,15,3,5,20.08.24,1,7,yes,no,E1,1,532.849319
Endometrium,15,3,5,20.08.24,1,7,yes,no,E1,5,577.459232
Endometrium,15,3,5,20.08.24,1,7,yes,no,E1,10,654.180282
Endometrium,15,3,5,20.08.24,1,7,yes,no,E1,20,675.532028
Endometrium,15,3,5,20.08.24,1,7,yes,no,E1,1,6519.77545
Endometrium,15,3,5,20.08.24,1,7,yes,no,E1,5,6781.259957
Endometrium,15,3,5,20.08.24,1,7,yes,no,E1,10,6616.873341
Endometrium,15,3,5,20.08.24,1,7,yes,no,E1,20,6397.360972
Endometrium,15,3,5,20.08.24,1,7,yes,no,E1,1,4015.491777
Endometrium,15,3,5,20.08.24,1,7,yes,no,E1,5,5013.762699
Endometrium,15,3,5,20.08.24,1,7,yes,no,E1,10,4648.611807
Endometrium,15,3,5,20.08.24,1,7,yes,no,E1,20,4863.192699
Endometrium,15,3,5,20.08.24,1,7,yes,no,E1,1,738.955622
Endometrium,15,3,5,20.08.24,1,7,yes,no,E1,5,2203.227734
Endometrium,15,3,5,20.08.24,1,7,yes,no,E1,10,2391.723958
Endometrium,15,3,5,20.08.24,1,7,yes,no,E1,20,2575.581571
Endometrium,15,3,5,20.08.24,1,7,yes,no,E2,1,112.929004
Endometrium,15,3,5,20.08.24,1,7,yes,no,E2,5,173.833383
Endometrium,15,3,5,20.08.24,1,7,yes,no,E2,10,105.497616
Endometrium,15,3,5,20.08.24,1,7,yes,no,E2,20,126.123678
Endometrium,15,3,5,20.08.24,1,7,yes,no,E2,1,93.352153
Endometrium,15,3,5,20.08.24,1,7,yes,no,E2,5,105.966911
Endometrium,15,3,5,20.08.24,1,7,yes,no,E2,10,136.447672
Endometrium,15,3,5,20.08.24,1,7,yes,no,E2,20,168.345219
Endometrium,15,3,5,20.08.24,1,7,yes,no,E2,1,1711.948957
Endometrium,15,3,5,20.08.24,1,7,yes,no,E2,5,429.787888
Endometrium,15,3,5,20.08.24,1,7,yes,no,E2,10,1030.377922
Endometrium,15,3,5,20.08.24,1,7,yes,no,E2,20,1609.044172
Endometrium,15,3,5,20.08.24,1,7,yes,no,E2,1,95.70873
Endometrium,15,3,5,20.08.24,1,7,yes,no,E2,5,425.238853
Endometrium,15,3,5,20.08.24,1,7,yes,no,E2,10,866.329227
Endometrium,15,3,5,20.08.24,1,7,yes,no,E2,20,1225.062415
Endometrium,15,3,5,20.08.24,1,7,yes,no,E2,1,1783.379946
Endometrium,15,3,5,20.08.24,1,7,yes,no,E2,5,244.646772
Endometrium,15,3,5,20.08.24,1,7,yes,no,E2,10,122.730947
Endometrium,15,3,5,20.08.24,1,7,yes,no,E2,20,339.182312
Endometrium,15,3,6,20.08.24,1,7,yes,no,E1,1,4167.277373
Endometrium,15,3,6,20.08.24,1,7,yes,no,E1,5,4361.566348
Endometrium,15,3,6,20.08.24,1,7,yes,no,E1,10,4544.928258
Endometrium,15,3,6,20.08.24,1,7,yes,no,E1,20,4984.175815
Endometrium,15,3,6,20.08.24,1,7,yes,no,E1,1,14185.939
Endometrium,15,3,6,20.08.24,1,7,yes,no,E1,5,14676.40505
Endometrium,15,3,6,20.08.24,1,7,yes,no,E1,10,13949.46246
Endometrium,15,3,6,20.08.24,1,7,yes,no,E1,20,17442.17003
Endometrium,15,3,6,20.08.24,1,7,yes,no,E1,1,8695.944539
Endometrium,15,3,6,20.08.24,1,7,yes,no,E1,5,7917.335944
Endometrium,15,3,6,20.08.24,1,7,yes,no,E1,10,8648.00311
Endometrium,15,3,6,20.08.24,1,7,yes,no,E1,20,9074.418776
Endometrium,15,3,6,20.08.24,1,7,yes,no,E1,1,3306.016416
Endometrium,15,3,6,20.08.24,1,7,yes,no,E1,5,3533.231028
Endometrium,15,3,6,20.08.24,1,7,yes,no,E1,10,3643.866198
Endometrium,15,3,6,20.08.24,1,7,yes,no,E1,20,4021.938837
Endometrium,15,3,6,20.08.24,1,7,yes,no,E2,1,207.101434
Endometrium,15,3,6,20.08.24,1,7,yes,no,E2,5,68.365029
Endometrium,15,3,6,20.08.24,1,7,yes,no,E2,10,161.600056
Endometrium,15,3,6,20.08.24,1,7,yes,no,E2,20,487.025977
Endometrium,15,3,6,20.08.24,1,7,yes,no,E2,1,991.085798
Endometrium,15,3,6,20.08.24,1,7,yes,no,E2,5,2889.04911
Endometrium,15,3,6,20.08.24,1,7,yes,no,E2,10,822.558272
Endometrium,15,3,6,20.08.24,1,7,yes,no,E2,20,3949.05295
Endometrium,15,3,6,20.08.24,1,7,yes,no,E2,1,742.284773
Endometrium,15,3,6,20.08.24,1,7,yes,no,E2,5,1024.968855
Endometrium,15,3,6,20.08.24,1,7,yes,no,E2,10,1232.996994
Endometrium,15,3,6,20.08.24,1,7,yes,no,E2,20,1681.744673
Endometrium,15,3,6,20.08.24,1,7,yes,no,E2,1,193.35706
Endometrium,15,3,6,20.08.24,1,7,yes,no,E2,5,36.967303
Endometrium,15,3,6,20.08.24,1,7,yes,no,E2,10,106.961276
Endometrium,15,3,6,20.08.24,1,7,yes,no,E2,20,436.80887
Endometrium,15,3,1,20.08.24,1,7,yes,yes,E1,1,4183.652789
Endometrium,15,3,1,20.08.24,1,7,yes,yes,E1,5,4766.045022
Endometrium,15,3,1,20.08.24,1,7,yes,yes,E1,10,4273.047104
Endometrium,15,3,1,20.08.24,1,7,yes,yes,E1,20,4187.447464
Endometrium,15,3,1,20.08.24,1,7,yes,yes,E1,1,2793.621076
Endometrium,15,3,1,20.08.24,1,7,yes,yes,E1,5,2998.057304
Endometrium,15,3,1,20.08.24,1,7,yes,yes,E1,10,3407.435004
Endometrium,15,3,1,20.08.24,1,7,yes,yes,E1,20,3846.920299
Endometrium,15,3,1,20.08.24,1,7,yes,yes,E1,1,3730.678578
Endometrium,15,3,1,20.08.24,1,7,yes,yes,E1,5,4464.73525
Endometrium,15,3,1,20.08.24,1,7,yes,yes,E1,10,5341.935455
Endometrium,15,3,1,20.08.24,1,7,yes,yes,E1,20,6354.013861
Endometrium,15,3,1,20.08.24,1,7,yes,yes,E1,1,2779.563065
Endometrium,15,3,1,20.08.24,1,7,yes,yes,E1,5,2932.901652
Endometrium,15,3,1,20.08.24,1,7,yes,yes,E1,10,2951.623363
Endometrium,15,3,1,20.08.24,1,7,yes,yes,E1,20,3184.886321
Endometrium,15,3,1,20.08.24,1,7,yes,yes,E1,1,2726.80273
Endometrium,15,3,1,20.08.24,1,7,yes,yes,E1,5,2718.858105
Endometrium,15,3,1,20.08.24,1,7,yes,yes,E1,10,3005.571656
Endometrium,15,3,1,20.08.24,1,7,yes,yes,E1,20,3626.581163
Endometrium,15,3,1,20.08.24,1,7,yes,yes,E1,1,3231.686583
Endometrium,15,3,1,20.08.24,1,7,yes,yes,E1,5,3757.121538
Endometrium,15,3,1,20.08.24,1,7,yes,yes,E1,10,3773.793171
Endometrium,15,3,1,20.08.24,1,7,yes,yes,E1,20,3895.023717
Endometrium,15,3,1,20.08.24,1,7,yes,yes,E1,1,3456.854889
Endometrium,15,3,1,20.08.24,1,7,yes,yes,E1,5,3969.351804
Endometrium,15,3,1,20.08.24,1,7,yes,yes,E1,10,3980.169783
Endometrium,15,3,1,20.08.24,1,7,yes,yes,E1,20,4452.398538
Endometrium,15,3,1,20.08.24,1,7,yes,yes,E2,1,885.001225
Endometrium,15,3,1,20.08.24,1,7,yes,yes,E2,5,643.413806
Endometrium,15,3,1,20.08.24,1,7,yes,yes,E2,10,895.040266
Endometrium,15,3,1,20.08.24,1,7,yes,yes,E2,20,1656.38768
Endometrium,15,3,1,20.08.24,1,7,yes,yes,E2,1,165.151708
Endometrium,15,3,1,20.08.24,1,7,yes,yes,E2,5,1063.514365
Endometrium,15,3,1,20.08.24,1,7,yes,yes,E2,10,1429.889708
Endometrium,15,3,1,20.08.24,1,7,yes,yes,E2,20,2725.352047
Endometrium,15,3,1,20.08.24,1,7,yes,yes,E2,1,847.129545
Endometrium,15,3,1,20.08.24,1,7,yes,yes,E2,5,2047.985469
Endometrium,15,3,1,20.08.24,1,7,yes,yes,E2,10,2484.759107
Endometrium,15,3,1,20.08.24,1,7,yes,yes,E2,20,3345.806532
Endometrium,15,3,1,20.08.24,1,7,yes,yes,E2,1,313.343793
Endometrium,15,3,1,20.08.24,1,7,yes,yes,E2,5,77.72468
Endometrium,15,3,1,20.08.24,1,7,yes,yes,E2,10,724.937704
Endometrium,15,3,1,20.08.24,1,7,yes,yes,E2,20,1203.855253
Endometrium,15,3,1,20.08.24,1,7,yes,yes,E2,1,367.145185
Endometrium,15,3,1,20.08.24,1,7,yes,yes,E2,5,1072.641671
Endometrium,15,3,1,20.08.24,1,7,yes,yes,E2,10,1448.425844
Endometrium,15,3,1,20.08.24,1,7,yes,yes,E2,20,2561.993615
Endometrium,15,3,1,20.08.24,1,7,yes,yes,E2,1,242.06348
Endometrium,15,3,1,20.08.24,1,7,yes,yes,E2,5,570.038303
Endometrium,15,3,1,20.08.24,1,7,yes,yes,E2,10,591.479334
Endometrium,15,3,1,20.08.24,1,7,yes,yes,E2,20,1575.79115
Endometrium,15,3,1,20.08.24,1,7,yes,yes,E2,1,9.295216
Endometrium,15,3,1,20.08.24,1,7,yes,yes,E2,5,79.704995
Endometrium,15,3,1,20.08.24,1,7,yes,yes,E2,10,353.878081
Endometrium,15,3,1,20.08.24,1,7,yes,yes,E2,20,413.279884
Endometrium,15,3,2,20.08.24,1,7,yes,yes,E1,1,760.510969
Endometrium,15,3,2,20.08.24,1,7,yes,yes,E1,5,840.284791
Endometrium,15,3,2,20.08.24,1,7,yes,yes,E1,10,751.053109
Endometrium,15,3,2,20.08.24,1,7,yes,yes,E1,20,797.693446
Endometrium,15,3,2,20.08.24,1,7,yes,yes,E1,1,402.33761
Endometrium,15,3,2,20.08.24,1,7,yes,yes,E1,5,491.643264
Endometrium,15,3,2,20.08.24,1,7,yes,yes,E1,10,521.035039
Endometrium,15,3,2,20.08.24,1,7,yes,yes,E1,20,561.578603
Endometrium,15,3,2,20.08.24,1,7,yes,yes,E1,1,1261.15544
Endometrium,15,3,2,20.08.24,1,7,yes,yes,E1,5,1333.379663
Endometrium,15,3,2,20.08.24,1,7,yes,yes,E1,10,1392.401908
Endometrium,15,3,2,20.08.24,1,7,yes,yes,E1,20,1475.368459
Endometrium,15,3,2,20.08.24,1,7,yes,yes,E1,1,1905.855989
Endometrium,15,3,2,20.08.24,1,7,yes,yes,E1,5,2046.095459
Endometrium,15,3,2,20.08.24,1,7,yes,yes,E1,10,2092.273435
Endometrium,15,3,2,20.08.24,1,7,yes,yes,E1,20,2164.317311
Endometrium,15,3,2,20.08.24,1,7,yes,yes,E1,1,2583.780035
Endometrium,15,3,2,20.08.24,1,7,yes,yes,E1,5,2463.750822
Endometrium,15,3,2,20.08.24,1,7,yes,yes,E1,10,2660.831781
Endometrium,15,3,2,20.08.24,1,7,yes,yes,E1,20,2878.679143
Endometrium,15,3,2,20.08.24,1,7,yes,yes,E2,1,139.877283
Endometrium,15,3,2,20.08.24,1,7,yes,yes,E2,5,95.90095
Endometrium,15,3,2,20.08.24,1,7,yes,yes,E2,10,267.580353
Endometrium,15,3,2,20.08.24,1,7,yes,yes,E2,20,319.85042
Endometrium,15,3,2,20.08.24,1,7,yes,yes,E2,1,12.448133
Endometrium,15,3,2,20.08.24,1,7,yes,yes,E2,5,90.584957
Endometrium,15,3,2,20.08.24,1,7,yes,yes,E2,10,216.17384
Endometrium,15,3,2,20.08.24,1,7,yes,yes,E2,20,385.487492
Endometrium,15,3,2,20.08.24,1,7,yes,yes,E2,1,192.003826
Endometrium,15,3,2,20.08.24,1,7,yes,yes,E2,5,207.666895
Endometrium,15,3,2,20.08.24,1,7,yes,yes,E2,10,176.048887
Endometrium,15,3,2,20.08.24,1,7,yes,yes,E2,20,246.739658
Endometrium,15,3,2,20.08.24,1,7,yes,yes,E2,1,177.990048
Endometrium,15,3,2,20.08.24,1,7,yes,yes,E2,5,151.538772
Endometrium,15,3,2,20.08.24,1,7,yes,yes,E2,10,231.394826
Endometrium,15,3,2,20.08.24,1,7,yes,yes,E2,20,453.526761
Endometrium,15,3,2,20.08.24,1,7,yes,yes,E2,1,288.268773
Endometrium,15,3,2,20.08.24,1,7,yes,yes,E2,5,512.789305
Endometrium,15,3,2,20.08.24,1,7,yes,yes,E2,10,450.98973
Endometrium,15,3,2,20.08.24,1,7,yes,yes,E2,20,612.008852
Endometrium,15,3,3,20.08.24,1,7,yes,yes,E1,1,1496.48832
Endometrium,15,3,3,20.08.24,1,7,yes,yes,E1,5,1610.388069
Endometrium,15,3,3,20.08.24,1,7,yes,yes,E1,10,1649.636533
Endometrium,15,3,3,20.08.24,1,7,yes,yes,E1,20,1737.354224
Endometrium,15,3,3,20.08.24,1,7,yes,yes,E1,1,1609.699679
Endometrium,15,3,3,20.08.24,1,7,yes,yes,E1,5,1689.968035
Endometrium,15,3,3,20.08.24,1,7,yes,yes,E1,10,1744.160413
Endometrium,15,3,3,20.08.24,1,7,yes,yes,E1,20,1886.868701
Endometrium,15,3,3,20.08.24,1,7,yes,yes,E1,1,897.264899
Endometrium,15,3,3,20.08.24,1,7,yes,yes,E1,5,918.909617
Endometrium,15,3,3,20.08.24,1,7,yes,yes,E1,10,1015.649211
Endometrium,15,3,3,20.08.24,1,7,yes,yes,E1,20,1185.088841
Endometrium,15,3,3,20.08.24,1,7,yes,yes,E1,1,1414.808112
Endometrium,15,3,3,20.08.24,1,7,yes,yes,E1,5,1499.884505
Endometrium,15,3,3,20.08.24,1,7,yes,yes,E1,10,1565.074311
Endometrium,15,3,3,20.08.24,1,7,yes,yes,E1,20,1651.469602
Endometrium,15,3,3,20.08.24,1,7,yes,yes,E1,1,1363.814068
Endometrium,15,3,3,20.08.24,1,7,yes,yes,E1,5,1665.420397
Endometrium,15,3,3,20.08.24,1,7,yes,yes,E1,10,1775.371514
Endometrium,15,3,3,20.08.24,1,7,yes,yes,E1,20,2109.859824
Endometrium,15,3,3,20.08.24,1,7,yes,yes,E1,1,1339.052523
Endometrium,15,3,3,20.08.24,1,7,yes,yes,E1,5,1482.503287
Endometrium,15,3,3,20.08.24,1,7,yes,yes,E1,10,1412.840845
Endometrium,15,3,3,20.08.24,1,7,yes,yes,E1,20,1526.26817
Endometrium,15,3,3,20.08.24,1,7,yes,yes,E1,1,1160.976281
Endometrium,15,3,3,20.08.24,1,7,yes,yes,E1,5,1269.939451
Endometrium,15,3,3,20.08.24,1,7,yes,yes,E1,10,1277.781085
Endometrium,15,3,3,20.08.24,1,7,yes,yes,E1,20,1313.979764
Endometrium,15,3,3,20.08.24,1,7,yes,yes,E2,1,266.04695
Endometrium,15,3,3,20.08.24,1,7,yes,yes,E2,5,210.023686
Endometrium,15,3,3,20.08.24,1,7,yes,yes,E2,10,340.329594
Endometrium,15,3,3,20.08.24,1,7,yes,yes,E2,20,570.044867
Endometrium,15,3,3,20.08.24,1,7,yes,yes,E2,1,207.034835
Endometrium,15,3,3,20.08.24,1,7,yes,yes,E2,5,161.381897
Endometrium,15,3,3,20.08.24,1,7,yes,yes,E2,10,294.207074
Endometrium,15,3,3,20.08.24,1,7,yes,yes,E2,20,484.543343
Endometrium,15,3,3,20.08.24,1,7,yes,yes,E2,1,59.550712
Endometrium,15,3,3,20.08.24,1,7,yes,yes,E2,5,328.783143
Endometrium,15,3,3,20.08.24,1,7,yes,yes,E2,10,605.565329
Endometrium,15,3,3,20.08.24,1,7,yes,yes,E2,20,1192.589263
Endometrium,15,3,3,20.08.24,1,7,yes,yes,E2,1,57.325492
Endometrium,15,3,3,20.08.24,1,7,yes,yes,E2,5,216.96903
Endometrium,15,3,3,20.08.24,1,7,yes,yes,E2,10,299.264333
Endometrium,15,3,3,20.08.24,1,7,yes,yes,E2,20,493.364648
Endometrium,15,3,3,20.08.24,1,7,yes,yes,E2,1,568.583283
Endometrium,15,3,3,20.08.24,1,7,yes,yes,E2,5,403.001603
Endometrium,15,3,3,20.08.24,1,7,yes,yes,E2,10,637.790963
Endometrium,15,3,3,20.08.24,1,7,yes,yes,E2,20,1006.068683
Endometrium,15,3,3,20.08.24,1,7,yes,yes,E2,1,182.302451
Endometrium,15,3,3,20.08.24,1,7,yes,yes,E2,5,84.82308
Endometrium,15,3,3,20.08.24,1,7,yes,yes,E2,10,384.169703
Endometrium,15,3,3,20.08.24,1,7,yes,yes,E2,20,458.529369
Endometrium,15,3,3,20.08.24,1,7,yes,yes,E2,1,50.487346
Endometrium,15,3,3,20.08.24,1,7,yes,yes,E2,5,52.450977
Endometrium,15,3,3,20.08.24,1,7,yes,yes,E2,10,285.384713
Endometrium,15,3,3,20.08.24,1,7,yes,yes,E2,20,522.085304
Endometrium,16,4,1,23.08.24,1,-3,no,no,E1,1,9102.669437
Endometrium,16,4,1,23.08.24,1,-3,no,no,E1,5,10490.63111
Endometrium,16,4,1,23.08.24,1,-3,no,no,E1,10,9851.067454
Endometrium,16,4,1,23.08.24,1,-3,no,no,E1,20,11341.09574
Endometrium,16,4,1,23.08.24,1,-3,no,no,E1,1,1671.421021
Endometrium,16,4,1,23.08.24,1,-3,no,no,E1,5,1934.134814
Endometrium,16,4,1,23.08.24,1,-3,no,no,E1,10,1993.477126
Endometrium,16,4,1,23.08.24,1,-3,no,no,E1,20,2057.658323
Endometrium,16,4,1,23.08.24,1,-3,no,no,E1,1,1296.965604
Endometrium,16,4,1,23.08.24,1,-3,no,no,E1,5,1516.352692
Endometrium,16,4,1,23.08.24,1,-3,no,no,E1,10,1527.473689
Endometrium,16,4,1,23.08.24,1,-3,no,no,E1,20,1665.090359
Endometrium,16,4,1,23.08.24,1,-3,no,no,E1,1,1568.561136
Endometrium,16,4,1,23.08.24,1,-3,no,no,E1,5,1817.542717
Endometrium,16,4,1,23.08.24,1,-3,no,no,E1,10,1934.396717
Endometrium,16,4,1,23.08.24,1,-3,no,no,E1,20,2120.350313
Endometrium,16,4,1,23.08.24,1,-3,no,no,E1,1,1611.975634
Endometrium,16,4,1,23.08.24,1,-3,no,no,E1,5,1715.676632
Endometrium,16,4,1,23.08.24,1,-3,no,no,E1,10,1852.096907
Endometrium,16,4,1,23.08.24,1,-3,no,no,E1,20,1928.028095
Endometrium,16,4,1,23.08.24,1,-3,no,no,E1,1,1561.163465
Endometrium,16,4,1,23.08.24,1,-3,no,no,E1,5,1490.894011
Endometrium,16,4,1,23.08.24,1,-3,no,no,E1,10,1742.36912
Endometrium,16,4,1,23.08.24,1,-3,no,no,E1,20,1780.814219
Endometrium,16,4,1,23.08.24,1,-3,no,no,E2,1,3525.472656
Endometrium,16,4,1,23.08.24,1,-3,no,no,E2,5,979.308753
Endometrium,16,4,1,23.08.24,1,-3,no,no,E2,10,1318.544966
Endometrium,16,4,1,23.08.24,1,-3,no,no,E2,20,1878.365992
Endometrium,16,4,1,23.08.24,1,-3,no,no,E2,1,357.173257
Endometrium,16,4,1,23.08.24,1,-3,no,no,E2,5,219.975205
Endometrium,16,4,1,23.08.24,1,-3,no,no,E2,10,341.248898
Endometrium,16,4,1,23.08.24,1,-3,no,no,E2,20,284.724996
Endometrium,16,4,1,23.08.24,1,-3,no,no,E2,1,186.676468
Endometrium,16,4,1,23.08.24,1,-3,no,no,E2,5,262.185996
Endometrium,16,4,1,23.08.24,1,-3,no,no,E2,10,225.969402
Endometrium,16,4,1,23.08.24,1,-3,no,no,E2,20,378.801691
Endometrium,16,4,1,23.08.24,1,-3,no,no,E2,1,453.26749
Endometrium,16,4,1,23.08.24,1,-3,no,no,E2,5,135.931113
Endometrium,16,4,1,23.08.24,1,-3,no,no,E2,10,428.399613
Endometrium,16,4,1,23.08.24,1,-3,no,no,E2,20,378.49052
Endometrium,16,4,1,23.08.24,1,-3,no,no,E2,1,322.896936
Endometrium,16,4,1,23.08.24,1,-3,no,no,E2,5,108.564994
Endometrium,16,4,1,23.08.24,1,-3,no,no,E2,10,259.385541
Endometrium,16,4,1,23.08.24,1,-3,no,no,E2,20,329.416505
Endometrium,16,4,1,23.08.24,1,-3,no,no,E2,1,287.439368
Endometrium,16,4,1,23.08.24,1,-3,no,no,E2,5,537.578845
Endometrium,16,4,1,23.08.24,1,-3,no,no,E2,10,293.742594
Endometrium,16,4,1,23.08.24,1,-3,no,no,E2,20,411.205197
Endometrium,16,4,2,23.08.24,1,-3,no,no,E1,1,8725.849459
Endometrium,16,4,2,23.08.24,1,-3,no,no,E1,5,11631.42081
Endometrium,16,4,2,23.08.24,1,-3,no,no,E1,10,10464.38036
Endometrium,16,4,2,23.08.24,1,-3,no,no,E1,20,11215.80268
Endometrium,16,4,2,23.08.24,1,-3,no,no,E1,1,10074.33747
Endometrium,16,4,2,23.08.24,1,-3,no,no,E1,5,14453.43196
Endometrium,16,4,2,23.08.24,1,-3,no,no,E1,10,12836.19631
Endometrium,16,4,2,23.08.24,1,-3,no,no,E1,20,10900.79668
Endometrium,16,4,2,23.08.24,1,-3,no,no,E1,1,5585.058557
Endometrium,16,4,2,23.08.24,1,-3,no,no,E1,5,5701.981218
Endometrium,16,4,2,23.08.24,1,-3,no,no,E1,10,5962.685979
Endometrium,16,4,2,23.08.24,1,-3,no,no,E1,20,6125.851224
Endometrium,16,4,2,23.08.24,1,-3,no,no,E1,1,2221.997687
Endometrium,16,4,2,23.08.24,1,-3,no,no,E1,5,2508.56918
Endometrium,16,4,2,23.08.24,1,-3,no,no,E1,10,2523.406744
Endometrium,16,4,2,23.08.24,1,-3,no,no,E1,20,2697.075078
Endometrium,16,4,2,23.08.24,1,-3,no,no,E1,1,6935.694731
Endometrium,16,4,2,23.08.24,1,-3,no,no,E1,5,7495.999259
Endometrium,16,4,2,23.08.24,1,-3,no,no,E1,10,7441.368
Endometrium,16,4,2,23.08.24,1,-3,no,no,E1,20,7837.627519
Endometrium,16,4,2,23.08.24,1,-3,no,no,E1,1,4993.419627
Endometrium,16,4,2,23.08.24,1,-3,no,no,E1,5,6414.538749
Endometrium,16,4,2,23.08.24,1,-3,no,no,E1,10,5971.663806
Endometrium,16,4,2,23.08.24,1,-3,no,no,E1,20,6266.311176
Endometrium,16,4,2,23.08.24,1,-3,no,no,E1,1,5866.530219
Endometrium,16,4,2,23.08.24,1,-3,no,no,E1,5,5574.032941
Endometrium,16,4,2,23.08.24,1,-3,no,no,E1,10,5808.723372
Endometrium,16,4,2,23.08.24,1,-3,no,no,E1,20,6422.507482
Endometrium,16,4,2,23.08.24,1,-3,no,no,E1,1,6403.903268
Endometrium,16,4,2,23.08.24,1,-3,no,no,E1,5,7386.734265
Endometrium,16,4,2,23.08.24,1,-3,no,no,E1,10,8101.080647
Endometrium,16,4,2,23.08.24,1,-3,no,no,E1,20,9049.346946
Endometrium,16,4,2,23.08.24,1,-3,no,no,E1,1,11210.21592
Endometrium,16,4,2,23.08.24,1,-3,no,no,E1,5,16241.05828
Endometrium,16,4,2,23.08.24,1,-3,no,no,E1,10,12744.58917
Endometrium,16,4,2,23.08.24,1,-3,no,no,E1,20,11487.85036
Endometrium,16,4,2,23.08.24,1,-3,no,no,E1,1,7991.099442
Endometrium,16,4,2,23.08.24,1,-3,no,no,E1,5,8940.435971
Endometrium,16,4,2,23.08.24,1,-3,no,no,E1,10,8833.260878
Endometrium,16,4,2,23.08.24,1,-3,no,no,E1,20,8048.330028
Endometrium,16,4,2,23.08.24,1,-3,no,no,E1,1,5774.867799
Endometrium,16,4,2,23.08.24,1,-3,no,no,E1,5,5807.698268
Endometrium,16,4,2,23.08.24,1,-3,no,no,E1,10,6645.956318
Endometrium,16,4,2,23.08.24,1,-3,no,no,E1,20,6958.038713
Endometrium,16,4,2,23.08.24,1,-3,no,no,E2,1,3474.638394
Endometrium,16,4,2,23.08.24,1,-3,no,no,E2,5,2211.664205
Endometrium,16,4,2,23.08.24,1,-3,no,no,E2,10,1282.452044
Endometrium,16,4,2,23.08.24,1,-3,no,no,E2,20,2124.845066
Endometrium,16,4,2,23.08.24,1,-3,no,no,E2,1,7243.838728
Endometrium,16,4,2,23.08.24,1,-3,no,no,E2,5,3528.106343
Endometrium,16,4,2,23.08.24,1,-3,no,no,E2,10,6648.95432
Endometrium,16,4,2,23.08.24,1,-3,no,no,E2,20,7017.761702
Endometrium,16,4,2,23.08.24,1,-3,no,no,E2,1,377.579303
Endometrium,16,4,2,23.08.24,1,-3,no,no,E2,5,992.376548
Endometrium,16,4,2,23.08.24,1,-3,no,no,E2,10,614.676016
Endometrium,16,4,2,23.08.24,1,-3,no,no,E2,20,1405.014139
Endometrium,16,4,2,23.08.24,1,-3,no,no,E2,1,508.686165
Endometrium,16,4,2,23.08.24,1,-3,no,no,E2,5,754.901368
Endometrium,16,4,2,23.08.24,1,-3,no,no,E2,10,425.467747
Endometrium,16,4,2,23.08.24,1,-3,no,no,E2,20,733.181646
Endometrium,16,4,2,23.08.24,1,-3,no,no,E2,1,415.037106
Endometrium,16,4,2,23.08.24,1,-3,no,no,E2,5,730.372814
Endometrium,16,4,2,23.08.24,1,-3,no,no,E2,10,832.438703
Endometrium,16,4,2,23.08.24,1,-3,no,no,E2,20,1468.014754
Endometrium,16,4,2,23.08.24,1,-3,no,no,E2,1,1486.995421
Endometrium,16,4,2,23.08.24,1,-3,no,no,E2,5,794.853837
Endometrium,16,4,2,23.08.24,1,-3,no,no,E2,10,630.917983
Endometrium,16,4,2,23.08.24,1,-3,no,no,E2,20,810.466897
Endometrium,16,4,2,23.08.24,1,-3,no,no,E2,1,457.32454
Endometrium,16,4,2,23.08.24,1,-3,no,no,E2,5,518.487976
Endometrium,16,4,2,23.08.24,1,-3,no,no,E2,10,848.093173
Endometrium,16,4,2,23.08.24,1,-3,no,no,E2,20,1261.668898
Endometrium,16,4,2,23.08.24,1,-3,no,no,E2,1,2228.752023
Endometrium,16,4,2,23.08.24,1,-3,no,no,E2,5,2755.571811
Endometrium,16,4,2,23.08.24,1,-3,no,no,E2,10,2004.697628
Endometrium,16,4,2,23.08.24,1,-3,no,no,E2,20,2005.772208
Endometrium,16,4,2,23.08.24,1,-3,no,no,E2,1,10308.03113
Endometrium,16,4,2,23.08.24,1,-3,no,no,E2,5,8025.209299
Endometrium,16,4,2,23.08.24,1,-3,no,no,E2,10,8531.807796
Endometrium,16,4,2,23.08.24,1,-3,no,no,E2,20,8940.896336
Endometrium,16,4,2,23.08.24,1,-3,no,no,E2,1,6324.629261
Endometrium,16,4,2,23.08.24,1,-3,no,no,E2,5,6921.691084
Endometrium,16,4,2,23.08.24,1,-3,no,no,E2,10,6974.003524
Endometrium,16,4,2,23.08.24,1,-3,no,no,E2,20,7271.399469
Endometrium,16,4,2,23.08.24,1,-3,no,no,E2,1,567.608408
Endometrium,16,4,2,23.08.24,1,-3,no,no,E2,5,52.549946
Endometrium,16,4,2,23.08.24,1,-3,no,no,E2,10,832.639312
Endometrium,16,4,2,23.08.24,1,-3,no,no,E2,20,1226.732141
Endometrium,16,4,3,23.08.24,1,-3,no,no,E1,1,7794.403968
Endometrium,16,4,3,23.08.24,1,-3,no,no,E1,5,9228.260151
Endometrium,16,4,3,23.08.24,1,-3,no,no,E1,10,8977.847029
Endometrium,16,4,3,23.08.24,1,-3,no,no,E1,20,9953.515344
Endometrium,16,4,3,23.08.24,1,-3,no,no,E1,1,22694.54518
Endometrium,16,4,3,23.08.24,1,-3,no,no,E1,5,30118.06378
Endometrium,16,4,3,23.08.24,1,-3,no,no,E1,10,34021.38839
Endometrium,16,4,3,23.08.24,1,-3,no,no,E1,20,25908.26302
Endometrium,16,4,3,23.08.24,1,-3,no,no,E1,1,25758.73906
Endometrium,16,4,3,23.08.24,1,-3,no,no,E1,5,20819.22707
Endometrium,16,4,3,23.08.24,1,-3,no,no,E1,10,23008.60728
Endometrium,16,4,3,23.08.24,1,-3,no,no,E1,20,23574.25402
Endometrium,16,4,3,23.08.24,1,-3,no,no,E1,1,14212.50921
Endometrium,16,4,3,23.08.24,1,-3,no,no,E1,5,13857.08446
Endometrium,16,4,3,23.08.24,1,-3,no,no,E1,10,14314.6103
Endometrium,16,4,3,23.08.24,1,-3,no,no,E1,20,15854.80079
Endometrium,16,4,3,23.08.24,1,-3,no,no,E1,1,22378.57545
Endometrium,16,4,3,23.08.24,1,-3,no,no,E1,5,22656.30537
Endometrium,16,4,3,23.08.24,1,-3,no,no,E1,10,21600.63745
Endometrium,16,4,3,23.08.24,1,-3,no,no,E1,20,22561.47569
Endometrium,16,4,3,23.08.24,1,-3,no,no,E2,1,1245.399009
Endometrium,16,4,3,23.08.24,1,-3,no,no,E2,5,1099.658233
Endometrium,16,4,3,23.08.24,1,-3,no,no,E2,10,992.153363
Endometrium,16,4,3,23.08.24,1,-3,no,no,E2,20,1257.874561
Endometrium,16,4,3,23.08.24,1,-3,no,no,E2,1,10617.44249
Endometrium,16,4,3,23.08.24,1,-3,no,no,E2,5,9648.128911
Endometrium,16,4,3,23.08.24,1,-3,no,no,E2,10,13247.91181
Endometrium,16,4,3,23.08.24,1,-3,no,no,E2,20,12638.03756
Endometrium,16,4,3,23.08.24,1,-3,no,no,E2,1,5319.490616
Endometrium,16,4,3,23.08.24,1,-3,no,no,E2,5,10908.28525
Endometrium,16,4,3,23.08.24,1,-3,no,no,E2,10,7978.686864
Endometrium,16,4,3,23.08.24,1,-3,no,no,E2,20,9963.904296
Endometrium,16,4,3,23.08.24,1,-3,no,no,E2,1,3334.999218
Endometrium,16,4,3,23.08.24,1,-3,no,no,E2,5,1777.157201
Endometrium,16,4,3,23.08.24,1,-3,no,no,E2,10,2184.832628
Endometrium,16,4,3,23.08.24,1,-3,no,no,E2,20,4077.825359
Endometrium,16,4,3,23.08.24,1,-3,no,no,E2,1,4441.543181
Endometrium,16,4,3,23.08.24,1,-3,no,no,E2,5,2941.133076
Endometrium,16,4,3,23.08.24,1,-3,no,no,E2,10,4165.499783
Endometrium,16,4,3,23.08.24,1,-3,no,no,E2,20,4147.467936
Endometrium,16,4,1,23.08.24,1,-3,yes,no,E1,1,1230.544963
Endometrium,16,4,1,23.08.24,1,-3,yes,no,E1,5,1454.990608
Endometrium,16,4,1,23.08.24,1,-3,yes,no,E1,10,1473.214923
Endometrium,16,4,1,23.08.24,1,-3,yes,no,E1,20,1579.253757
Endometrium,16,4,1,23.08.24,1,-3,yes,no,E1,1,907.932552
Endometrium,16,4,1,23.08.24,1,-3,yes,no,E1,5,966.247848
Endometrium,16,4,1,23.08.24,1,-3,yes,no,E1,10,1127.229175
Endometrium,16,4,1,23.08.24,1,-3,yes,no,E1,20,1172.674912
Endometrium,16,4,1,23.08.24,1,-3,yes,no,E1,1,857.421005
Endometrium,16,4,1,23.08.24,1,-3,yes,no,E1,5,1027.27121
Endometrium,16,4,1,23.08.24,1,-3,yes,no,E1,10,1038.908569
Endometrium,16,4,1,23.08.24,1,-3,yes,no,E1,20,1145.613471
Endometrium,16,4,1,23.08.24,1,-3,yes,no,E1,1,1643.625788
Endometrium,16,4,1,23.08.24,1,-3,yes,no,E1,5,1837.329487
Endometrium,16,4,1,23.08.24,1,-3,yes,no,E1,10,1821.279851
Endometrium,16,4,1,23.08.24,1,-3,yes,no,E1,20,1819.4745
Endometrium,16,4,1,23.08.24,1,-3,yes,no,E1,1,739.394894
Endometrium,16,4,1,23.08.24,1,-3,yes,no,E1,5,846.475785
Endometrium,16,4,1,23.08.24,1,-3,yes,no,E1,10,866.6289
Endometrium,16,4,1,23.08.24,1,-3,yes,no,E1,20,927.342962
Endometrium,16,4,1,23.08.24,1,-3,yes,no,E1,1,1437.975313
Endometrium,16,4,1,23.08.24,1,-3,yes,no,E1,5,1556.033776
Endometrium,16,4,1,23.08.24,1,-3,yes,no,E1,10,1672.811761
Endometrium,16,4,1,23.08.24,1,-3,yes,no,E1,20,1747.116902
Endometrium,16,4,1,23.08.24,1,-3,yes,no,E1,1,1755.842841
Endometrium,16,4,1,23.08.24,1,-3,yes,no,E1,5,1789.815272
Endometrium,16,4,1,23.08.24,1,-3,yes,no,E1,10,1985.600813
Endometrium,16,4,1,23.08.24,1,-3,yes,no,E1,20,2162.005411
Endometrium,16,4,1,23.08.24,1,-3,yes,no,E1,1,4711.30943
Endometrium,16,4,1,23.08.24,1,-3,yes,no,E1,5,5030.744327
Endometrium,16,4,1,23.08.24,1,-3,yes,no,E1,10,5095.439948
Endometrium,16,4,1,23.08.24,1,-3,yes,no,E1,20,5353.895369
Endometrium,16,4,1,23.08.24,1,-3,yes,no,E1,1,528.465079
Endometrium,16,4,1,23.08.24,1,-3,yes,no,E1,5,644.916469
Endometrium,16,4,1,23.08.24,1,-3,yes,no,E1,10,637.572274
Endometrium,16,4,1,23.08.24,1,-3,yes,no,E1,20,622.189619
Endometrium,16,4,1,23.08.24,1,-3,yes,no,E1,1,4042.270098
Endometrium,16,4,1,23.08.24,1,-3,yes,no,E1,5,4048.438242
Endometrium,16,4,1,23.08.24,1,-3,yes,no,E1,10,4368.772533
Endometrium,16,4,1,23.08.24,1,-3,yes,no,E1,20,4926.52951
Endometrium,16,4,1,23.08.24,1,-3,yes,no,E2,1,149.550248
Endometrium,16,4,1,23.08.24,1,-3,yes,no,E2,5,482.114567
Endometrium,16,4,1,23.08.24,1,-3,yes,no,E2,10,271.539272
Endometrium,16,4,1,23.08.24,1,-3,yes,no,E2,20,320.784951
Endometrium,16,4,1,23.08.24,1,-3,yes,no,E2,1,120.337916
Endometrium,16,4,1,23.08.24,1,-3,yes,no,E2,5,112.006263
Endometrium,16,4,1,23.08.24,1,-3,yes,no,E2,10,180.932943
Endometrium,16,4,1,23.08.24,1,-3,yes,no,E2,20,302.360029
Endometrium,16,4,1,23.08.24,1,-3,yes,no,E2,1,200.345559
Endometrium,16,4,1,23.08.24,1,-3,yes,no,E2,5,120.759065
Endometrium,16,4,1,23.08.24,1,-3,yes,no,E2,10,192.502042
Endometrium,16,4,1,23.08.24,1,-3,yes,no,E2,20,301.242475
Endometrium,16,4,1,23.08.24,1,-3,yes,no,E2,1,235.116934
Endometrium,16,4,1,23.08.24,1,-3,yes,no,E2,5,176.746624
Endometrium,16,4,1,23.08.24,1,-3,yes,no,E2,10,364.363319
Endometrium,16,4,1,23.08.24,1,-3,yes,no,E2,20,303.017524
Endometrium,16,4,1,23.08.24,1,-3,yes,no,E2,1,57.445809
Endometrium,16,4,1,23.08.24,1,-3,yes,no,E2,5,115.95815
Endometrium,16,4,1,23.08.24,1,-3,yes,no,E2,10,150.396837
Endometrium,16,4,1,23.08.24,1,-3,yes,no,E2,20,230.483223
Endometrium,16,4,1,23.08.24,1,-3,yes,no,E2,1,105.982184
Endometrium,16,4,1,23.08.24,1,-3,yes,no,E2,5,110.598268
Endometrium,16,4,1,23.08.24,1,-3,yes,no,E2,10,247.262678
Endometrium,16,4,1,23.08.24,1,-3,yes,no,E2,20,450.974565
Endometrium,16,4,1,23.08.24,1,-3,yes,no,E2,1,8.214845
Endometrium,16,4,1,23.08.24,1,-3,yes,no,E2,5,223.42317
Endometrium,16,4,1,23.08.24,1,-3,yes,no,E2,10,233.539191
Endometrium,16,4,1,23.08.24,1,-3,yes,no,E2,20,471.697121
Endometrium,16,4,1,23.08.24,1,-3,yes,no,E2,1,12.839984
Endometrium,16,4,1,23.08.24,1,-3,yes,no,E2,5,412.789488
Endometrium,16,4,1,23.08.24,1,-3,yes,no,E2,10,311.79867
Endometrium,16,4,1,23.08.24,1,-3,yes,no,E2,20,1313.062158
Endometrium,16,4,1,23.08.24,1,-3,yes,no,E2,1,211.120494
Endometrium,16,4,1,23.08.24,1,-3,yes,no,E2,5,80.960856
Endometrium,16,4,1,23.08.24,1,-3,yes,no,E2,10,165.810497
Endometrium,16,4,1,23.08.24,1,-3,yes,no,E2,20,288.251177
Endometrium,16,4,1,23.08.24,1,-3,yes,no,E2,1,408.800308
Endometrium,16,4,1,23.08.24,1,-3,yes,no,E2,5,306.049286
Endometrium,16,4,1,23.08.24,1,-3,yes,no,E2,10,469.012119
Endometrium,16,4,1,23.08.24,1,-3,yes,no,E2,20,451.869715
Endometrium,16,4,2,23.08.24,1,-3,yes,no,E1,1,12216.51864
Endometrium,16,4,2,23.08.24,1,-3,yes,no,E1,5,10600.43448
Endometrium,16,4,2,23.08.24,1,-3,yes,no,E1,10,11117.2124
Endometrium,16,4,2,23.08.24,1,-3,yes,no,E1,20,10905.52498
Endometrium,16,4,2,23.08.24,1,-3,yes,no,E1,1,5145.111828
Endometrium,16,4,2,23.08.24,1,-3,yes,no,E1,5,5281.249969
Endometrium,16,4,2,23.08.24,1,-3,yes,no,E1,10,5979.646568
Endometrium,16,4,2,23.08.24,1,-3,yes,no,E1,20,6467.235003
Endometrium,16,4,2,23.08.24,1,-3,yes,no,E1,1,6038.948588
Endometrium,16,4,2,23.08.24,1,-3,yes,no,E1,5,6092.44212
Endometrium,16,4,2,23.08.24,1,-3,yes,no,E1,10,6246.113309
Endometrium,16,4,2,23.08.24,1,-3,yes,no,E1,20,7097.803034
Endometrium,16,4,2,23.08.24,1,-3,yes,no,E1,1,10853.64526
Endometrium,16,4,2,23.08.24,1,-3,yes,no,E1,5,10599.07022
Endometrium,16,4,2,23.08.24,1,-3,yes,no,E1,10,12744.86543
Endometrium,16,4,2,23.08.24,1,-3,yes,no,E1,20,14340.17975
Endometrium,16,4,2,23.08.24,1,-3,yes,no,E1,1,11715.52233
Endometrium,16,4,2,23.08.24,1,-3,yes,no,E1,5,12469.44011
Endometrium,16,4,2,23.08.24,1,-3,yes,no,E1,10,12571.89413
Endometrium,16,4,2,23.08.24,1,-3,yes,no,E1,20,14056.72896
Endometrium,16,4,2,23.08.24,1,-3,yes,no,E1,1,7299.02943
Endometrium,16,4,2,23.08.24,1,-3,yes,no,E1,5,7761.404997
Endometrium,16,4,2,23.08.24,1,-3,yes,no,E1,10,8111.758262
Endometrium,16,4,2,23.08.24,1,-3,yes,no,E1,20,8753.664847
Endometrium,16,4,2,23.08.24,1,-3,yes,no,E1,1,5733.512587
Endometrium,16,4,2,23.08.24,1,-3,yes,no,E1,5,7367.113272
Endometrium,16,4,2,23.08.24,1,-3,yes,no,E1,10,8394.909783
Endometrium,16,4,2,23.08.24,1,-3,yes,no,E1,20,8853.210615
Endometrium,16,4,2,23.08.24,1,-3,yes,no,E1,1,8889.999946
Endometrium,16,4,2,23.08.24,1,-3,yes,no,E1,5,8347.89499
Endometrium,16,4,2,23.08.24,1,-3,yes,no,E1,10,10029.44529
Endometrium,16,4,2,23.08.24,1,-3,yes,no,E1,20,10480.37463
Endometrium,16,4,2,23.08.24,1,-3,yes,no,E2,1,942.880645
Endometrium,16,4,2,23.08.24,1,-3,yes,no,E2,5,3680.495524
Endometrium,16,4,2,23.08.24,1,-3,yes,no,E2,10,3291.973169
Endometrium,16,4,2,23.08.24,1,-3,yes,no,E2,20,3556.172008
Endometrium,16,4,2,23.08.24,1,-3,yes,no,E2,1,1962.646968
Endometrium,16,4,2,23.08.24,1,-3,yes,no,E2,5,1960.660568
Endometrium,16,4,2,23.08.24,1,-3,yes,no,E2,10,729.617226
Endometrium,16,4,2,23.08.24,1,-3,yes,no,E2,20,1452.334034
Endometrium,16,4,2,23.08.24,1,-3,yes,no,E2,1,565.5097
Endometrium,16,4,2,23.08.24,1,-3,yes,no,E2,5,1203.153609
Endometrium,16,4,2,23.08.24,1,-3,yes,no,E2,10,699.365666
Endometrium,16,4,2,23.08.24,1,-3,yes,no,E2,20,1200.905975
Endometrium,16,4,2,23.08.24,1,-3,yes,no,E2,1,1844.925953
Endometrium,16,4,2,23.08.24,1,-3,yes,no,E2,5,6102.752615
Endometrium,16,4,2,23.08.24,1,-3,yes,no,E2,10,2217.524355
Endometrium,16,4,2,23.08.24,1,-3,yes,no,E2,20,4397.767119
Endometrium,16,4,2,23.08.24,1,-3,yes,no,E2,1,2605.775863
Endometrium,16,4,2,23.08.24,1,-3,yes,no,E2,5,873.962825
Endometrium,16,4,2,23.08.24,1,-3,yes,no,E2,10,2287.294804
Endometrium,16,4,2,23.08.24,1,-3,yes,no,E2,20,3292.639741
Endometrium,16,4,2,23.08.24,1,-3,yes,no,E2,1,1016.224862
Endometrium,16,4,2,23.08.24,1,-3,yes,no,E2,5,1191.691941
Endometrium,16,4,2,23.08.24,1,-3,yes,no,E2,10,1106.404273
Endometrium,16,4,2,23.08.24,1,-3,yes,no,E2,20,1098.41145
Endometrium,16,4,2,23.08.24,1,-3,yes,no,E2,1,1897.765672
Endometrium,16,4,2,23.08.24,1,-3,yes,no,E2,5,1118.895386
Endometrium,16,4,2,23.08.24,1,-3,yes,no,E2,10,1329.665685
Endometrium,16,4,2,23.08.24,1,-3,yes,no,E2,20,2176.223312
Endometrium,16,4,2,23.08.24,1,-3,yes,no,E2,1,653.547865
Endometrium,16,4,2,23.08.24,1,-3,yes,no,E2,5,2274.821827
Endometrium,16,4,2,23.08.24,1,-3,yes,no,E2,10,932.793521
Endometrium,16,4,2,23.08.24,1,-3,yes,no,E2,20,2366.0441
Endometrium,16,4,3,23.08.24,1,-3,yes,no,E1,1,11746.10961
Endometrium,16,4,3,23.08.24,1,-3,yes,no,E1,5,11475.56991
Endometrium,16,4,3,23.08.24,1,-3,yes,no,E1,10,12696.30836
Endometrium,16,4,3,23.08.24,1,-3,yes,no,E1,20,13372.14121
Endometrium,16,4,3,23.08.24,1,-3,yes,no,E1,1,4471.606097
Endometrium,16,4,3,23.08.24,1,-3,yes,no,E1,5,4527.63971
Endometrium,16,4,3,23.08.24,1,-3,yes,no,E1,10,4942.998257
Endometrium,16,4,3,23.08.24,1,-3,yes,no,E1,20,5704.514192
Endometrium,16,4,3,23.08.24,1,-3,yes,no,E1,1,10831.65993
Endometrium,16,4,3,23.08.24,1,-3,yes,no,E1,5,12309.49732
Endometrium,16,4,3,23.08.24,1,-3,yes,no,E1,10,12263.23004
Endometrium,16,4,3,23.08.24,1,-3,yes,no,E1,20,12754.91875
Endometrium,16,4,3,23.08.24,1,-3,yes,no,E1,1,11075.98711
Endometrium,16,4,3,23.08.24,1,-3,yes,no,E1,5,10970.80253
Endometrium,16,4,3,23.08.24,1,-3,yes,no,E1,10,13147.088
Endometrium,16,4,3,23.08.24,1,-3,yes,no,E1,20,15555.8211
Endometrium,16,4,3,23.08.24,1,-3,yes,no,E1,1,11874.51561
Endometrium,16,4,3,23.08.24,1,-3,yes,no,E1,5,12124.91941
Endometrium,16,4,3,23.08.24,1,-3,yes,no,E1,10,13914.19546
Endometrium,16,4,3,23.08.24,1,-3,yes,no,E1,20,15338.64075
Endometrium,16,4,3,23.08.24,1,-3,yes,no,E1,1,5941.837376
Endometrium,16,4,3,23.08.24,1,-3,yes,no,E1,5,6060.961818
Endometrium,16,4,3,23.08.24,1,-3,yes,no,E1,10,6378.870046
Endometrium,16,4,3,23.08.24,1,-3,yes,no,E1,20,7290.737471
Endometrium,16,4,3,23.08.24,1,-3,yes,no,E1,1,8812.245936
Endometrium,16,4,3,23.08.24,1,-3,yes,no,E1,5,9096.468529
Endometrium,16,4,3,23.08.24,1,-3,yes,no,E1,10,10517.71111
Endometrium,16,4,3,23.08.24,1,-3,yes,no,E1,20,12483.35258
Endometrium,16,4,3,23.08.24,1,-3,yes,no,E1,1,8849.245764
Endometrium,16,4,3,23.08.24,1,-3,yes,no,E1,5,8988.811972
Endometrium,16,4,3,23.08.24,1,-3,yes,no,E1,10,9168.31966
Endometrium,16,4,3,23.08.24,1,-3,yes,no,E1,20,10629.59514
Endometrium,16,4,3,23.08.24,1,-3,yes,no,E1,1,10011.64071
Endometrium,16,4,3,23.08.24,1,-3,yes,no,E1,5,11061.02554
Endometrium,16,4,3,23.08.24,1,-3,yes,no,E1,10,11486.05083
Endometrium,16,4,3,23.08.24,1,-3,yes,no,E1,20,12232.31111
Endometrium,16,4,3,23.08.24,1,-3,yes,no,E1,1,3062.134587
Endometrium,16,4,3,23.08.24,1,-3,yes,no,E1,5,2781.932174
Endometrium,16,4,3,23.08.24,1,-3,yes,no,E1,10,3392.417254
Endometrium,16,4,3,23.08.24,1,-3,yes,no,E1,20,3509.820252
Endometrium,16,4,3,23.08.24,1,-3,yes,no,E2,1,2487.159132
Endometrium,16,4,3,23.08.24,1,-3,yes,no,E2,5,749.89716
Endometrium,16,4,3,23.08.24,1,-3,yes,no,E2,10,2077.533491
Endometrium,16,4,3,23.08.24,1,-3,yes,no,E2,20,4189.871827
Endometrium,16,4,3,23.08.24,1,-3,yes,no,E2,1,850.800085
Endometrium,16,4,3,23.08.24,1,-3,yes,no,E2,5,2219.617343
Endometrium,16,4,3,23.08.24,1,-3,yes,no,E2,10,3095.306419
Endometrium,16,4,3,23.08.24,1,-3,yes,no,E2,20,6140.105599
Endometrium,16,4,3,23.08.24,1,-3,yes,no,E2,1,2339.360278
Endometrium,16,4,3,23.08.24,1,-3,yes,no,E2,5,1393.784675
Endometrium,16,4,3,23.08.24,1,-3,yes,no,E2,10,2142.902144
Endometrium,16,4,3,23.08.24,1,-3,yes,no,E2,20,4201.976482
Endometrium,16,4,3,23.08.24,1,-3,yes,no,E2,1,1691.52365
Endometrium,16,4,3,23.08.24,1,-3,yes,no,E2,5,770.60841
Endometrium,16,4,3,23.08.24,1,-3,yes,no,E2,10,1719.728507
Endometrium,16,4,3,23.08.24,1,-3,yes,no,E2,20,2056.282366
Endometrium,16,4,3,23.08.24,1,-3,yes,no,E2,1,2013.724699
Endometrium,16,4,3,23.08.24,1,-3,yes,no,E2,5,3573.023542
Endometrium,16,4,3,23.08.24,1,-3,yes,no,E2,10,1853.16145
Endometrium,16,4,3,23.08.24,1,-3,yes,no,E2,20,3027.744825
Endometrium,16,4,3,23.08.24,1,-3,yes,no,E2,1,420.400736
Endometrium,16,4,3,23.08.24,1,-3,yes,no,E2,5,913.525826
Endometrium,16,4,3,23.08.24,1,-3,yes,no,E2,10,1093.175047
Endometrium,16,4,3,23.08.24,1,-3,yes,no,E2,20,959.187397
Endometrium,16,4,3,23.08.24,1,-3,yes,no,E2,1,168.427187
Endometrium,16,4,3,23.08.24,1,-3,yes,no,E2,5,660.1054
Endometrium,16,4,3,23.08.24,1,-3,yes,no,E2,10,1218.465533
Endometrium,16,4,3,23.08.24,1,-3,yes,no,E2,20,1868.398808
Endometrium,16,4,3,23.08.24,1,-3,yes,no,E2,1,209.78012
Endometrium,16,4,3,23.08.24,1,-3,yes,no,E2,5,1523.307499
Endometrium,16,4,3,23.08.24,1,-3,yes,no,E2,10,1101.947164
Endometrium,16,4,3,23.08.24,1,-3,yes,no,E2,20,2461.203968
Endometrium,16,4,3,23.08.24,1,-3,yes,no,E2,1,2099.673766
Endometrium,16,4,3,23.08.24,1,-3,yes,no,E2,5,700.066653
Endometrium,16,4,3,23.08.24,1,-3,yes,no,E2,10,1758.616619
Endometrium,16,4,3,23.08.24,1,-3,yes,no,E2,20,3035.5638
Endometrium,16,4,3,23.08.24,1,-3,yes,no,E2,1,189.926319
Endometrium,16,4,3,23.08.24,1,-3,yes,no,E2,5,352.505425
Endometrium,16,4,3,23.08.24,1,-3,yes,no,E2,10,769.740444
Endometrium,16,4,3,23.08.24,1,-3,yes,no,E2,20,1377.59422
Endometrium,16,4,1,27.08.24,1,1,no,no,E1,1,15570.78226
Endometrium,16,4,1,27.08.24,1,1,no,no,E1,5,15387.29465
Endometrium,16,4,1,27.08.24,1,1,no,no,E1,10,14629.34707
Endometrium,16,4,1,27.08.24,1,1,no,no,E1,20,11774.21699
Endometrium,16,4,1,27.08.24,1,1,no,no,E1,1,6059.688483
Endometrium,16,4,1,27.08.24,1,1,no,no,E1,5,6481.228199
Endometrium,16,4,1,27.08.24,1,1,no,no,E1,10,6853.924872
Endometrium,16,4,1,27.08.24,1,1,no,no,E1,20,7793.613899
Endometrium,16,4,1,27.08.24,1,1,no,no,E1,1,4333.767033
Endometrium,16,4,1,27.08.24,1,1,no,no,E1,5,4167.022474
Endometrium,16,4,1,27.08.24,1,1,no,no,E1,10,4621.761697
Endometrium,16,4,1,27.08.24,1,1,no,no,E1,20,5263.550961
Endometrium,16,4,1,27.08.24,1,1,no,no,E1,1,4762.056541
Endometrium,16,4,1,27.08.24,1,1,no,no,E1,5,5244.017262
Endometrium,16,4,1,27.08.24,1,1,no,no,E1,10,5424.452271
Endometrium,16,4,1,27.08.24,1,1,no,no,E1,20,5952.495115
Endometrium,16,4,1,27.08.24,1,1,no,no,E1,1,2279.392679
Endometrium,16,4,1,27.08.24,1,1,no,no,E1,5,2250.065079
Endometrium,16,4,1,27.08.24,1,1,no,no,E1,10,2382.647878
Endometrium,16,4,1,27.08.24,1,1,no,no,E1,20,2596.141194
Endometrium,16,4,1,27.08.24,1,1,no,no,E1,1,5622.793406
Endometrium,16,4,1,27.08.24,1,1,no,no,E1,5,6339.357751
Endometrium,16,4,1,27.08.24,1,1,no,no,E1,10,6661.175752
Endometrium,16,4,1,27.08.24,1,1,no,no,E1,20,7599.397515
Endometrium,16,4,1,27.08.24,1,1,no,no,E1,1,3717.650796
Endometrium,16,4,1,27.08.24,1,1,no,no,E1,5,4429.46082
Endometrium,16,4,1,27.08.24,1,1,no,no,E1,10,4729.299272
Endometrium,16,4,1,27.08.24,1,1,no,no,E1,20,5333.355416
Endometrium,16,4,1,27.08.24,1,1,no,no,E1,1,4185.042616
Endometrium,16,4,1,27.08.24,1,1,no,no,E1,5,4678.056921
Endometrium,16,4,1,27.08.24,1,1,no,no,E1,10,4755.541868
Endometrium,16,4,1,27.08.24,1,1,no,no,E1,20,5328.526814
Endometrium,16,4,1,27.08.24,1,1,no,no,E1,1,2463.196408
Endometrium,16,4,1,27.08.24,1,1,no,no,E1,5,2213.410547
Endometrium,16,4,1,27.08.24,1,1,no,no,E1,10,2674.138193
Endometrium,16,4,1,27.08.24,1,1,no,no,E1,20,2999.402569
Endometrium,16,4,1,27.08.24,1,1,no,no,E2,1,4357.822529
Endometrium,16,4,1,27.08.24,1,1,no,no,E2,5,4779.04519
Endometrium,16,4,1,27.08.24,1,1,no,no,E2,10,6334.474232
Endometrium,16,4,1,27.08.24,1,1,no,no,E2,20,6164.569081
Endometrium,16,4,1,27.08.24,1,1,no,no,E2,1,202.345314
Endometrium,16,4,1,27.08.24,1,1,no,no,E2,5,484.040386
Endometrium,16,4,1,27.08.24,1,1,no,no,E2,10,959.849713
Endometrium,16,4,1,27.08.24,1,1,no,no,E2,20,950.684216
Endometrium,16,4,1,27.08.24,1,1,no,no,E2,1,185.763552
Endometrium,16,4,1,27.08.24,1,1,no,no,E2,5,239.612576
Endometrium,16,4,1,27.08.24,1,1,no,no,E2,10,480.823407
Endometrium,16,4,1,27.08.24,1,1,no,no,E2,20,358.852109
Endometrium,16,4,1,27.08.24,1,1,no,no,E2,1,460.788302
Endometrium,16,4,1,27.08.24,1,1,no,no,E2,5,580.291716
Endometrium,16,4,1,27.08.24,1,1,no,no,E2,10,602.807109
Endometrium,16,4,1,27.08.24,1,1,no,no,E2,20,1261.475526
Endometrium,16,4,1,27.08.24,1,1,no,no,E2,1,337.772544
Endometrium,16,4,1,27.08.24,1,1,no,no,E2,5,216.792006
Endometrium,16,4,1,27.08.24,1,1,no,no,E2,10,354.978267
Endometrium,16,4,1,27.08.24,1,1,no,no,E2,20,380.444447
Endometrium,16,4,1,27.08.24,1,1,no,no,E2,1,1178.39795
Endometrium,16,4,1,27.08.24,1,1,no,no,E2,5,827.296405
Endometrium,16,4,1,27.08.24,1,1,no,no,E2,10,462.200359
Endometrium,16,4,1,27.08.24,1,1,no,no,E2,20,1140.677035
Endometrium,16,4,1,27.08.24,1,1,no,no,E2,1,1405.121895
Endometrium,16,4,1,27.08.24,1,1,no,no,E2,5,93.001374
Endometrium,16,4,1,27.08.24,1,1,no,no,E2,10,477.23246
Endometrium,16,4,1,27.08.24,1,1,no,no,E2,20,573.618542
Endometrium,16,4,1,27.08.24,1,1,no,no,E2,1,440.095962
Endometrium,16,4,1,27.08.24,1,1,no,no,E2,5,1647.596064
Endometrium,16,4,1,27.08.24,1,1,no,no,E2,10,789.279306
Endometrium,16,4,1,27.08.24,1,1,no,no,E2,20,728.466509
Endometrium,16,4,1,27.08.24,1,1,no,no,E2,1,175.08898
Endometrium,16,4,1,27.08.24,1,1,no,no,E2,5,1406.972958
Endometrium,16,4,1,27.08.24,1,1,no,no,E2,10,1233.245924
Endometrium,16,4,1,27.08.24,1,1,no,no,E2,20,1783.719015
Endometrium,16,4,2,27.08.24,1,1,no,no,E1,1,2712.078696
Endometrium,16,4,2,27.08.24,1,1,no,no,E1,5,3027.471858
Endometrium,16,4,2,27.08.24,1,1,no,no,E1,10,3142.753444
Endometrium,16,4,2,27.08.24,1,1,no,no,E1,20,3414.167233
Endometrium,16,4,2,27.08.24,1,1,no,no,E1,1,2711.853753
Endometrium,16,4,2,27.08.24,1,1,no,no,E1,5,2749.971554
Endometrium,16,4,2,27.08.24,1,1,no,no,E1,10,2859.930853
Endometrium,16,4,2,27.08.24,1,1,no,no,E1,20,3304.196472
Endometrium,16,4,2,27.08.24,1,1,no,no,E1,1,3593.441296
Endometrium,16,4,2,27.08.24,1,1,no,no,E1,5,4196.078454
Endometrium,16,4,2,27.08.24,1,1,no,no,E1,10,4186.533318
Endometrium,16,4,2,27.08.24,1,1,no,no,E1,20,4528.12796
Endometrium,16,4,2,27.08.24,1,1,no,no,E1,1,1020.935205
Endometrium,16,4,2,27.08.24,1,1,no,no,E1,5,1240.133229
Endometrium,16,4,2,27.08.24,1,1,no,no,E1,10,1330.442834
Endometrium,16,4,2,27.08.24,1,1,no,no,E1,20,1434.082429
Endometrium,16,4,2,27.08.24,1,1,no,no,E1,1,8306.409946
Endometrium,16,4,2,27.08.24,1,1,no,no,E1,5,9786.999586
Endometrium,16,4,2,27.08.24,1,1,no,no,E1,10,10768.12623
Endometrium,16,4,2,27.08.24,1,1,no,no,E1,20,12451.97401
Endometrium,16,4,2,27.08.24,1,1,no,no,E1,1,6252.865273
Endometrium,16,4,2,27.08.24,1,1,no,no,E1,5,6109.711237
Endometrium,16,4,2,27.08.24,1,1,no,no,E1,10,6640.307184
Endometrium,16,4,2,27.08.24,1,1,no,no,E1,20,7843.641148
Endometrium,16,4,2,27.08.24,1,1,no,no,E1,1,12247.64412
Endometrium,16,4,2,27.08.24,1,1,no,no,E1,5,14588.26756
Endometrium,16,4,2,27.08.24,1,1,no,no,E1,10,9319.526399
Endometrium,16,4,2,27.08.24,1,1,no,no,E1,20,11589.39767
Endometrium,16,4,2,27.08.24,1,1,no,no,E1,1,18771.69785
Endometrium,16,4,2,27.08.24,1,1,no,no,E1,5,17376.92283
Endometrium,16,4,2,27.08.24,1,1,no,no,E1,10,19342.12416
Endometrium,16,4,2,27.08.24,1,1,no,no,E1,20,15863.35552
Endometrium,16,4,2,27.08.24,1,1,no,no,E1,1,12340.35786
Endometrium,16,4,2,27.08.24,1,1,no,no,E1,5,11723.44201
Endometrium,16,4,2,27.08.24,1,1,no,no,E1,10,11259.33047
Endometrium,16,4,2,27.08.24,1,1,no,no,E1,20,9776.894257
Endometrium,16,4,2,27.08.24,1,1,no,no,E1,1,14668.85174
Endometrium,16,4,2,27.08.24,1,1,no,no,E1,5,19585.22641
Endometrium,16,4,2,27.08.24,1,1,no,no,E1,10,17437.16418
Endometrium,16,4,2,27.08.24,1,1,no,no,E1,20,11992.064
Endometrium,16,4,2,27.08.24,1,1,no,no,E1,1,10232.57964
Endometrium,16,4,2,27.08.24,1,1,no,no,E1,5,9546.360753
Endometrium,16,4,2,27.08.24,1,1,no,no,E1,10,10169.59515
Endometrium,16,4,2,27.08.24,1,1,no,no,E1,20,10425.64101
Endometrium,16,4,2,27.08.24,1,1,no,no,E1,1,12750.22173
Endometrium,16,4,2,27.08.24,1,1,no,no,E1,5,17539.75014
Endometrium,16,4,2,27.08.24,1,1,no,no,E1,10,15503.86877
Endometrium,16,4,2,27.08.24,1,1,no,no,E1,20,16635.81739
Endometrium,16,4,2,27.08.24,1,1,no,no,E1,1,21545.62104
Endometrium,16,4,2,27.08.24,1,1,no,no,E1,5,21065.66594
Endometrium,16,4,2,27.08.24,1,1,no,no,E1,10,24587.17488
Endometrium,16,4,2,27.08.24,1,1,no,no,E1,20,27929.4338
Endometrium,16,4,2,27.08.24,1,1,no,no,E1,1,15581.19585
Endometrium,16,4,2,27.08.24,1,1,no,no,E1,5,14379.47671
Endometrium,16,4,2,27.08.24,1,1,no,no,E1,10,14914.6115
Endometrium,16,4,2,27.08.24,1,1,no,no,E1,20,16759.41275
Endometrium,16,4,2,27.08.24,1,1,no,no,E1,1,7032.055792
Endometrium,16,4,2,27.08.24,1,1,no,no,E1,5,9472.075399
Endometrium,16,4,2,27.08.24,1,1,no,no,E1,10,9406.300875
Endometrium,16,4,2,27.08.24,1,1,no,no,E1,20,12326.24572
Endometrium,16,4,2,27.08.24,1,1,no,no,E1,1,4934.149076
Endometrium,16,4,2,27.08.24,1,1,no,no,E1,5,5138.380569
Endometrium,16,4,2,27.08.24,1,1,no,no,E1,10,5462.326987
Endometrium,16,4,2,27.08.24,1,1,no,no,E1,20,5957.765919
Endometrium,16,4,2,27.08.24,1,1,no,no,E1,1,6333.895908
Endometrium,16,4,2,27.08.24,1,1,no,no,E1,5,6756.357429
Endometrium,16,4,2,27.08.24,1,1,no,no,E1,10,6784.891939
Endometrium,16,4,2,27.08.24,1,1,no,no,E1,20,8044.906433
Endometrium,16,4,2,27.08.24,1,1,no,no,E1,1,7288.768454
Endometrium,16,4,2,27.08.24,1,1,no,no,E1,5,7419.733194
Endometrium,16,4,2,27.08.24,1,1,no,no,E1,10,7937.666294
Endometrium,16,4,2,27.08.24,1,1,no,no,E1,20,8529.075008
Endometrium,16,4,2,27.08.24,1,1,no,no,E1,1,14183.24845
Endometrium,16,4,2,27.08.24,1,1,no,no,E1,5,16061.00529
Endometrium,16,4,2,27.08.24,1,1,no,no,E1,10,15688.82825
Endometrium,16,4,2,27.08.24,1,1,no,no,E1,20,15756.36136
Endometrium,16,4,2,27.08.24,1,1,no,no,E2,1,83.358945
Endometrium,16,4,2,27.08.24,1,1,no,no,E2,5,200.70106
Endometrium,16,4,2,27.08.24,1,1,no,no,E2,10,399.779367
Endometrium,16,4,2,27.08.24,1,1,no,no,E2,20,727.420971
Endometrium,16,4,2,27.08.24,1,1,no,no,E2,1,28.065682
Endometrium,16,4,2,27.08.24,1,1,no,no,E2,5,690.90423
Endometrium,16,4,2,27.08.24,1,1,no,no,E2,10,411.568129
Endometrium,16,4,2,27.08.24,1,1,no,no,E2,20,450.913908
Endometrium,16,4,2,27.08.24,1,1,no,no,E2,1,397.376269
Endometrium,16,4,2,27.08.24,1,1,no,no,E2,5,334.573844
Endometrium,16,4,2,27.08.24,1,1,no,no,E2,10,368.291219
Endometrium,16,4,2,27.08.24,1,1,no,no,E2,20,799.626973
Endometrium,16,4,2,27.08.24,1,1,no,no,E2,1,322.751655
Endometrium,16,4,2,27.08.24,1,1,no,no,E2,5,193.720665
Endometrium,16,4,2,27.08.24,1,1,no,no,E2,10,288.405826
Endometrium,16,4,2,27.08.24,1,1,no,no,E2,20,360.15875
Endometrium,16,4,2,27.08.24,1,1,no,no,E2,1,2061.284624
Endometrium,16,4,2,27.08.24,1,1,no,no,E2,5,1245.352211
Endometrium,16,4,2,27.08.24,1,1,no,no,E2,10,1257.443421
Endometrium,16,4,2,27.08.24,1,1,no,no,E2,20,1821.167572
Endometrium,16,4,2,27.08.24,1,1,no,no,E2,1,213.034233
Endometrium,16,4,2,27.08.24,1,1,no,no,E2,5,100.70729
Endometrium,16,4,2,27.08.24,1,1,no,no,E2,10,427.57522
Endometrium,16,4,2,27.08.24,1,1,no,no,E2,20,465.748953
Endometrium,16,4,2,27.08.24,1,1,no,no,E2,1,1406.483699
Endometrium,16,4,2,27.08.24,1,1,no,no,E2,5,435.921057
Endometrium,16,4,2,27.08.24,1,1,no,no,E2,10,1625.02603
Endometrium,16,4,2,27.08.24,1,1,no,no,E2,20,1472.079649
Endometrium,16,4,2,27.08.24,1,1,no,no,E2,1,4409.645272
Endometrium,16,4,2,27.08.24,1,1,no,no,E2,5,7793.739025
Endometrium,16,4,2,27.08.24,1,1,no,no,E2,10,6210.782302
Endometrium,16,4,2,27.08.24,1,1,no,no,E2,20,7752.522749
Endometrium,16,4,2,27.08.24,1,1,no,no,E2,1,5809.013907
Endometrium,16,4,2,27.08.24,1,1,no,no,E2,5,5861.812388
Endometrium,16,4,2,27.08.24,1,1,no,no,E2,10,6180.617839
Endometrium,16,4,2,27.08.24,1,1,no,no,E2,20,7140.810327
Endometrium,16,4,2,27.08.24,1,1,no,no,E2,1,11603.0103
Endometrium,16,4,2,27.08.24,1,1,no,no,E2,5,5139.106776
Endometrium,16,4,2,27.08.24,1,1,no,no,E2,10,7936.480183
Endometrium,16,4,2,27.08.24,1,1,no,no,E2,20,12207.96053
Endometrium,16,4,2,27.08.24,1,1,no,no,E2,1,1722.14648
Endometrium,16,4,2,27.08.24,1,1,no,no,E2,5,1425.522093
Endometrium,16,4,2,27.08.24,1,1,no,no,E2,10,2235.643076
Endometrium,16,4,2,27.08.24,1,1,no,no,E2,20,3291.417987
Endometrium,16,4,2,27.08.24,1,1,no,no,E2,1,128.863423
Endometrium,16,4,2,27.08.24,1,1,no,no,E2,5,3390.586757
Endometrium,16,4,2,27.08.24,1,1,no,no,E2,10,716.153576
Endometrium,16,4,2,27.08.24,1,1,no,no,E2,20,1531.007743
Endometrium,16,4,2,27.08.24,1,1,no,no,E2,1,1289.769063
Endometrium,16,4,2,27.08.24,1,1,no,no,E2,5,4183.632457
Endometrium,16,4,2,27.08.24,1,1,no,no,E2,10,2368.695562
Endometrium,16,4,2,27.08.24,1,1,no,no,E2,20,3661.245383
Endometrium,16,4,2,27.08.24,1,1,no,no,E2,1,1803.027886
Endometrium,16,4,2,27.08.24,1,1,no,no,E2,5,3981.399873
Endometrium,16,4,2,27.08.24,1,1,no,no,E2,10,1404.382657
Endometrium,16,4,2,27.08.24,1,1,no,no,E2,20,2240.778753
Endometrium,16,4,2,27.08.24,1,1,no,no,E2,1,75.251826
Endometrium,16,4,2,27.08.24,1,1,no,no,E2,5,518.846284
Endometrium,16,4,2,27.08.24,1,1,no,no,E2,10,544.72737
Endometrium,16,4,2,27.08.24,1,1,no,no,E2,20,1693.49744
Endometrium,16,4,2,27.08.24,1,1,no,no,E2,1,480.66186
Endometrium,16,4,2,27.08.24,1,1,no,no,E2,5,350.929558
Endometrium,16,4,2,27.08.24,1,1,no,no,E2,10,206.033561
Endometrium,16,4,2,27.08.24,1,1,no,no,E2,20,932.07792
Endometrium,16,4,2,27.08.24,1,1,no,no,E2,1,906.32065
Endometrium,16,4,2,27.08.24,1,1,no,no,E2,5,339.059242
Endometrium,16,4,2,27.08.24,1,1,no,no,E2,10,847.270792
Endometrium,16,4,2,27.08.24,1,1,no,no,E2,20,896.688437
Endometrium,16,4,2,27.08.24,1,1,no,no,E2,1,9.472316
Endometrium,16,4,2,27.08.24,1,1,no,no,E2,5,471.175366
Endometrium,16,4,2,27.08.24,1,1,no,no,E2,10,453.16785
Endometrium,16,4,2,27.08.24,1,1,no,no,E2,20,1355.54058
Endometrium,16,4,2,27.08.24,1,1,no,no,E2,1,1855.724543
Endometrium,16,4,2,27.08.24,1,1,no,no,E2,5,2284.717341
Endometrium,16,4,2,27.08.24,1,1,no,no,E2,10,2755.962339
Endometrium,16,4,2,27.08.24,1,1,no,no,E2,20,4574.447836
Endometrium,16,4,3,27.08.24,1,1,no,no,E1,1,4381.180954
Endometrium,16,4,3,27.08.24,1,1,no,no,E1,5,4289.573483
Endometrium,16,4,3,27.08.24,1,1,no,no,E1,10,4631.891644
Endometrium,16,4,3,27.08.24,1,1,no,no,E1,20,5085.648044
Endometrium,16,4,3,27.08.24,1,1,no,no,E1,1,2186.452947
Endometrium,16,4,3,27.08.24,1,1,no,no,E1,5,2540.816985
Endometrium,16,4,3,27.08.24,1,1,no,no,E1,10,2445.126603
Endometrium,16,4,3,27.08.24,1,1,no,no,E1,20,2681.152753
Endometrium,16,4,3,27.08.24,1,1,no,no,E1,1,15254.87245
Endometrium,16,4,3,27.08.24,1,1,no,no,E1,5,17413.08515
Endometrium,16,4,3,27.08.24,1,1,no,no,E1,10,17730.2932
Endometrium,16,4,3,27.08.24,1,1,no,no,E1,20,18594.0926
Endometrium,16,4,3,27.08.24,1,1,no,no,E1,1,6161.824313
Endometrium,16,4,3,27.08.24,1,1,no,no,E1,5,6536.702577
Endometrium,16,4,3,27.08.24,1,1,no,no,E1,10,6887.709522
Endometrium,16,4,3,27.08.24,1,1,no,no,E1,20,7472.390491
Endometrium,16,4,3,27.08.24,1,1,no,no,E1,1,16550.36289
Endometrium,16,4,3,27.08.24,1,1,no,no,E1,5,19339.04803
Endometrium,16,4,3,27.08.24,1,1,no,no,E1,10,19798.37805
Endometrium,16,4,3,27.08.24,1,1,no,no,E1,20,22813.56679
Endometrium,16,4,3,27.08.24,1,1,no,no,E1,1,2426.351353
Endometrium,16,4,3,27.08.24,1,1,no,no,E1,5,2820.151913
Endometrium,16,4,3,27.08.24,1,1,no,no,E1,10,2815.868069
Endometrium,16,4,3,27.08.24,1,1,no,no,E1,20,3041.958657
Endometrium,16,4,3,27.08.24,1,1,no,no,E1,1,1425.520122
Endometrium,16,4,3,27.08.24,1,1,no,no,E1,5,1527.784453
Endometrium,16,4,3,27.08.24,1,1,no,no,E1,10,1668.859069
Endometrium,16,4,3,27.08.24,1,1,no,no,E1,20,1675.103686
Endometrium,16,4,3,27.08.24,1,1,no,no,E1,1,1771.270882
Endometrium,16,4,3,27.08.24,1,1,no,no,E1,5,1787.218157
Endometrium,16,4,3,27.08.24,1,1,no,no,E1,10,2033.184869
Endometrium,16,4,3,27.08.24,1,1,no,no,E1,20,2163.040435
Endometrium,16,4,3,27.08.24,1,1,no,no,E1,1,5719.235176
Endometrium,16,4,3,27.08.24,1,1,no,no,E1,5,6350.256045
Endometrium,16,4,3,27.08.24,1,1,no,no,E1,10,6800.090557
Endometrium,16,4,3,27.08.24,1,1,no,no,E1,20,7329.815339
Endometrium,16,4,3,27.08.24,1,1,no,no,E2,1,876.53075
Endometrium,16,4,3,27.08.24,1,1,no,no,E2,5,333.71731
Endometrium,16,4,3,27.08.24,1,1,no,no,E2,10,378.595991
Endometrium,16,4,3,27.08.24,1,1,no,no,E2,20,439.030845
Endometrium,16,4,3,27.08.24,1,1,no,no,E2,1,36.133931
Endometrium,16,4,3,27.08.24,1,1,no,no,E2,5,437.803155
Endometrium,16,4,3,27.08.24,1,1,no,no,E2,10,219.716002
Endometrium,16,4,3,27.08.24,1,1,no,no,E2,20,297.042484
Endometrium,16,4,3,27.08.24,1,1,no,no,E2,1,2176.492319
Endometrium,16,4,3,27.08.24,1,1,no,no,E2,5,3695.74871
Endometrium,16,4,3,27.08.24,1,1,no,no,E2,10,1777.830494
Endometrium,16,4,3,27.08.24,1,1,no,no,E2,20,3777.601941
Endometrium,16,4,3,27.08.24,1,1,no,no,E2,1,1677.717405
Endometrium,16,4,3,27.08.24,1,1,no,no,E2,5,361.18414
Endometrium,16,4,3,27.08.24,1,1,no,no,E2,10,720.763528
Endometrium,16,4,3,27.08.24,1,1,no,no,E2,20,655.149927
Endometrium,16,4,3,27.08.24,1,1,no,no,E2,1,697.145833
Endometrium,16,4,3,27.08.24,1,1,no,no,E2,5,598.319598
Endometrium,16,4,3,27.08.24,1,1,no,no,E2,10,2501.554692
Endometrium,16,4,3,27.08.24,1,1,no,no,E2,20,3528.211344
Endometrium,16,4,3,27.08.24,1,1,no,no,E2,1,423.86406
Endometrium,16,4,3,27.08.24,1,1,no,no,E2,5,250.731135
Endometrium,16,4,3,27.08.24,1,1,no,no,E2,10,257.833117
Endometrium,16,4,3,27.08.24,1,1,no,no,E2,20,460.400641
Endometrium,16,4,3,27.08.24,1,1,no,no,E2,1,117.243897
Endometrium,16,4,3,27.08.24,1,1,no,no,E2,5,97.838783
Endometrium,16,4,3,27.08.24,1,1,no,no,E2,10,199.960113
Endometrium,16,4,3,27.08.24,1,1,no,no,E2,20,502.753593
Endometrium,16,4,3,27.08.24,1,1,no,no,E2,1,82.009716
Endometrium,16,4,3,27.08.24,1,1,no,no,E2,5,263.402428
Endometrium,16,4,3,27.08.24,1,1,no,no,E2,10,349.912348
Endometrium,16,4,3,27.08.24,1,1,no,no,E2,20,444.872998
Endometrium,16,4,3,27.08.24,1,1,no,no,E2,1,1823.748191
Endometrium,16,4,3,27.08.24,1,1,no,no,E2,5,551.082079
Endometrium,16,4,3,27.08.24,1,1,no,no,E2,10,912.166729
Endometrium,16,4,3,27.08.24,1,1,no,no,E2,20,1139.882366
Endometrium,16,4,1,27.08.24,1,1,yes,no,E1,1,1461.037299
Endometrium,16,4,1,27.08.24,1,1,yes,no,E1,5,1740.77155
Endometrium,16,4,1,27.08.24,1,1,yes,no,E1,10,1896.98864
Endometrium,16,4,1,27.08.24,1,1,yes,no,E1,20,1790.510273
Endometrium,16,4,1,27.08.24,1,1,yes,no,E1,1,240.636215
Endometrium,16,4,1,27.08.24,1,1,yes,no,E1,5,272.072084
Endometrium,16,4,1,27.08.24,1,1,yes,no,E1,10,270.994036
Endometrium,16,4,1,27.08.24,1,1,yes,no,E1,20,276.898356
Endometrium,16,4,1,27.08.24,1,1,yes,no,E2,1,876.357962
Endometrium,16,4,1,27.08.24,1,1,yes,no,E2,5,749.289134
Endometrium,16,4,1,27.08.24,1,1,yes,no,E2,10,935.823153
Endometrium,16,4,1,27.08.24,1,1,yes,no,E2,20,1259.395488
Endometrium,16,4,1,27.08.24,1,1,yes,no,E2,1,10.065331
Endometrium,16,4,1,27.08.24,1,1,yes,no,E2,5,22.360672
Endometrium,16,4,1,27.08.24,1,1,yes,no,E2,10,70.88257
Endometrium,16,4,1,27.08.24,1,1,yes,no,E2,20,162.83129
Endometrium,16,4,2,27.08.24,1,1,yes,no,E1,1,5955.402192
Endometrium,16,4,2,27.08.24,1,1,yes,no,E1,5,5489.919656
Endometrium,16,4,2,27.08.24,1,1,yes,no,E1,10,6417.047456
Endometrium,16,4,2,27.08.24,1,1,yes,no,E1,20,7690.746392
Endometrium,16,4,2,27.08.24,1,1,yes,no,E1,1,4133.062899
Endometrium,16,4,2,27.08.24,1,1,yes,no,E1,5,4458.544884
Endometrium,16,4,2,27.08.24,1,1,yes,no,E1,10,4516.022482
Endometrium,16,4,2,27.08.24,1,1,yes,no,E1,20,5193.200092
Endometrium,16,4,2,27.08.24,1,1,yes,no,E1,1,3400.041256
Endometrium,16,4,2,27.08.24,1,1,yes,no,E1,5,4276.821347
Endometrium,16,4,2,27.08.24,1,1,yes,no,E1,10,4074.061425
Endometrium,16,4,2,27.08.24,1,1,yes,no,E1,20,4812.96943
Endometrium,16,4,2,27.08.24,1,1,yes,no,E1,1,2856.343554
Endometrium,16,4,2,27.08.24,1,1,yes,no,E1,5,2845.995761
Endometrium,16,4,2,27.08.24,1,1,yes,no,E1,10,3291.081417
Endometrium,16,4,2,27.08.24,1,1,yes,no,E1,20,3824.243286
Endometrium,16,4,2,27.08.24,1,1,yes,no,E1,1,15095.31936
Endometrium,16,4,2,27.08.24,1,1,yes,no,E1,5,15203.29361
Endometrium,16,4,2,27.08.24,1,1,yes,no,E1,10,15342.87539
Endometrium,16,4,2,27.08.24,1,1,yes,no,E1,20,14517.33459
Endometrium,16,4,2,27.08.24,1,1,yes,no,E1,1,6838.659759
Endometrium,16,4,2,27.08.24,1,1,yes,no,E1,5,7572.309809
Endometrium,16,4,2,27.08.24,1,1,yes,no,E1,10,7601.557119
Endometrium,16,4,2,27.08.24,1,1,yes,no,E1,20,8105.715441
Endometrium,16,4,2,27.08.24,1,1,yes,no,E1,1,14812.82378
Endometrium,16,4,2,27.08.24,1,1,yes,no,E1,5,15798.63921
Endometrium,16,4,2,27.08.24,1,1,yes,no,E1,10,17003.38849
Endometrium,16,4,2,27.08.24,1,1,yes,no,E1,20,17604.25971
Endometrium,16,4,2,27.08.24,1,1,yes,no,E1,1,2917.996656
Endometrium,16,4,2,27.08.24,1,1,yes,no,E1,5,3086.162225
Endometrium,16,4,2,27.08.24,1,1,yes,no,E1,10,3401.816969
Endometrium,16,4,2,27.08.24,1,1,yes,no,E1,20,3817.73773
Endometrium,16,4,2,27.08.24,1,1,yes,no,E1,1,3722.300905
Endometrium,16,4,2,27.08.24,1,1,yes,no,E1,5,3809.329804
Endometrium,16,4,2,27.08.24,1,1,yes,no,E1,10,3898.534491
Endometrium,16,4,2,27.08.24,1,1,yes,no,E1,20,4528.241687
Endometrium,16,4,2,27.08.24,1,1,yes,no,E1,1,3296.150641
Endometrium,16,4,2,27.08.24,1,1,yes,no,E1,5,3355.384706
Endometrium,16,4,2,27.08.24,1,1,yes,no,E1,10,3330.885347
Endometrium,16,4,2,27.08.24,1,1,yes,no,E1,20,3768.448529
Endometrium,16,4,2,27.08.24,1,1,yes,no,E2,1,43.997737
Endometrium,16,4,2,27.08.24,1,1,yes,no,E2,5,345.714381
Endometrium,16,4,2,27.08.24,1,1,yes,no,E2,10,19.80164
Endometrium,16,4,2,27.08.24,1,1,yes,no,E2,20,801.683759
Endometrium,16,4,2,27.08.24,1,1,yes,no,E2,1,1390.333847
Endometrium,16,4,2,27.08.24,1,1,yes,no,E2,5,147.492611
Endometrium,16,4,2,27.08.24,1,1,yes,no,E2,10,111.019526
Endometrium,16,4,2,27.08.24,1,1,yes,no,E2,20,186.708578
Endometrium,16,4,2,27.08.24,1,1,yes,no,E2,1,229.885488
Endometrium,16,4,2,27.08.24,1,1,yes,no,E2,5,180.788753
Endometrium,16,4,2,27.08.24,1,1,yes,no,E2,10,541.57082
Endometrium,16,4,2,27.08.24,1,1,yes,no,E2,20,236.907072
Endometrium,16,4,2,27.08.24,1,1,yes,no,E2,1,196.758732
Endometrium,16,4,2,27.08.24,1,1,yes,no,E2,5,253.347347
Endometrium,16,4,2,27.08.24,1,1,yes,no,E2,10,359.815103
Endometrium,16,4,2,27.08.24,1,1,yes,no,E2,20,210.862691
Endometrium,16,4,2,27.08.24,1,1,yes,no,E2,1,3064.159416
Endometrium,16,4,2,27.08.24,1,1,yes,no,E2,5,2466.310569
Endometrium,16,4,2,27.08.24,1,1,yes,no,E2,10,1065.300597
Endometrium,16,4,2,27.08.24,1,1,yes,no,E2,20,1797.664765
Endometrium,16,4,2,27.08.24,1,1,yes,no,E2,1,1048.747511
Endometrium,16,4,2,27.08.24,1,1,yes,no,E2,5,1245.945277
Endometrium,16,4,2,27.08.24,1,1,yes,no,E2,10,1128.46518
Endometrium,16,4,2,27.08.24,1,1,yes,no,E2,20,2027.489564
Endometrium,16,4,2,27.08.24,1,1,yes,no,E2,1,461.106019
Endometrium,16,4,2,27.08.24,1,1,yes,no,E2,5,737.139904
Endometrium,16,4,2,27.08.24,1,1,yes,no,E2,10,2474.845385
Endometrium,16,4,2,27.08.24,1,1,yes,no,E2,20,3052.634912
Endometrium,16,4,2,27.08.24,1,1,yes,no,E2,1,137.959573
Endometrium,16,4,2,27.08.24,1,1,yes,no,E2,5,513.906529
Endometrium,16,4,2,27.08.24,1,1,yes,no,E2,10,273.094405
Endometrium,16,4,2,27.08.24,1,1,yes,no,E2,20,536.580114
Endometrium,16,4,2,27.08.24,1,1,yes,no,E2,1,172.430204
Endometrium,16,4,2,27.08.24,1,1,yes,no,E2,5,798.311232
Endometrium,16,4,2,27.08.24,1,1,yes,no,E2,10,355.424437
Endometrium,16,4,2,27.08.24,1,1,yes,no,E2,20,137.310608
Endometrium,16,4,2,27.08.24,1,1,yes,no,E2,1,6.753464
Endometrium,16,4,2,27.08.24,1,1,yes,no,E2,5,153.628104
Endometrium,16,4,2,27.08.24,1,1,yes,no,E2,10,303.74636
Endometrium,16,4,2,27.08.24,1,1,yes,no,E2,20,502.207175
Endometrium,16,4,3,27.08.24,1,1,yes,no,E1,1,8300.704907
Endometrium,16,4,3,27.08.24,1,1,yes,no,E1,5,9040.491498
Endometrium,16,4,3,27.08.24,1,1,yes,no,E1,10,8980.602839
Endometrium,16,4,3,27.08.24,1,1,yes,no,E1,20,9457.566464
Endometrium,16,4,3,27.08.24,1,1,yes,no,E1,1,4147.230709
Endometrium,16,4,3,27.08.24,1,1,yes,no,E1,5,4110.986021
Endometrium,16,4,3,27.08.24,1,1,yes,no,E1,10,4255.293459
Endometrium,16,4,3,27.08.24,1,1,yes,no,E1,20,4752.910378
Endometrium,16,4,3,27.08.24,1,1,yes,no,E1,1,2409.969738
Endometrium,16,4,3,27.08.24,1,1,yes,no,E1,5,2798.555354
Endometrium,16,4,3,27.08.24,1,1,yes,no,E1,10,2608.205056
Endometrium,16,4,3,27.08.24,1,1,yes,no,E1,20,2902.47156
Endometrium,16,4,3,27.08.24,1,1,yes,no,E1,1,4054.693846
Endometrium,16,4,3,27.08.24,1,1,yes,no,E1,5,4246.919801
Endometrium,16,4,3,27.08.24,1,1,yes,no,E1,10,4102.583834
Endometrium,16,4,3,27.08.24,1,1,yes,no,E1,20,3970.071157
Endometrium,16,4,3,27.08.24,1,1,yes,no,E1,1,2432.675287
Endometrium,16,4,3,27.08.24,1,1,yes,no,E1,5,2930.538283
Endometrium,16,4,3,27.08.24,1,1,yes,no,E1,10,2508.334465
Endometrium,16,4,3,27.08.24,1,1,yes,no,E1,20,2613.354595
Endometrium,16,4,3,27.08.24,1,1,yes,no,E1,1,4149.581749
Endometrium,16,4,3,27.08.24,1,1,yes,no,E1,5,4128.598965
Endometrium,16,4,3,27.08.24,1,1,yes,no,E1,10,3754.262479
Endometrium,16,4,3,27.08.24,1,1,yes,no,E1,20,4151.406679
Endometrium,16,4,3,27.08.24,1,1,yes,no,E2,1,1413.787007
Endometrium,16,4,3,27.08.24,1,1,yes,no,E2,5,1337.037791
Endometrium,16,4,3,27.08.24,1,1,yes,no,E2,10,1412.83632
Endometrium,16,4,3,27.08.24,1,1,yes,no,E2,20,1998.670206
Endometrium,16,4,3,27.08.24,1,1,yes,no,E2,1,572.64212
Endometrium,16,4,3,27.08.24,1,1,yes,no,E2,5,445.783159
Endometrium,16,4,3,27.08.24,1,1,yes,no,E2,10,374.031487
Endometrium,16,4,3,27.08.24,1,1,yes,no,E2,20,587.392966
Endometrium,16,4,3,27.08.24,1,1,yes,no,E2,1,99.372512
Endometrium,16,4,3,27.08.24,1,1,yes,no,E2,5,212.545503
Endometrium,16,4,3,27.08.24,1,1,yes,no,E2,10,348.920362
Endometrium,16,4,3,27.08.24,1,1,yes,no,E2,20,479.871129
Endometrium,16,4,3,27.08.24,1,1,yes,no,E2,1,569.803676
Endometrium,16,4,3,27.08.24,1,1,yes,no,E2,5,544.07124
Endometrium,16,4,3,27.08.24,1,1,yes,no,E2,10,570.587147
Endometrium,16,4,3,27.08.24,1,1,yes,no,E2,20,1137.441899
Endometrium,16,4,3,27.08.24,1,1,yes,no,E2,1,1113.26383
Endometrium,16,4,3,27.08.24,1,1,yes,no,E2,5,595.597908
Endometrium,16,4,3,27.08.24,1,1,yes,no,E2,10,922.696315
Endometrium,16,4,3,27.08.24,1,1,yes,no,E2,20,1066.81026
Endometrium,16,4,3,27.08.24,1,1,yes,no,E2,1,734.811578
Endometrium,16,4,3,27.08.24,1,1,yes,no,E2,5,2010.990235
Endometrium,16,4,3,27.08.24,1,1,yes,no,E2,10,1940.407679
Endometrium,16,4,3,27.08.24,1,1,yes,no,E2,20,2201.650506
Endometrium,16,4,4,27.08.24,1,1,yes,no,E1,1,9039.951974
Endometrium,16,4,4,27.08.24,1,1,yes,no,E1,5,8449.235737
Endometrium,16,4,4,27.08.24,1,1,yes,no,E1,10,8377.831607
Endometrium,16,4,4,27.08.24,1,1,yes,no,E1,20,7498.766738
Endometrium,16,4,4,27.08.24,1,1,yes,no,E1,1,8067.839975
Endometrium,16,4,4,27.08.24,1,1,yes,no,E1,5,7928.10692
Endometrium,16,4,4,27.08.24,1,1,yes,no,E1,10,8386.643705
Endometrium,16,4,4,27.08.24,1,1,yes,no,E1,20,9176.875589
Endometrium,16,4,4,27.08.24,1,1,yes,no,E1,1,14330.36109
Endometrium,16,4,4,27.08.24,1,1,yes,no,E1,5,12476.37367
Endometrium,16,4,4,27.08.24,1,1,yes,no,E1,10,12575.90134
Endometrium,16,4,4,27.08.24,1,1,yes,no,E1,20,8941.5396
Endometrium,16,4,4,27.08.24,1,1,yes,no,E1,1,5461.750207
Endometrium,16,4,4,27.08.24,1,1,yes,no,E1,5,4940.134077
Endometrium,16,4,4,27.08.24,1,1,yes,no,E1,10,3648.535859
Endometrium,16,4,4,27.08.24,1,1,yes,no,E1,20,4366.101938
Endometrium,16,4,4,27.08.24,1,1,yes,no,E1,1,4360.446897
Endometrium,16,4,4,27.08.24,1,1,yes,no,E1,5,4270.017352
Endometrium,16,4,4,27.08.24,1,1,yes,no,E1,10,4709.445302
Endometrium,16,4,4,27.08.24,1,1,yes,no,E1,20,5422.349967
Endometrium,16,4,4,27.08.24,1,1,yes,no,E2,1,2473.300467
Endometrium,16,4,4,27.08.24,1,1,yes,no,E2,5,2878.376495
Endometrium,16,4,4,27.08.24,1,1,yes,no,E2,10,3806.950539
Endometrium,16,4,4,27.08.24,1,1,yes,no,E2,20,5097.727178
Endometrium,16,4,4,27.08.24,1,1,yes,no,E2,1,1481.591788
Endometrium,16,4,4,27.08.24,1,1,yes,no,E2,5,1709.106301
Endometrium,16,4,4,27.08.24,1,1,yes,no,E2,10,1707.748978
Endometrium,16,4,4,27.08.24,1,1,yes,no,E2,20,1893.699956
Endometrium,16,4,4,27.08.24,1,1,yes,no,E2,1,5246.661796
Endometrium,16,4,4,27.08.24,1,1,yes,no,E2,5,6199.019614
Endometrium,16,4,4,27.08.24,1,1,yes,no,E2,10,5045.692248
Endometrium,16,4,4,27.08.24,1,1,yes,no,E2,20,8594.958546
Endometrium,16,4,4,27.08.24,1,1,yes,no,E2,1,3842.254415
Endometrium,16,4,4,27.08.24,1,1,yes,no,E2,5,3555.611499
Endometrium,16,4,4,27.08.24,1,1,yes,no,E2,10,4733.964662
Endometrium,16,4,4,27.08.24,1,1,yes,no,E2,20,4315.095169
Endometrium,16,4,4,27.08.24,1,1,yes,no,E2,1,367.15154
Endometrium,16,4,4,27.08.24,1,1,yes,no,E2,5,796.491334
Endometrium,16,4,4,27.08.24,1,1,yes,no,E2,10,574.800788
Endometrium,16,4,4,27.08.24,1,1,yes,no,E2,20,619.017826
Endometrium,16,4,1,27.08.24,1,1,yes,yes,E1,1,3413.773414
Endometrium,16,4,1,27.08.24,1,1,yes,yes,E1,5,4016.933625
Endometrium,16,4,1,27.08.24,1,1,yes,yes,E1,10,3830.004093
Endometrium,16,4,1,27.08.24,1,1,yes,yes,E1,20,4152.416066
Endometrium,16,4,1,27.08.24,1,1,yes,yes,E1,1,2412.079144
Endometrium,16,4,1,27.08.24,1,1,yes,yes,E1,5,2767.365293
Endometrium,16,4,1,27.08.24,1,1,yes,yes,E1,10,2699.33767
Endometrium,16,4,1,27.08.24,1,1,yes,yes,E1,20,2909.230199
Endometrium,16,4,1,27.08.24,1,1,yes,yes,E1,1,4312.524135
Endometrium,16,4,1,27.08.24,1,1,yes,yes,E1,5,4504.574416
Endometrium,16,4,1,27.08.24,1,1,yes,yes,E1,10,4529.65053
Endometrium,16,4,1,27.08.24,1,1,yes,yes,E1,20,4799.683932
Endometrium,16,4,1,27.08.24,1,1,yes,yes,E1,1,2001.035156
Endometrium,16,4,1,27.08.24,1,1,yes,yes,E1,5,2146.823725
Endometrium,16,4,1,27.08.24,1,1,yes,yes,E1,10,2225.491358
Endometrium,16,4,1,27.08.24,1,1,yes,yes,E1,20,2433.380582
Endometrium,16,4,1,27.08.24,1,1,yes,yes,E1,1,2410.432689
Endometrium,16,4,1,27.08.24,1,1,yes,yes,E1,5,2732.354464
Endometrium,16,4,1,27.08.24,1,1,yes,yes,E1,10,2697.523707
Endometrium,16,4,1,27.08.24,1,1,yes,yes,E1,20,2982.043109
Endometrium,16,4,1,27.08.24,1,1,yes,yes,E2,1,493.21032
Endometrium,16,4,1,27.08.24,1,1,yes,yes,E2,5,373.071571
Endometrium,16,4,1,27.08.24,1,1,yes,yes,E2,10,953.967069
Endometrium,16,4,1,27.08.24,1,1,yes,yes,E2,20,1197.319128
Endometrium,16,4,1,27.08.24,1,1,yes,yes,E2,1,435.135834
Endometrium,16,4,1,27.08.24,1,1,yes,yes,E2,5,369.40243
Endometrium,16,4,1,27.08.24,1,1,yes,yes,E2,10,355.4044
Endometrium,16,4,1,27.08.24,1,1,yes,yes,E2,20,476.492385
Endometrium,16,4,1,27.08.24,1,1,yes,yes,E2,1,505.798397
Endometrium,16,4,1,27.08.24,1,1,yes,yes,E2,5,474.005641
Endometrium,16,4,1,27.08.24,1,1,yes,yes,E2,10,739.243855
Endometrium,16,4,1,27.08.24,1,1,yes,yes,E2,20,1034.670435
Endometrium,16,4,1,27.08.24,1,1,yes,yes,E2,1,173.955289
Endometrium,16,4,1,27.08.24,1,1,yes,yes,E2,5,194.668238
Endometrium,16,4,1,27.08.24,1,1,yes,yes,E2,10,470.922016
Endometrium,16,4,1,27.08.24,1,1,yes,yes,E2,20,647.072692
Endometrium,16,4,1,27.08.24,1,1,yes,yes,E2,1,76.469856
Endometrium,16,4,1,27.08.24,1,1,yes,yes,E2,5,55.523793
Endometrium,16,4,1,27.08.24,1,1,yes,yes,E2,10,501.155904
Endometrium,16,4,1,27.08.24,1,1,yes,yes,E2,20,586.886756
Endometrium,16,4,2,27.08.24,1,1,yes,yes,E1,1,6725.220061
Endometrium,16,4,2,27.08.24,1,1,yes,yes,E1,5,5783.988853
Endometrium,16,4,2,27.08.24,1,1,yes,yes,E1,10,6941.058027
Endometrium,16,4,2,27.08.24,1,1,yes,yes,E1,20,6215.458036
Endometrium,16,4,2,27.08.24,1,1,yes,yes,E1,1,1147.626791
Endometrium,16,4,2,27.08.24,1,1,yes,yes,E1,5,1132.768857
Endometrium,16,4,2,27.08.24,1,1,yes,yes,E1,10,1268.977654
Endometrium,16,4,2,27.08.24,1,1,yes,yes,E1,20,1304.765948
Endometrium,16,4,2,27.08.24,1,1,yes,yes,E1,1,1556.846036
Endometrium,16,4,2,27.08.24,1,1,yes,yes,E1,5,1485.809015
Endometrium,16,4,2,27.08.24,1,1,yes,yes,E1,10,1632.79684
Endometrium,16,4,2,27.08.24,1,1,yes,yes,E1,20,1761.23166
Endometrium,16,4,2,27.08.24,1,1,yes,yes,E1,1,1569.926887
Endometrium,16,4,2,27.08.24,1,1,yes,yes,E1,5,1678.918995
Endometrium,16,4,2,27.08.24,1,1,yes,yes,E1,10,1874.955588
Endometrium,16,4,2,27.08.24,1,1,yes,yes,E1,20,2012.900428
Endometrium,16,4,2,27.08.24,1,1,yes,yes,E1,1,459.973457
Endometrium,16,4,2,27.08.24,1,1,yes,yes,E1,5,580.676956
Endometrium,16,4,2,27.08.24,1,1,yes,yes,E1,10,570.643866
Endometrium,16,4,2,27.08.24,1,1,yes,yes,E1,20,616.59875
Endometrium,16,4,2,27.08.24,1,1,yes,yes,E2,1,4356.845837
Endometrium,16,4,2,27.08.24,1,1,yes,yes,E2,5,3735.33135
Endometrium,16,4,2,27.08.24,1,1,yes,yes,E2,10,2972.455005
Endometrium,16,4,2,27.08.24,1,1,yes,yes,E2,20,3379.495664
Endometrium,16,4,2,27.08.24,1,1,yes,yes,E2,1,176.080447
Endometrium,16,4,2,27.08.24,1,1,yes,yes,E2,5,90.440969
Endometrium,16,4,2,27.08.24,1,1,yes,yes,E2,10,170.154132
Endometrium,16,4,2,27.08.24,1,1,yes,yes,E2,20,423.229914
Endometrium,16,4,2,27.08.24,1,1,yes,yes,E2,1,182.741023
Endometrium,16,4,2,27.08.24,1,1,yes,yes,E2,5,236.34384
Endometrium,16,4,2,27.08.24,1,1,yes,yes,E2,10,124.047657
Endometrium,16,4,2,27.08.24,1,1,yes,yes,E2,20,423.549882
Endometrium,16,4,2,27.08.24,1,1,yes,yes,E2,1,333.512662
Endometrium,16,4,2,27.08.24,1,1,yes,yes,E2,5,211.098887
Endometrium,16,4,2,27.08.24,1,1,yes,yes,E2,10,262.232115
Endometrium,16,4,2,27.08.24,1,1,yes,yes,E2,20,333.040206
Endometrium,16,4,2,27.08.24,1,1,yes,yes,E2,1,131.233665
Endometrium,16,4,2,27.08.24,1,1,yes,yes,E2,5,101.118675
Endometrium,16,4,2,27.08.24,1,1,yes,yes,E2,10,83.205953
Endometrium,16,4,2,27.08.24,1,1,yes,yes,E2,20,162.408308
Endometrium,16,4,3,27.08.24,1,1,yes,yes,E1,1,3284.278256
Endometrium,16,4,3,27.08.24,1,1,yes,yes,E1,5,4980.656135
Endometrium,16,4,3,27.08.24,1,1,yes,yes,E1,10,4780.130998
Endometrium,16,4,3,27.08.24,1,1,yes,yes,E1,20,4109.954299
Endometrium,16,4,3,27.08.24,1,1,yes,yes,E1,1,10681.76144
Endometrium,16,4,3,27.08.24,1,1,yes,yes,E1,5,10153.05705
Endometrium,16,4,3,27.08.24,1,1,yes,yes,E1,10,10470.06532
Endometrium,16,4,3,27.08.24,1,1,yes,yes,E1,20,12301.93192
Endometrium,16,4,3,27.08.24,1,1,yes,yes,E1,1,2985.072263
Endometrium,16,4,3,27.08.24,1,1,yes,yes,E1,5,3232.051093
Endometrium,16,4,3,27.08.24,1,1,yes,yes,E1,10,2148.579177
Endometrium,16,4,3,27.08.24,1,1,yes,yes,E1,20,2360.575505
Endometrium,16,4,3,27.08.24,1,1,yes,yes,E1,1,8534.499099
Endometrium,16,4,3,27.08.24,1,1,yes,yes,E1,5,8463.502155
Endometrium,16,4,3,27.08.24,1,1,yes,yes,E1,10,8799.370289
Endometrium,16,4,3,27.08.24,1,1,yes,yes,E1,20,9894.313666
Endometrium,16,4,3,27.08.24,1,1,yes,yes,E1,1,1872.213756
Endometrium,16,4,3,27.08.24,1,1,yes,yes,E1,5,2867.271139
Endometrium,16,4,3,27.08.24,1,1,yes,yes,E1,10,2725.459822
Endometrium,16,4,3,27.08.24,1,1,yes,yes,E1,20,2259.336276
Endometrium,16,4,3,27.08.24,1,1,yes,yes,E1,1,1949.128993
Endometrium,16,4,3,27.08.24,1,1,yes,yes,E1,5,2509.418592
Endometrium,16,4,3,27.08.24,1,1,yes,yes,E1,10,2183.678826
Endometrium,16,4,3,27.08.24,1,1,yes,yes,E1,20,2334.110533
Endometrium,16,4,3,27.08.24,1,1,yes,yes,E1,1,2281.220182
Endometrium,16,4,3,27.08.24,1,1,yes,yes,E1,5,1006.548867
Endometrium,16,4,3,27.08.24,1,1,yes,yes,E1,10,2482.9761
Endometrium,16,4,3,27.08.24,1,1,yes,yes,E1,20,2284.002903
Endometrium,16,4,3,27.08.24,1,1,yes,yes,E2,1,4189.194513
Endometrium,16,4,3,27.08.24,1,1,yes,yes,E2,5,3526.584884
Endometrium,16,4,3,27.08.24,1,1,yes,yes,E2,10,3475.450594
Endometrium,16,4,3,27.08.24,1,1,yes,yes,E2,20,4486.199648
Endometrium,16,4,3,27.08.24,1,1,yes,yes,E2,1,1181.17645
Endometrium,16,4,3,27.08.24,1,1,yes,yes,E2,5,1213.381362
Endometrium,16,4,3,27.08.24,1,1,yes,yes,E2,10,3296.755029
Endometrium,16,4,3,27.08.24,1,1,yes,yes,E2,20,2767.050866
Endometrium,16,4,3,27.08.24,1,1,yes,yes,E2,1,2044.255887
Endometrium,16,4,3,27.08.24,1,1,yes,yes,E2,5,1368.718385
Endometrium,16,4,3,27.08.24,1,1,yes,yes,E2,10,1830.411853
Endometrium,16,4,3,27.08.24,1,1,yes,yes,E2,20,2173.854627
Endometrium,16,4,3,27.08.24,1,1,yes,yes,E2,1,2883.554267
Endometrium,16,4,3,27.08.24,1,1,yes,yes,E2,5,1066.695485
Endometrium,16,4,3,27.08.24,1,1,yes,yes,E2,10,2104.376902
Endometrium,16,4,3,27.08.24,1,1,yes,yes,E2,20,2383.687507
Endometrium,16,4,3,27.08.24,1,1,yes,yes,E2,1,3220.857506
Endometrium,16,4,3,27.08.24,1,1,yes,yes,E2,5,2890.226682
Endometrium,16,4,3,27.08.24,1,1,yes,yes,E2,10,3337.086458
Endometrium,16,4,3,27.08.24,1,1,yes,yes,E2,20,3312.425081
Endometrium,16,4,3,27.08.24,1,1,yes,yes,E2,1,919.321926
Endometrium,16,4,3,27.08.24,1,1,yes,yes,E2,5,845.072583
Endometrium,16,4,3,27.08.24,1,1,yes,yes,E2,10,1052.274679
Endometrium,16,4,3,27.08.24,1,1,yes,yes,E2,20,1302.34718
Endometrium,16,4,3,27.08.24,1,1,yes,yes,E2,1,1913.649133
Endometrium,16,4,3,27.08.24,1,1,yes,yes,E2,5,2067.331064
Endometrium,16,4,3,27.08.24,1,1,yes,yes,E2,10,2377.73687
Endometrium,16,4,3,27.08.24,1,1,yes,yes,E2,20,2807.359483
Endometrium,16,5,1,21.09.24,1,-3,no,no,E1,1,3420.088171
Endometrium,16,5,1,21.09.24,1,-3,no,no,E1,5,3898.077283
Endometrium,16,5,1,21.09.24,1,-3,no,no,E1,10,3882.72496
Endometrium,16,5,1,21.09.24,1,-3,no,no,E1,20,4264.336373
Endometrium,16,5,1,21.09.24,1,-3,no,no,E1,1,3996.824484
Endometrium,16,5,1,21.09.24,1,-3,no,no,E1,5,4148.538374
Endometrium,16,5,1,21.09.24,1,-3,no,no,E1,10,4463.432783
Endometrium,16,5,1,21.09.24,1,-3,no,no,E1,20,4961.237336
Endometrium,16,5,1,21.09.24,1,-3,no,no,E1,1,3972.321837
Endometrium,16,5,1,21.09.24,1,-3,no,no,E1,5,4182.773326
Endometrium,16,5,1,21.09.24,1,-3,no,no,E1,10,4914.503562
Endometrium,16,5,1,21.09.24,1,-3,no,no,E1,20,5671.784265
Endometrium,16,5,1,21.09.24,1,-3,no,no,E1,1,3860.266453
Endometrium,16,5,1,21.09.24,1,-3,no,no,E1,5,4129.341579
Endometrium,16,5,1,21.09.24,1,-3,no,no,E1,10,7893.239852
Endometrium,16,5,1,21.09.24,1,-3,no,no,E1,20,6616.74313
Endometrium,16,5,1,21.09.24,1,-3,no,no,E1,1,2036.42173
Endometrium,16,5,1,21.09.24,1,-3,no,no,E1,5,2006.529671
Endometrium,16,5,1,21.09.24,1,-3,no,no,E1,10,2307.156879
Endometrium,16,5,1,21.09.24,1,-3,no,no,E1,20,2461.299519
Endometrium,16,5,1,21.09.24,1,-3,no,no,E2,1,1651.288397
Endometrium,16,5,1,21.09.24,1,-3,no,no,E2,5,2506.334782
Endometrium,16,5,1,21.09.24,1,-3,no,no,E2,10,2429.991527
Endometrium,16,5,1,21.09.24,1,-3,no,no,E2,20,2648.571582
Endometrium,16,5,1,21.09.24,1,-3,no,no,E2,1,1793.166652
Endometrium,16,5,1,21.09.24,1,-3,no,no,E2,5,2356.780148
Endometrium,16,5,1,21.09.24,1,-3,no,no,E2,10,2236.326003
Endometrium,16,5,1,21.09.24,1,-3,no,no,E2,20,3280.064228
Endometrium,16,5,1,21.09.24,1,-3,no,no,E2,1,2350.138113
Endometrium,16,5,1,21.09.24,1,-3,no,no,E2,5,2541.34544
Endometrium,16,5,1,21.09.24,1,-3,no,no,E2,10,2199.272595
Endometrium,16,5,1,21.09.24,1,-3,no,no,E2,20,2788.963312
Endometrium,16,5,1,21.09.24,1,-3,no,no,E2,1,2190.193662
Endometrium,16,5,1,21.09.24,1,-3,no,no,E2,5,3263.215281
Endometrium,16,5,1,21.09.24,1,-3,no,no,E2,10,7293.027585
Endometrium,16,5,1,21.09.24,1,-3,no,no,E2,20,5331.885317
Endometrium,16,5,1,21.09.24,1,-3,no,no,E2,1,939.466302
Endometrium,16,5,1,21.09.24,1,-3,no,no,E2,5,1208.015818
Endometrium,16,5,1,21.09.24,1,-3,no,no,E2,10,1376.354726
Endometrium,16,5,1,21.09.24,1,-3,no,no,E2,20,1853.987118
Endometrium,16,5,2,21.09.24,1,-3,no,no,E1,1,10653.27252
Endometrium,16,5,2,21.09.24,1,-3,no,no,E1,5,15081.70153
Endometrium,16,5,2,21.09.24,1,-3,no,no,E1,10,13526.75079
Endometrium,16,5,2,21.09.24,1,-3,no,no,E1,20,16652.59452
Endometrium,16,5,2,21.09.24,1,-3,no,no,E1,1,16331.73942
Endometrium,16,5,2,21.09.24,1,-3,no,no,E1,5,17247.45229
Endometrium,16,5,2,21.09.24,1,-3,no,no,E1,10,20326.28973
Endometrium,16,5,2,21.09.24,1,-3,no,no,E1,20,25850.9313
Endometrium,16,5,2,21.09.24,1,-3,no,no,E2,1,5133.129605
Endometrium,16,5,2,21.09.24,1,-3,no,no,E2,5,5208.144156
Endometrium,16,5,2,21.09.24,1,-3,no,no,E2,10,6778.176998
Endometrium,16,5,2,21.09.24,1,-3,no,no,E2,20,14449.81386
Endometrium,16,5,2,21.09.24,1,-3,no,no,E2,1,5978.852204
Endometrium,16,5,2,21.09.24,1,-3,no,no,E2,5,10752.7446
Endometrium,16,5,2,21.09.24,1,-3,no,no,E2,10,9299.718363
Endometrium,16,5,2,21.09.24,1,-3,no,no,E2,20,16635.89332
Endometrium,16,5,3,21.09.24,1,-3,no,no,E1,1,6289.857663
Endometrium,16,5,3,21.09.24,1,-3,no,no,E1,5,5652.228583
Endometrium,16,5,3,21.09.24,1,-3,no,no,E1,10,5285.238782
Endometrium,16,5,3,21.09.24,1,-3,no,no,E1,20,5488.485563
Endometrium,16,5,3,21.09.24,1,-3,no,no,E1,1,4442.713002
Endometrium,16,5,3,21.09.24,1,-3,no,no,E1,5,4297.696327
Endometrium,16,5,3,21.09.24,1,-3,no,no,E1,10,5671.916413
Endometrium,16,5,3,21.09.24,1,-3,no,no,E1,20,7101.788979
Endometrium,16,5,3,21.09.24,1,-3,no,no,E1,1,6063.691379
Endometrium,16,5,3,21.09.24,1,-3,no,no,E1,5,6211.194385
Endometrium,16,5,3,21.09.24,1,-3,no,no,E1,10,6825.531872
Endometrium,16,5,3,21.09.24,1,-3,no,no,E1,20,9814.625898
Endometrium,16,5,3,21.09.24,1,-3,no,no,E1,1,13691.31413
Endometrium,16,5,3,21.09.24,1,-3,no,no,E1,5,22731.6602
Endometrium,16,5,3,21.09.24,1,-3,no,no,E1,10,22586.65365
Endometrium,16,5,3,21.09.24,1,-3,no,no,E1,20,27822.8742
Endometrium,16,5,3,21.09.24,1,-3,no,no,E2,1,1482.769022
Endometrium,16,5,3,21.09.24,1,-3,no,no,E2,5,1725.056257
Endometrium,16,5,3,21.09.24,1,-3,no,no,E2,10,3364.18901
Endometrium,16,5,3,21.09.24,1,-3,no,no,E2,20,3628.155258
Endometrium,16,5,3,21.09.24,1,-3,no,no,E2,1,5473.541167
Endometrium,16,5,3,21.09.24,1,-3,no,no,E2,5,4686.689319
Endometrium,16,5,3,21.09.24,1,-3,no,no,E2,10,6087.228659
Endometrium,16,5,3,21.09.24,1,-3,no,no,E2,20,6890.970823
Endometrium,16,5,3,21.09.24,1,-3,no,no,E2,1,4670.170463
Endometrium,16,5,3,21.09.24,1,-3,no,no,E2,5,6845.846844
Endometrium,16,5,3,21.09.24,1,-3,no,no,E2,10,8447.858004
Endometrium,16,5,3,21.09.24,1,-3,no,no,E2,20,9187.960687
Endometrium,16,5,3,21.09.24,1,-3,no,no,E2,1,7948.659193
Endometrium,16,5,3,21.09.24,1,-3,no,no,E2,5,5457.005122
Endometrium,16,5,3,21.09.24,1,-3,no,no,E2,10,7721.805658
Endometrium,16,5,3,21.09.24,1,-3,no,no,E2,20,11018.79422
Endometrium,16,5,1,21.09.24,1,-3,yes,no,E1,1,3027.07463
Endometrium,16,5,1,21.09.24,1,-3,yes,no,E1,5,3556.837763
Endometrium,16,5,1,21.09.24,1,-3,yes,no,E1,10,3770.275534
Endometrium,16,5,1,21.09.24,1,-3,yes,no,E1,20,4096.968165
Endometrium,16,5,1,21.09.24,1,-3,yes,no,E1,1,4166.658414
Endometrium,16,5,1,21.09.24,1,-3,yes,no,E1,5,4916.717818
Endometrium,16,5,1,21.09.24,1,-3,yes,no,E1,10,4940.776593
Endometrium,16,5,1,21.09.24,1,-3,yes,no,E1,20,5502.152228
Endometrium,16,5,1,21.09.24,1,-3,yes,no,E1,1,2510.081027
Endometrium,16,5,1,21.09.24,1,-3,yes,no,E1,5,2807.585111
Endometrium,16,5,1,21.09.24,1,-3,yes,no,E1,10,2948.614927
Endometrium,16,5,1,21.09.24,1,-3,yes,no,E1,20,3104.066094
Endometrium,16,5,1,21.09.24,1,-3,yes,no,E1,1,54.027271
Endometrium,16,5,1,21.09.24,1,-3,yes,no,E1,5,-5.236773
Endometrium,16,5,1,21.09.24,1,-3,yes,no,E1,10,45.434958
Endometrium,16,5,1,21.09.24,1,-3,yes,no,E1,20,38.025993
Endometrium,16,5,1,21.09.24,1,-3,yes,no,E2,1,999.222952
Endometrium,16,5,1,21.09.24,1,-3,yes,no,E2,5,1375.906214
Endometrium,16,5,1,21.09.24,1,-3,yes,no,E2,10,1530.692605
Endometrium,16,5,1,21.09.24,1,-3,yes,no,E2,20,2385.422218
Endometrium,16,5,1,21.09.24,1,-3,yes,no,E2,1,1285.675067
Endometrium,16,5,1,21.09.24,1,-3,yes,no,E2,5,1511.303161
Endometrium,16,5,1,21.09.24,1,-3,yes,no,E2,10,841.020584
Endometrium,16,5,1,21.09.24,1,-3,yes,no,E2,20,1151.429224
Endometrium,16,5,1,21.09.24,1,-3,yes,no,E2,1,150.097741
Endometrium,16,5,1,21.09.24,1,-3,yes,no,E2,5,110.162182
Endometrium,16,5,1,21.09.24,1,-3,yes,no,E2,10,293.361129
Endometrium,16,5,1,21.09.24,1,-3,yes,no,E2,20,554.77417
Endometrium,16,5,1,21.09.24,1,-3,yes,no,E2,1,16.5946
Endometrium,16,5,1,21.09.24,1,-3,yes,no,E2,5,24.838017
Endometrium,16,5,1,21.09.24,1,-3,yes,no,E2,10,55.391942
Endometrium,16,5,1,21.09.24,1,-3,yes,no,E2,20,-132.393624
Endometrium,16,5,1,21.09.24,1,1,no,no,E1,1,15504.11817
Endometrium,16,5,1,25.09.24,1,1,no,no,E1,5,15535.11868
Endometrium,16,5,1,25.09.24,1,1,no,no,E1,10,17322.23921
Endometrium,16,5,1,25.09.24,1,1,no,no,E1,20,14424.92073
Endometrium,16,5,1,25.09.24,1,1,no,no,E1,1,10543.684
Endometrium,16,5,1,25.09.24,1,1,no,no,E1,5,10925.36601
Endometrium,16,5,1,25.09.24,1,1,no,no,E1,10,11097.07206
Endometrium,16,5,1,25.09.24,1,1,no,no,E1,20,12093.31795
Endometrium,16,5,1,25.09.24,1,1,no,no,E1,1,4837.956352
Endometrium,16,5,1,25.09.24,1,1,no,no,E1,5,4973.264624
Endometrium,16,5,1,25.09.24,1,1,no,no,E1,10,5436.095701
Endometrium,16,5,1,25.09.24,1,1,no,no,E1,20,5928.655965
Endometrium,16,5,1,25.09.24,1,1,no,no,E1,1,11027.20611
Endometrium,16,5,1,25.09.24,1,1,no,no,E1,5,5160.761686
Endometrium,16,5,1,25.09.24,1,1,no,no,E1,10,4886.341138
Endometrium,16,5,1,25.09.24,1,1,no,no,E1,20,5623.420238
Endometrium,16,5,1,25.09.24,1,1,no,no,E1,1,13087.56882
Endometrium,16,5,1,25.09.24,1,1,no,no,E1,5,16063.85812
Endometrium,16,5,1,25.09.24,1,1,no,no,E1,10,14870.52695
Endometrium,16,5,1,25.09.24,1,1,no,no,E1,20,16470.1956
Endometrium,16,5,1,25.09.24,1,1,no,no,E2,1,1791.819967
Endometrium,16,5,1,25.09.24,1,1,no,no,E2,5,15051.11852
Endometrium,16,5,1,25.09.24,1,1,no,no,E2,10,10041.57804
Endometrium,16,5,1,25.09.24,1,1,no,no,E2,20,6773.111555
Endometrium,16,5,1,25.09.24,1,1,no,no,E2,1,232.478904
Endometrium,16,5,1,25.09.24,1,1,no,no,E2,5,785.097314
Endometrium,16,5,1,25.09.24,1,1,no,no,E2,10,1078.382665
Endometrium,16,5,1,25.09.24,1,1,no,no,E2,20,3096.298736
Endometrium,16,5,1,25.09.24,1,1,no,no,E2,1,1209.571841
Endometrium,16,5,1,25.09.24,1,1,no,no,E2,5,666.592454
Endometrium,16,5,1,25.09.24,1,1,no,no,E2,10,719.17618
Endometrium,16,5,1,25.09.24,1,1,no,no,E2,20,1254.26034
Endometrium,16,5,1,25.09.24,1,1,no,no,E2,1,3348.310145
Endometrium,16,5,1,25.09.24,1,1,no,no,E2,5,85.110472
Endometrium,16,5,1,25.09.24,1,1,no,no,E2,10,103.137371
Endometrium,16,5,1,25.09.24,1,1,no,no,E2,20,648.014749
Endometrium,16,5,1,25.09.24,1,1,no,no,E2,1,1325.44886
Endometrium,16,5,1,25.09.24,1,1,no,no,E2,5,536.886763
Endometrium,16,5,1,25.09.24,1,1,no,no,E2,10,1503.941022
Endometrium,16,5,1,25.09.24,1,1,no,no,E2,20,3919.89147
Endometrium,16,5,2,25.09.24,1,1,no,no,E1,1,5733.012685
Endometrium,16,5,2,25.09.24,1,1,no,no,E1,5,5835.835271
Endometrium,16,5,2,25.09.24,1,1,no,no,E1,10,6297.714892
Endometrium,16,5,2,25.09.24,1,1,no,no,E1,20,5953.688024
Endometrium,16,5,2,25.09.24,1,1,no,no,E1,1,6061.313771
Endometrium,16,5,2,25.09.24,1,1,no,no,E1,5,13178.19699
Endometrium,16,5,2,25.09.24,1,1,no,no,E1,10,13801.70052
Endometrium,16,5,2,25.09.24,1,1,no,no,E1,20,14313.52801
Endometrium,16,5,2,25.09.24,1,1,no,no,E2,1,1775.410958
Endometrium,16,5,2,25.09.24,1,1,no,no,E2,5,555.00859
Endometrium,16,5,2,25.09.24,1,1,no,no,E2,10,1705.366515
Endometrium,16,5,2,25.09.24,1,1,no,no,E2,20,3612.549855
Endometrium,16,5,2,25.09.24,1,1,no,no,E2,1,2336.13668
Endometrium,16,5,2,25.09.24,1,1,no,no,E2,5,3792.857399
Endometrium,16,5,2,25.09.24,1,1,no,no,E2,10,5324.115401
Endometrium,16,5,2,25.09.24,1,1,no,no,E2,20,4755.499123
Endometrium,16,5,3,25.09.24,1,1,no,no,E1,1,1293.320961
Endometrium,16,5,3,25.09.24,1,1,no,no,E1,5,1676.930864
Endometrium,16,5,3,25.09.24,1,1,no,no,E1,10,1565.965038
Endometrium,16,5,3,25.09.24,1,1,no,no,E1,20,1583.611871
Endometrium,16,5,3,25.09.24,1,1,no,no,E1,1,2928.689348
Endometrium,16,5,3,25.09.24,1,1,no,no,E1,5,3408.875139
Endometrium,16,5,3,25.09.24,1,1,no,no,E1,10,3470.060333
Endometrium,16,5,3,25.09.24,1,1,no,no,E1,20,3414.338419
Endometrium,16,5,3,25.09.24,1,1,no,no,E1,1,2478.061679
Endometrium,16,5,3,25.09.24,1,1,no,no,E1,5,2569.249216
Endometrium,16,5,3,25.09.24,1,1,no,no,E1,10,2825.373799
Endometrium,16,5,3,25.09.24,1,1,no,no,E1,20,3361.755967
Endometrium,16,5,3,25.09.24,1,1,no,no,E1,1,1933.199215
Endometrium,16,5,3,25.09.24,1,1,no,no,E1,5,2352.837771
Endometrium,16,5,3,25.09.24,1,1,no,no,E1,10,2181.159516
Endometrium,16,5,3,25.09.24,1,1,no,no,E1,20,1893.18581
Endometrium,16,5,3,25.09.24,1,1,no,no,E1,1,2266.262293
Endometrium,16,5,3,25.09.24,1,1,no,no,E1,5,2089.723969
Endometrium,16,5,3,25.09.24,1,1,no,no,E1,10,2132.742296
Endometrium,16,5,3,25.09.24,1,1,no,no,E1,20,2408.868134
Endometrium,16,5,3,25.09.24,1,1,no,no,E1,1,1697.812521
Endometrium,16,5,3,25.09.24,1,1,no,no,E1,5,1906.135193
Endometrium,16,5,3,25.09.24,1,1,no,no,E1,10,2094.170896
Endometrium,16,5,3,25.09.24,1,1,no,no,E1,20,2173.885723
Endometrium,16,5,3,25.09.24,1,1,no,no,E1,1,1159.38372
Endometrium,16,5,3,25.09.24,1,1,no,no,E1,5,1490.533382
Endometrium,16,5,3,25.09.24,1,1,no,no,E1,10,1685.341557
Endometrium,16,5,3,25.09.24,1,1,no,no,E1,20,1767.703078
Endometrium,16,5,3,25.09.24,1,1,no,no,E2,1,653.861002
Endometrium,16,5,3,25.09.24,1,1,no,no,E2,5,825.855581
Endometrium,16,5,3,25.09.24,1,1,no,no,E2,10,1103.410552
Endometrium,16,5,3,25.09.24,1,1,no,no,E2,20,1406.082223
Endometrium,16,5,3,25.09.24,1,1,no,no,E2,1,852.230361
Endometrium,16,5,3,25.09.24,1,1,no,no,E2,5,1461.778505
Endometrium,16,5,3,25.09.24,1,1,no,no,E2,10,1681.677886
Endometrium,16,5,3,25.09.24,1,1,no,no,E2,20,2098.035573
Endometrium,16,5,3,25.09.24,1,1,no,no,E2,1,885.599233
Endometrium,16,5,3,25.09.24,1,1,no,no,E2,5,1293.418833
Endometrium,16,5,3,25.09.24,1,1,no,no,E2,10,1487.995581
Endometrium,16,5,3,25.09.24,1,1,no,no,E2,20,2100.223342
Endometrium,16,5,3,25.09.24,1,1,no,no,E2,1,976.660953
Endometrium,16,5,3,25.09.24,1,1,no,no,E2,5,873.194973
Endometrium,16,5,3,25.09.24,1,1,no,no,E2,10,1145.49313
Endometrium,16,5,3,25.09.24,1,1,no,no,E2,20,1547.656925
Endometrium,16,5,3,25.09.24,1,1,no,no,E2,1,304.096082
Endometrium,16,5,3,25.09.24,1,1,no,no,E2,5,1045.643244
Endometrium,16,5,3,25.09.24,1,1,no,no,E2,10,1310.875974
Endometrium,16,5,3,25.09.24,1,1,no,no,E2,20,1425.071956
Endometrium,16,5,3,25.09.24,1,1,no,no,E2,1,827.055725
Endometrium,16,5,3,25.09.24,1,1,no,no,E2,5,792.893878
Endometrium,16,5,3,25.09.24,1,1,no,no,E2,10,1485.691436
Endometrium,16,5,3,25.09.24,1,1,no,no,E2,20,1717.216146
Endometrium,16,5,3,25.09.24,1,1,no,no,E2,1,441.901717
Endometrium,16,5,3,25.09.24,1,1,no,no,E2,5,642.805906
Endometrium,16,5,3,25.09.24,1,1,no,no,E2,10,834.33582
Endometrium,16,5,3,25.09.24,1,1,no,no,E2,20,1309.983203
Endometrium,16,5,1,25.09.24,1,1,yes,no,E1,1,476.525994
Endometrium,16,5,1,25.09.24,1,1,yes,no,E1,5,544.737911
Endometrium,16,5,1,25.09.24,1,1,yes,no,E1,10,554.1993
Endometrium,16,5,1,25.09.24,1,1,yes,no,E1,20,587.569856
Endometrium,16,5,1,25.09.24,1,1,yes,no,E1,1,3610.590387
Endometrium,16,5,1,25.09.24,1,1,yes,no,E1,5,4453.249044
Endometrium,16,5,1,25.09.24,1,1,yes,no,E1,10,4384.231396
Endometrium,16,5,1,25.09.24,1,1,yes,no,E1,20,4510.655605
Endometrium,16,5,1,25.09.24,1,1,yes,no,E1,1,1988.591698
Endometrium,16,5,1,25.09.24,1,1,yes,no,E1,5,2481.943657
Endometrium,16,5,1,25.09.24,1,1,yes,no,E1,10,2454.976319
Endometrium,16,5,1,25.09.24,1,1,yes,no,E1,20,2600.033155
Endometrium,16,5,1,25.09.24,1,1,yes,no,E2,1,26.823201
Endometrium,16,5,1,25.09.24,1,1,yes,no,E2,5,107.990098
Endometrium,16,5,1,25.09.24,1,1,yes,no,E2,10,132.568383
Endometrium,16,5,1,25.09.24,1,1,yes,no,E2,20,244.632615
Endometrium,16,5,1,25.09.24,1,1,yes,no,E2,1,1552.408416
Endometrium,16,5,1,25.09.24,1,1,yes,no,E2,5,1867.013321
Endometrium,16,5,1,25.09.24,1,1,yes,no,E2,10,1821.802977
Endometrium,16,5,1,25.09.24,1,1,yes,no,E2,20,2107.983617
Endometrium,16,5,1,25.09.24,1,1,yes,no,E2,1,331.598394
Endometrium,16,5,1,25.09.24,1,1,yes,no,E2,5,188.555332
Endometrium,16,5,1,25.09.24,1,1,yes,no,E2,10,328.004777
Endometrium,16,5,1,25.09.24,1,1,yes,no,E2,20,645.078074
Endometrium,16,5,2,25.09.24,1,1,yes,no,E1,1,15060.56373
Endometrium,16,5,2,25.09.24,1,1,yes,no,E1,5,15823.60172
Endometrium,16,5,2,25.09.24,1,1,yes,no,E1,10,15579.36635
Endometrium,16,5,2,25.09.24,1,1,yes,no,E1,20,15715.32195
Endometrium,16,5,2,25.09.24,1,1,yes,no,E1,1,16931.65453
Endometrium,16,5,2,25.09.24,1,1,yes,no,E1,5,18339.87435
Endometrium,16,5,2,25.09.24,1,1,yes,no,E1,10,19871.35954
Endometrium,16,5,2,25.09.24,1,1,yes,no,E1,20,23484.89505
Endometrium,16,5,2,25.09.24,1,1,yes,no,E1,1,7146.407096
Endometrium,16,5,2,25.09.24,1,1,yes,no,E1,5,8417.00261
Endometrium,16,5,2,25.09.24,1,1,yes,no,E1,10,7957.343127
Endometrium,16,5,2,25.09.24,1,1,yes,no,E1,20,6063.837009
Endometrium,16,5,2,25.09.24,1,1,yes,no,E1,1,11850.55064
Endometrium,16,5,2,25.09.24,1,1,yes,no,E1,5,9521.177842
Endometrium,16,5,2,25.09.24,1,1,yes,no,E1,10,10307.11929
Endometrium,16,5,2,25.09.24,1,1,yes,no,E1,20,11437.73744
Endometrium,16,5,2,25.09.24,1,1,yes,no,E1,1,3268.088256
Endometrium,16,5,2,25.09.24,1,1,yes,no,E1,5,3777.934085
Endometrium,16,5,2,25.09.24,1,1,yes,no,E1,10,3990.402688
Endometrium,16,5,2,25.09.24,1,1,yes,no,E1,20,4405.729697
Endometrium,16,5,2,25.09.24,1,1,yes,no,E1,1,3122.559433
Endometrium,16,5,2,25.09.24,1,1,yes,no,E1,5,3087.735126
Endometrium,16,5,2,25.09.24,1,1,yes,no,E1,10,3152.33998
Endometrium,16,5,2,25.09.24,1,1,yes,no,E1,20,3254.17217
Endometrium,16,5,2,25.09.24,1,1,yes,no,E2,1,2840.14245
Endometrium,16,5,2,25.09.24,1,1,yes,no,E2,5,1697.702407
Endometrium,16,5,2,25.09.24,1,1,yes,no,E2,10,2614.769126
Endometrium,16,5,2,25.09.24,1,1,yes,no,E2,20,2324.369804
Endometrium,16,5,2,25.09.24,1,1,yes,no,E2,1,10492.99869
Endometrium,16,5,2,25.09.24,1,1,yes,no,E2,5,4679.258594
Endometrium,16,5,2,25.09.24,1,1,yes,no,E2,10,6102.988135
Endometrium,16,5,2,25.09.24,1,1,yes,no,E2,20,6375.131837
Endometrium,16,5,2,25.09.24,1,1,yes,no,E2,1,1222.14239
Endometrium,16,5,2,25.09.24,1,1,yes,no,E2,5,1821.834728
Endometrium,16,5,2,25.09.24,1,1,yes,no,E2,10,2548.919269
Endometrium,16,5,2,25.09.24,1,1,yes,no,E2,20,2630.702286
Endometrium,16,5,2,25.09.24,1,1,yes,no,E2,1,1462.39023
Endometrium,16,5,2,25.09.24,1,1,yes,no,E2,5,2750.028493
Endometrium,16,5,2,25.09.24,1,1,yes,no,E2,10,2703.874939
Endometrium,16,5,2,25.09.24,1,1,yes,no,E2,20,2966.520284
Endometrium,16,5,2,25.09.24,1,1,yes,no,E2,1,904.255902
Endometrium,16,5,2,25.09.24,1,1,yes,no,E2,5,1023.030964
Endometrium,16,5,2,25.09.24,1,1,yes,no,E2,10,175.679817
Endometrium,16,5,2,25.09.24,1,1,yes,no,E2,20,685.944254
Endometrium,16,5,2,25.09.24,1,1,yes,no,E2,1,403.098994
Endometrium,16,5,2,25.09.24,1,1,yes,no,E2,5,212.486206
Endometrium,16,5,2,25.09.24,1,1,yes,no,E2,10,140.766285
Endometrium,16,5,2,25.09.24,1,1,yes,no,E2,20,1048.964931
Endometrium,16,5,3,25.09.24,1,1,yes,no,E1,1,6584.700738
Endometrium,16,5,3,25.09.24,1,1,yes,no,E1,5,7557.255447
Endometrium,16,5,3,25.09.24,1,1,yes,no,E1,10,7804.633327
Endometrium,16,5,3,25.09.24,1,1,yes,no,E1,20,9402.597174
Endometrium,16,5,3,25.09.24,1,1,yes,no,E1,1,5625.136186
Endometrium,16,5,3,25.09.24,1,1,yes,no,E1,5,5920.580796
Endometrium,16,5,3,25.09.24,1,1,yes,no,E1,10,6849.328593
Endometrium,16,5,3,25.09.24,1,1,yes,no,E1,20,6010.264472
Endometrium,16,5,3,25.09.24,1,1,yes,no,E1,1,10219.26912
Endometrium,16,5,3,25.09.24,1,1,yes,no,E1,5,10628.3635
Endometrium,16,5,3,25.09.24,1,1,yes,no,E1,10,9397.442244
Endometrium,16,5,3,25.09.24,1,1,yes,no,E1,20,11009.78834
Endometrium,16,5,3,25.09.24,1,1,yes,no,E1,1,9327.297585
Endometrium,16,5,3,25.09.24,1,1,yes,no,E1,5,9012.015877
Endometrium,16,5,3,25.09.24,1,1,yes,no,E1,10,8592.084827
Endometrium,16,5,3,25.09.24,1,1,yes,no,E1,20,7307.661079
Endometrium,16,5,3,25.09.24,1,1,yes,no,E1,1,5139.846437
Endometrium,16,5,3,25.09.24,1,1,yes,no,E1,5,5106.188018
Endometrium,16,5,3,25.09.24,1,1,yes,no,E1,10,3498.053605
Endometrium,16,5,3,25.09.24,1,1,yes,no,E1,20,4636.57321
Endometrium,16,5,3,25.09.24,1,1,yes,no,E1,1,4310.069231
Endometrium,16,5,3,25.09.24,1,1,yes,no,E1,5,5677.926614
Endometrium,16,5,3,25.09.24,1,1,yes,no,E1,10,5507.440456
Endometrium,16,5,3,25.09.24,1,1,yes,no,E1,20,5537.707989
Endometrium,16,5,3,25.09.24,1,1,yes,no,E2,1,3570.861025
Endometrium,16,5,3,25.09.24,1,1,yes,no,E2,5,3330.174916
Endometrium,16,5,3,25.09.24,1,1,yes,no,E2,10,4936.783896
Endometrium,16,5,3,25.09.24,1,1,yes,no,E2,20,4699.153781
Endometrium,16,5,3,25.09.24,1,1,yes,no,E2,1,925.775474
Endometrium,16,5,3,25.09.24,1,1,yes,no,E2,5,2905.224307
Endometrium,16,5,3,25.09.24,1,1,yes,no,E2,10,2438.852134
Endometrium,16,5,3,25.09.24,1,1,yes,no,E2,20,2611.186135
Endometrium,16,5,3,25.09.24,1,1,yes,no,E2,1,3185.356712
Endometrium,16,5,3,25.09.24,1,1,yes,no,E2,5,545.487069
Endometrium,16,5,3,25.09.24,1,1,yes,no,E2,10,2485.651985
Endometrium,16,5,3,25.09.24,1,1,yes,no,E2,20,3561.214492
Endometrium,16,5,3,25.09.24,1,1,yes,no,E2,1,1069.733522
Endometrium,16,5,3,25.09.24,1,1,yes,no,E2,5,2595.425315
Endometrium,16,5,3,25.09.24,1,1,yes,no,E2,10,3482.884304
Endometrium,16,5,3,25.09.24,1,1,yes,no,E2,20,4176.071418
Endometrium,16,5,3,25.09.24,1,1,yes,no,E2,1,6851.139791
Endometrium,16,5,3,25.09.24,1,1,yes,no,E2,5,9226.164332
Endometrium,16,5,3,25.09.24,1,1,yes,no,E2,10,9607.741627
Endometrium,16,5,3,25.09.24,1,1,yes,no,E2,20,8721.433128
Endometrium,16,5,3,25.09.24,1,1,yes,no,E2,1,1094.804959
Endometrium,16,5,3,25.09.24,1,1,yes,no,E2,5,1233.07263
Endometrium,16,5,3,25.09.24,1,1,yes,no,E2,10,1883.793972
Endometrium,16,5,3,25.09.24,1,1,yes,no,E2,20,2215.146654
Endometrium,16,5,1,25.09.24,1,1,yes,yes,E1,1,4982.538231
Endometrium,16,5,1,25.09.24,1,1,yes,yes,E1,5,5468.392568
Endometrium,16,5,1,25.09.24,1,1,yes,yes,E1,10,5765.256982
Endometrium,16,5,1,25.09.24,1,1,yes,yes,E1,20,6210.307592
Endometrium,16,5,1,25.09.24,1,1,yes,yes,E1,1,5312.667554
Endometrium,16,5,1,25.09.24,1,1,yes,yes,E1,5,5811.389365
Endometrium,16,5,1,25.09.24,1,1,yes,yes,E1,10,6093.907202
Endometrium,16,5,1,25.09.24,1,1,yes,yes,E1,20,6499.311526
Endometrium,16,5,1,25.09.24,1,1,yes,yes,E1,1,3728.781578
Endometrium,16,5,1,25.09.24,1,1,yes,yes,E1,5,4050.786861
Endometrium,16,5,1,25.09.24,1,1,yes,yes,E1,10,4129.518676
Endometrium,16,5,1,25.09.24,1,1,yes,yes,E1,20,4646.914394
Endometrium,16,5,1,25.09.24,1,1,yes,yes,E1,1,1238.65426
Endometrium,16,5,1,25.09.24,1,1,yes,yes,E1,5,984.625992
Endometrium,16,5,1,25.09.24,1,1,yes,yes,E1,10,961.436018
Endometrium,16,5,1,25.09.24,1,1,yes,yes,E1,20,910.731254
Endometrium,16,5,1,25.09.24,1,1,yes,yes,E2,1,163.903064
Endometrium,16,5,1,25.09.24,1,1,yes,yes,E2,5,947.407295
Endometrium,16,5,1,25.09.24,1,1,yes,yes,E2,10,959.301681
Endometrium,16,5,1,25.09.24,1,1,yes,yes,E2,20,1164.951583
Endometrium,16,5,1,25.09.24,1,1,yes,yes,E2,1,31.404223
Endometrium,16,5,1,25.09.24,1,1,yes,yes,E2,5,79.51138
Endometrium,16,5,1,25.09.24,1,1,yes,yes,E2,10,518.451814
Endometrium,16,5,1,25.09.24,1,1,yes,yes,E2,20,934.629248
Endometrium,16,5,1,25.09.24,1,1,yes,yes,E2,1,359.403264
Endometrium,16,5,1,25.09.24,1,1,yes,yes,E2,5,53.471856
Endometrium,16,5,1,25.09.24,1,1,yes,yes,E2,10,463.764639
Endometrium,16,5,1,25.09.24,1,1,yes,yes,E2,20,735.506404
Endometrium,16,5,1,25.09.24,1,1,yes,yes,E2,1,1080.952592
Endometrium,16,5,1,25.09.24,1,1,yes,yes,E2,5,1204.963567
Endometrium,16,5,1,25.09.24,1,1,yes,yes,E2,10,1042.31278
Endometrium,16,5,1,25.09.24,1,1,yes,yes,E2,20,977.44682
Endometrium,16,5,2,25.09.24,1,1,yes,yes,E1,1,1595.124423
Endometrium,16,5,2,25.09.24,1,1,yes,yes,E1,5,1912.001354
Endometrium,16,5,2,25.09.24,1,1,yes,yes,E1,10,1615.987535
Endometrium,16,5,2,25.09.24,1,1,yes,yes,E1,20,1781.886816
Endometrium,16,5,2,25.09.24,1,1,yes,yes,E1,1,16982.81939
Endometrium,16,5,2,25.09.24,1,1,yes,yes,E1,5,17439.80158
Endometrium,16,5,2,25.09.24,1,1,yes,yes,E1,10,18445.23268
Endometrium,16,5,2,25.09.24,1,1,yes,yes,E1,20,21568.57254
Endometrium,16,5,2,25.09.24,1,1,yes,yes,E1,1,3760.847018
Endometrium,16,5,2,25.09.24,1,1,yes,yes,E1,5,4382.538289
Endometrium,16,5,2,25.09.24,1,1,yes,yes,E1,10,4465.360862
Endometrium,16,5,2,25.09.24,1,1,yes,yes,E1,20,5488.313404
Endometrium,16,5,2,25.09.24,1,1,yes,yes,E1,1,9488.689053
Endometrium,16,5,2,25.09.24,1,1,yes,yes,E1,5,9603.17193
Endometrium,16,5,2,25.09.24,1,1,yes,yes,E1,10,9978.170341
Endometrium,16,5,2,25.09.24,1,1,yes,yes,E1,20,11333.36938
Endometrium,16,5,2,25.09.24,1,1,yes,yes,E1,1,3220.652963
Endometrium,16,5,2,25.09.24,1,1,yes,yes,E1,5,3206.114787
Endometrium,16,5,2,25.09.24,1,1,yes,yes,E1,10,3010.232008
Endometrium,16,5,2,25.09.24,1,1,yes,yes,E1,20,2951.080351
Endometrium,16,5,2,25.09.24,1,1,yes,yes,E2,1,392.210902
Endometrium,16,5,2,25.09.24,1,1,yes,yes,E2,5,495.047553
Endometrium,16,5,2,25.09.24,1,1,yes,yes,E2,10,454.777988
Endometrium,16,5,2,25.09.24,1,1,yes,yes,E2,20,634.570327
Endometrium,16,5,2,25.09.24,1,1,yes,yes,E2,1,1760.553021
Endometrium,16,5,2,25.09.24,1,1,yes,yes,E2,5,1337.127539
Endometrium,16,5,2,25.09.24,1,1,yes,yes,E2,10,2336.074377
Endometrium,16,5,2,25.09.24,1,1,yes,yes,E2,20,5492.681764
Endometrium,16,5,2,25.09.24,1,1,yes,yes,E2,1,431.569144
Endometrium,16,5,2,25.09.24,1,1,yes,yes,E2,5,292.645817
Endometrium,16,5,2,25.09.24,1,1,yes,yes,E2,10,852.617925
Endometrium,16,5,2,25.09.24,1,1,yes,yes,E2,20,1247.130555
Endometrium,16,5,2,25.09.24,1,1,yes,yes,E2,1,1603.325763
Endometrium,16,5,2,25.09.24,1,1,yes,yes,E2,5,68.206222
Endometrium,16,5,2,25.09.24,1,1,yes,yes,E2,10,1033.344891
Endometrium,16,5,2,25.09.24,1,1,yes,yes,E2,20,2044.813966
Endometrium,16,5,2,25.09.24,1,1,yes,yes,E2,1,1619.175186
Endometrium,16,5,2,25.09.24,1,1,yes,yes,E2,5,1500.922783
Endometrium,16,5,2,25.09.24,1,1,yes,yes,E2,10,2220.17357
Endometrium,16,5,2,25.09.24,1,1,yes,yes,E2,20,2390.138922
Endometrium,16,5,3,25.09.24,1,1,yes,yes,E1,1,1708.996991
Endometrium,16,5,3,25.09.24,1,1,yes,yes,E1,5,1968.957694
Endometrium,16,5,3,25.09.24,1,1,yes,yes,E1,10,2363.447312
Endometrium,16,5,3,25.09.24,1,1,yes,yes,E1,20,2588.792289
Endometrium,16,5,3,25.09.24,1,1,yes,yes,E1,1,1334.17375
Endometrium,16,5,3,25.09.24,1,1,yes,yes,E1,5,1382.081307
Endometrium,16,5,3,25.09.24,1,1,yes,yes,E1,10,1248.081104
Endometrium,16,5,3,25.09.24,1,1,yes,yes,E1,20,1631.589309
Endometrium,16,5,3,25.09.24,1,1,yes,yes,E1,1,1464.296934
Endometrium,16,5,3,25.09.24,1,1,yes,yes,E1,5,1558.560608
Endometrium,16,5,3,25.09.24,1,1,yes,yes,E1,10,1618.22729
Endometrium,16,5,3,25.09.24,1,1,yes,yes,E1,20,1704.300015
Endometrium,16,5,3,25.09.24,1,1,yes,yes,E2,1,1145.827874
Endometrium,16,5,3,25.09.24,1,1,yes,yes,E2,5,1899.975157
Endometrium,16,5,3,25.09.24,1,1,yes,yes,E2,10,2251.653663
Endometrium,16,5,3,25.09.24,1,1,yes,yes,E2,20,2863.160268
Endometrium,16,5,3,25.09.24,1,1,yes,yes,E2,1,1239.528587
Endometrium,16,5,3,25.09.24,1,1,yes,yes,E2,5,1601.878026
Endometrium,16,5,3,25.09.24,1,1,yes,yes,E2,10,1372.012373
Endometrium,16,5,3,25.09.24,1,1,yes,yes,E2,20,2026.106385
Endometrium,16,5,3,25.09.24,1,1,yes,yes,E2,1,801.169759
Endometrium,16,5,3,25.09.24,1,1,yes,yes,E2,5,870.858735
Endometrium,16,5,3,25.09.24,1,1,yes,yes,E2,10,951.593981
Endometrium,16,5,3,25.09.24,1,1,yes,yes,E2,20,960.121591
Endometrium,16,5,1,01.10.24,1,7,no,no,E1,1,4264.644102
Endometrium,16,5,1,01.10.24,1,7,no,no,E1,5,4699.518201
Endometrium,16,5,1,01.10.24,1,7,no,no,E1,10,5005.37983
Endometrium,16,5,1,01.10.24,1,7,no,no,E1,20,5074.51145
Endometrium,16,5,1,01.10.24,1,7,no,no,E1,1,726.344268
Endometrium,16,5,1,01.10.24,1,7,no,no,E1,5,680.008739
Endometrium,16,5,1,01.10.24,1,7,no,no,E1,10,906.862969
Endometrium,16,5,1,01.10.24,1,7,no,no,E1,20,1174.216604
Endometrium,16,5,1,01.10.24,1,7,no,no,E1,1,791.24235
Endometrium,16,5,1,01.10.24,1,7,no,no,E1,5,1097.301621
Endometrium,16,5,1,01.10.24,1,7,no,no,E1,10,1177.8428
Endometrium,16,5,1,01.10.24,1,7,no,no,E1,20,1644.014807
Endometrium,16,5,1,01.10.24,1,7,no,no,E1,1,3729.801009
Endometrium,16,5,1,01.10.24,1,7,no,no,E1,5,5345.399839
Endometrium,16,5,1,01.10.24,1,7,no,no,E1,10,5125.587336
Endometrium,16,5,1,01.10.24,1,7,no,no,E1,20,4161.890468
Endometrium,16,5,1,01.10.24,1,7,no,no,E1,1,3563.460517
Endometrium,16,5,1,01.10.24,1,7,no,no,E1,5,2655.911021
Endometrium,16,5,1,01.10.24,1,7,no,no,E1,10,2932.620731
Endometrium,16,5,1,01.10.24,1,7,no,no,E1,20,3572.045189
Endometrium,16,5,1,01.10.24,1,7,no,no,E1,1,1077.807968
Endometrium,16,5,1,01.10.24,1,7,no,no,E1,5,1402.638358
Endometrium,16,5,1,01.10.24,1,7,no,no,E1,10,1367.99957
Endometrium,16,5,1,01.10.24,1,7,no,no,E1,20,1401.834323
Endometrium,16,5,1,01.10.24,1,7,no,no,E1,1,3434.167402
Endometrium,16,5,1,01.10.24,1,7,no,no,E1,5,4406.97129
Endometrium,16,5,1,01.10.24,1,7,no,no,E1,10,4292.779286
Endometrium,16,5,1,01.10.24,1,7,no,no,E1,20,3802.207018
Endometrium,16,5,1,01.10.24,1,7,no,no,E2,1,2481.348968
Endometrium,16,5,1,01.10.24,1,7,no,no,E2,5,2383.515006
Endometrium,16,5,1,01.10.24,1,7,no,no,E2,10,2966.220568
Endometrium,16,5,1,01.10.24,1,7,no,no,E2,20,3043.73281
Endometrium,16,5,1,01.10.24,1,7,no,no,E2,1,514.191565
Endometrium,16,5,1,01.10.24,1,7,no,no,E2,5,932.38723
Endometrium,16,5,1,01.10.24,1,7,no,no,E2,10,1148.383883
Endometrium,16,5,1,01.10.24,1,7,no,no,E2,20,1405.852801
Endometrium,16,5,1,01.10.24,1,7,no,no,E2,1,711.637897
Endometrium,16,5,1,01.10.24,1,7,no,no,E2,5,997.584319
Endometrium,16,5,1,01.10.24,1,7,no,no,E2,10,1125.793275
Endometrium,16,5,1,01.10.24,1,7,no,no,E2,20,1241.765077
Endometrium,16,5,1,01.10.24,1,7,no,no,E2,1,3246.785929
Endometrium,16,5,1,01.10.24,1,7,no,no,E2,5,2187.774272
Endometrium,16,5,1,01.10.24,1,7,no,no,E2,10,3533.001808
Endometrium,16,5,1,01.10.24,1,7,no,no,E2,20,4552.333752
Endometrium,16,5,1,01.10.24,1,7,no,no,E2,1,1628.201508
Endometrium,16,5,1,01.10.24,1,7,no,no,E2,5,2636.763474
Endometrium,16,5,1,01.10.24,1,7,no,no,E2,10,2752.478773
Endometrium,16,5,1,01.10.24,1,7,no,no,E2,20,3479.716994
Endometrium,16,5,1,01.10.24,1,7,no,no,E2,1,175.946965
Endometrium,16,5,1,01.10.24,1,7,no,no,E2,5,852.376185
Endometrium,16,5,1,01.10.24,1,7,no,no,E2,10,877.27993
Endometrium,16,5,1,01.10.24,1,7,no,no,E2,20,1076.498783
Endometrium,16,5,1,01.10.24,1,7,no,no,E2,1,2078.795455
Endometrium,16,5,1,01.10.24,1,7,no,no,E2,5,834.261144
Endometrium,16,5,1,01.10.24,1,7,no,no,E2,10,1893.520715
Endometrium,16,5,1,01.10.24,1,7,no,no,E2,20,2883.587844
Endometrium,16,5,2,01.10.24,1,7,no,no,E1,1,2374.189751
Endometrium,16,5,2,01.10.24,1,7,no,no,E1,5,2323.936192
Endometrium,16,5,2,01.10.24,1,7,no,no,E1,10,2770.840434
Endometrium,16,5,2,01.10.24,1,7,no,no,E1,20,2576.809743
Endometrium,16,5,2,01.10.24,1,7,no,no,E1,1,3117.340545
Endometrium,16,5,2,01.10.24,1,7,no,no,E1,5,3698.794696
Endometrium,16,5,2,01.10.24,1,7,no,no,E1,10,3840.824149
Endometrium,16,5,2,01.10.24,1,7,no,no,E1,20,4116.799938
Endometrium,16,5,2,01.10.24,1,7,no,no,E1,1,3302.287562
Endometrium,16,5,2,01.10.24,1,7,no,no,E1,5,3363.03848
Endometrium,16,5,2,01.10.24,1,7,no,no,E1,10,3845.203314
Endometrium,16,5,2,01.10.24,1,7,no,no,E1,20,5053.58824
Endometrium,16,5,2,01.10.24,1,7,no,no,E1,1,7028.942863
Endometrium,16,5,2,01.10.24,1,7,no,no,E1,5,6227.239467
Endometrium,16,5,2,01.10.24,1,7,no,no,E1,10,6398.558037
Endometrium,16,5,2,01.10.24,1,7,no,no,E1,20,6958.970561
Endometrium,16,5,2,01.10.24,1,7,no,no,E1,1,5381.668594
Endometrium,16,5,2,01.10.24,1,7,no,no,E1,5,7456.214484
Endometrium,16,5,2,01.10.24,1,7,no,no,E1,10,6902.94669
Endometrium,16,5,2,01.10.24,1,7,no,no,E1,20,7373.149115
Endometrium,16,5,2,01.10.24,1,7,no,no,E1,1,7039.769909
Endometrium,16,5,2,01.10.24,1,7,no,no,E1,5,9677.495186
Endometrium,16,5,2,01.10.24,1,7,no,no,E1,10,8676.532697
Endometrium,16,5,2,01.10.24,1,7,no,no,E1,20,8068.701576
Endometrium,16,5,2,01.10.24,1,7,no,no,E1,1,4167.338303
Endometrium,16,5,2,01.10.24,1,7,no,no,E1,5,4018.636182
Endometrium,16,5,2,01.10.24,1,7,no,no,E1,10,2914.580539
Endometrium,16,5,2,01.10.24,1,7,no,no,E1,20,3157.864512
Endometrium,16,5,2,01.10.24,1,7,no,no,E2,1,365.511149
Endometrium,16,5,2,01.10.24,1,7,no,no,E2,5,425.694553
Endometrium,16,5,2,01.10.24,1,7,no,no,E2,10,554.257811
Endometrium,16,5,2,01.10.24,1,7,no,no,E2,20,1107.327911
Endometrium,16,5,2,01.10.24,1,7,no,no,E2,1,24.826063
Endometrium,16,5,2,01.10.24,1,7,no,no,E2,5,115.816877
Endometrium,16,5,2,01.10.24,1,7,no,no,E2,10,154.583783
Endometrium,16,5,2,01.10.24,1,7,no,no,E2,20,574.759465
Endometrium,16,5,2,01.10.24,1,7,no,no,E2,1,324.877458
Endometrium,16,5,2,01.10.24,1,7,no,no,E2,5,1381.470416
Endometrium,16,5,2,01.10.24,1,7,no,no,E2,10,244.00551
Endometrium,16,5,2,01.10.24,1,7,no,no,E2,20,418.214939
Endometrium,16,5,2,01.10.24,1,7,no,no,E2,1,3090.763228
Endometrium,16,5,2,01.10.24,1,7,no,no,E2,5,3795.193455
Endometrium,16,5,2,01.10.24,1,7,no,no,E2,10,3695.771805
Endometrium,16,5,2,01.10.24,1,7,no,no,E2,20,3593.239032
Endometrium,16,5,2,01.10.24,1,7,no,no,E2,1,3501.490081
Endometrium,16,5,2,01.10.24,1,7,no,no,E2,5,2129.843978
Endometrium,16,5,2,01.10.24,1,7,no,no,E2,10,3967.181387
Endometrium,16,5,2,01.10.24,1,7,no,no,E2,20,4034.212095
Endometrium,16,5,2,01.10.24,1,7,no,no,E2,1,4446.462076
Endometrium,16,5,2,01.10.24,1,7,no,no,E2,5,3815.515522
Endometrium,16,5,2,01.10.24,1,7,no,no,E2,10,5836.947917
Endometrium,16,5,2,01.10.24,1,7,no,no,E2,20,6037.28555
Endometrium,16,5,2,01.10.24,1,7,no,no,E2,1,1950.713083
Endometrium,16,5,2,01.10.24,1,7,no,no,E2,5,2534.930248
Endometrium,16,5,2,01.10.24,1,7,no,no,E2,10,3979.496091
Endometrium,16,5,2,01.10.24,1,7,no,no,E2,20,3342.426966
Endometrium,16,5,3,01.10.24,1,7,no,no,E1,1,3230.335744
Endometrium,16,5,3,01.10.24,1,7,no,no,E1,5,2825.621087
Endometrium,16,5,3,01.10.24,1,7,no,no,E1,10,3122.904953
Endometrium,16,5,3,01.10.24,1,7,no,no,E1,20,4060.287417
Endometrium,16,5,3,01.10.24,1,7,no,no,E1,1,2984.008536
Endometrium,16,5,3,01.10.24,1,7,no,no,E1,5,3371.586986
Endometrium,16,5,3,01.10.24,1,7,no,no,E1,10,3579.025506
Endometrium,16,5,3,01.10.24,1,7,no,no,E1,20,4090.236934
Endometrium,16,5,3,01.10.24,1,7,no,no,E1,1,2812.668187
Endometrium,16,5,3,01.10.24,1,7,no,no,E1,5,3181.062602
Endometrium,16,5,3,01.10.24,1,7,no,no,E1,10,3557.876954
Endometrium,16,5,3,01.10.24,1,7,no,no,E1,20,3540.004877
Endometrium,16,5,3,01.10.24,1,7,no,no,E1,1,3254.745281
Endometrium,16,5,3,01.10.24,1,7,no,no,E1,5,3782.424261
Endometrium,16,5,3,01.10.24,1,7,no,no,E1,10,3830.222306
Endometrium,16,5,3,01.10.24,1,7,no,no,E1,20,4153.941904
Endometrium,16,5,3,01.10.24,1,7,no,no,E1,1,4878.719823
Endometrium,16,5,3,01.10.24,1,7,no,no,E1,5,5465.349747
Endometrium,16,5,3,01.10.24,1,7,no,no,E1,10,5437.118662
Endometrium,16,5,3,01.10.24,1,7,no,no,E1,20,5460.086776
Endometrium,16,5,3,01.10.24,1,7,no,no,E1,1,4683.373077
Endometrium,16,5,3,01.10.24,1,7,no,no,E1,5,3842.64855
Endometrium,16,5,3,01.10.24,1,7,no,no,E1,10,5039.149182
Endometrium,16,5,3,01.10.24,1,7,no,no,E1,20,5432.281732
Endometrium,16,5,3,01.10.24,1,7,no,no,E1,1,5305.273621
Endometrium,16,5,3,01.10.24,1,7,no,no,E1,5,6310.545288
Endometrium,16,5,3,01.10.24,1,7,no,no,E1,10,6268.426459
Endometrium,16,5,3,01.10.24,1,7,no,no,E1,20,6460.647595
Endometrium,16,5,3,01.10.24,1,7,no,no,E1,1,4271.465429
Endometrium,16,5,3,01.10.24,1,7,no,no,E1,5,5063.254995
Endometrium,16,5,3,01.10.24,1,7,no,no,E1,10,5132.979898
Endometrium,16,5,3,01.10.24,1,7,no,no,E1,20,5493.674049
Endometrium,16,5,3,01.10.24,1,7,no,no,E2,1,3412.00501
Endometrium,16,5,3,01.10.24,1,7,no,no,E2,5,3756.170854
Endometrium,16,5,3,01.10.24,1,7,no,no,E2,10,3607.787525
Endometrium,16,5,3,01.10.24,1,7,no,no,E2,20,3605.255094
Endometrium,16,5,3,01.10.24,1,7,no,no,E2,1,2033.36451
Endometrium,16,5,3,01.10.24,1,7,no,no,E2,5,2583.118254
Endometrium,16,5,3,01.10.24,1,7,no,no,E2,10,2842.165916
Endometrium,16,5,3,01.10.24,1,7,no,no,E2,20,3184.03639
Endometrium,16,5,3,01.10.24,1,7,no,no,E2,1,938.751169
Endometrium,16,5,3,01.10.24,1,7,no,no,E2,5,836.924518
Endometrium,16,5,3,01.10.24,1,7,no,no,E2,10,1194.485391
Endometrium,16,5,3,01.10.24,1,7,no,no,E2,20,1587.97706
Endometrium,16,5,3,01.10.24,1,7,no,no,E2,1,1083.834808
Endometrium,16,5,3,01.10.24,1,7,no,no,E2,5,610.694688
Endometrium,16,5,3,01.10.24,1,7,no,no,E2,10,1510.781915
Endometrium,16,5,3,01.10.24,1,7,no,no,E2,20,1659.740085
Endometrium,16,5,3,01.10.24,1,7,no,no,E2,1,1588.093368
Endometrium,16,5,3,01.10.24,1,7,no,no,E2,5,2222.128364
Endometrium,16,5,3,01.10.24,1,7,no,no,E2,10,1748.026977
Endometrium,16,5,3,01.10.24,1,7,no,no,E2,20,3046.677247
Endometrium,16,5,3,01.10.24,1,7,no,no,E2,1,726.819539
Endometrium,16,5,3,01.10.24,1,7,no,no,E2,5,2608.918272
Endometrium,16,5,3,01.10.24,1,7,no,no,E2,10,2385.545233
Endometrium,16,5,3,01.10.24,1,7,no,no,E2,20,2583.316977
Endometrium,16,5,3,01.10.24,1,7,no,no,E2,1,2408.394466
Endometrium,16,5,3,01.10.24,1,7,no,no,E2,5,1365.068923
Endometrium,16,5,3,01.10.24,1,7,no,no,E2,10,1967.776524
Endometrium,16,5,3,01.10.24,1,7,no,no,E2,20,2915.290927
Endometrium,16,5,3,01.10.24,1,7,no,no,E2,1,2113.255878
Endometrium,16,5,3,01.10.24,1,7,no,no,E2,5,1388.656129
Endometrium,16,5,3,01.10.24,1,7,no,no,E2,10,1589.607192
Endometrium,16,5,3,01.10.24,1,7,no,no,E2,20,3165.593081
Endometrium,16,5,1,01.10.24,1,7,yes,no,E1,1,4269.469912
Endometrium,16,5,1,01.10.24,1,7,yes,no,E1,5,3908.578451
Endometrium,16,5,1,01.10.24,1,7,yes,no,E1,10,4086.460862
Endometrium,16,5,1,01.10.24,1,7,yes,no,E1,20,3914.468833
Endometrium,16,5,1,01.10.24,1,7,yes,no,E1,1,1954.833259
Endometrium,16,5,1,01.10.24,1,7,yes,no,E1,5,2337.444799
Endometrium,16,5,1,01.10.24,1,7,yes,no,E1,10,2618.9935
Endometrium,16,5,1,01.10.24,1,7,yes,no,E1,20,2695.871262
Endometrium,16,5,1,01.10.24,1,7,yes,no,E1,1,2234.773265
Endometrium,16,5,1,01.10.24,1,7,yes,no,E1,5,2194.36876
Endometrium,16,5,1,01.10.24,1,7,yes,no,E1,10,2406.063173
Endometrium,16,5,1,01.10.24,1,7,yes,no,E1,20,2317.362995
Endometrium,16,5,1,01.10.24,1,7,yes,no,E1,1,2159.183749
Endometrium,16,5,1,01.10.24,1,7,yes,no,E1,5,2856.047466
Endometrium,16,5,1,01.10.24,1,7,yes,no,E1,10,3109.308259
Endometrium,16,5,1,01.10.24,1,7,yes,no,E1,20,3533.916995
Endometrium,16,5,1,01.10.24,1,7,yes,no,E1,1,1969.206384
Endometrium,16,5,1,01.10.24,1,7,yes,no,E1,5,2374.215274
Endometrium,16,5,1,01.10.24,1,7,yes,no,E1,10,2256.266222
Endometrium,16,5,1,01.10.24,1,7,yes,no,E1,20,2542.465745
Endometrium,16,5,1,01.10.24,1,7,yes,no,E2,1,1669.086168
Endometrium,16,5,1,01.10.24,1,7,yes,no,E2,5,3466.906495
Endometrium,16,5,1,01.10.24,1,7,yes,no,E2,10,3838.428625
Endometrium,16,5,1,01.10.24,1,7,yes,no,E2,20,3576.396643
Endometrium,16,5,1,01.10.24,1,7,yes,no,E2,1,778.479461
Endometrium,16,5,1,01.10.24,1,7,yes,no,E2,5,791.400642
Endometrium,16,5,1,01.10.24,1,7,yes,no,E2,10,978.660476
Endometrium,16,5,1,01.10.24,1,7,yes,no,E2,20,1128.993404
Endometrium,16,5,1,01.10.24,1,7,yes,no,E2,1,540.211469
Endometrium,16,5,1,01.10.24,1,7,yes,no,E2,5,389.879942
Endometrium,16,5,1,01.10.24,1,7,yes,no,E2,10,769.175667
Endometrium,16,5,1,01.10.24,1,7,yes,no,E2,20,905.273584
Endometrium,16,5,1,01.10.24,1,7,yes,no,E2,1,1660.249962
Endometrium,16,5,1,01.10.24,1,7,yes,no,E2,5,1834.396383
Endometrium,16,5,1,01.10.24,1,7,yes,no,E2,10,1429.809046
Endometrium,16,5,1,01.10.24,1,7,yes,no,E2,20,1105.224851
Endometrium,16,5,1,01.10.24,1,7,yes,no,E2,1,615.027936
Endometrium,16,5,1,01.10.24,1,7,yes,no,E2,5,758.337043
Endometrium,16,5,1,01.10.24,1,7,yes,no,E2,10,1121.198667
Endometrium,16,5,1,01.10.24,1,7,yes,no,E2,20,1521.09462
Endometrium,16,5,2,01.10.24,1,7,yes,no,E1,1,1400.312678
Endometrium,16,5,2,01.10.24,1,7,yes,no,E1,5,2030.431772
Endometrium,16,5,2,01.10.24,1,7,yes,no,E1,10,2210.470452
Endometrium,16,5,2,01.10.24,1,7,yes,no,E1,20,2337.134484
Endometrium,16,5,2,01.10.24,1,7,yes,no,E1,1,1390.775153
Endometrium,16,5,2,01.10.24,1,7,yes,no,E1,5,1489.197846
Endometrium,16,5,2,01.10.24,1,7,yes,no,E1,10,1574.666993
Endometrium,16,5,2,01.10.24,1,7,yes,no,E1,20,1808.088913
Endometrium,16,5,2,01.10.24,1,7,yes,no,E1,1,424.89103
Endometrium,16,5,2,01.10.24,1,7,yes,no,E1,5,1051.984412
Endometrium,16,5,2,01.10.24,1,7,yes,no,E1,10,1222.8161
Endometrium,16,5,2,01.10.24,1,7,yes,no,E1,20,1758.756318
Endometrium,16,5,2,01.10.24,1,7,yes,no,E1,1,689.743719
Endometrium,16,5,2,01.10.24,1,7,yes,no,E1,5,655.442534
Endometrium,16,5,2,01.10.24,1,7,yes,no,E1,10,912.950901
Endometrium,16,5,2,01.10.24,1,7,yes,no,E1,20,982.333951
Endometrium,16,5,2,01.10.24,1,7,yes,no,E1,1,736.730294
Endometrium,16,5,2,01.10.24,1,7,yes,no,E1,5,978.990017
Endometrium,16,5,2,01.10.24,1,7,yes,no,E1,10,968.262261
Endometrium,16,5,2,01.10.24,1,7,yes,no,E1,20,1122.344341
Endometrium,16,5,2,01.10.24,1,7,yes,no,E1,1,1003.73712
Endometrium,16,5,2,01.10.24,1,7,yes,no,E1,5,1231.769465
Endometrium,16,5,2,01.10.24,1,7,yes,no,E1,10,1502.106478
Endometrium,16,5,2,01.10.24,1,7,yes,no,E1,20,1814.070518
Endometrium,16,5,2,01.10.24,1,7,yes,no,E1,1,821.997906
Endometrium,16,5,2,01.10.24,1,7,yes,no,E1,5,816.484002
Endometrium,16,5,2,01.10.24,1,7,yes,no,E1,10,1077.454786
Endometrium,16,5,2,01.10.24,1,7,yes,no,E1,20,1245.252555
Endometrium,16,5,2,01.10.24,1,7,yes,no,E2,1,1163.442795
Endometrium,16,5,2,01.10.24,1,7,yes,no,E2,5,1612.965194
Endometrium,16,5,2,01.10.24,1,7,yes,no,E2,10,1553.684814
Endometrium,16,5,2,01.10.24,1,7,yes,no,E2,20,1593.554513
Endometrium,16,5,2,01.10.24,1,7,yes,no,E2,1,230.842712
Endometrium,16,5,2,01.10.24,1,7,yes,no,E2,5,418.466139
Endometrium,16,5,2,01.10.24,1,7,yes,no,E2,10,572.550327
Endometrium,16,5,2,01.10.24,1,7,yes,no,E2,20,765.342983
Endometrium,16,5,2,01.10.24,1,7,yes,no,E2,1,176.778188
Endometrium,16,5,2,01.10.24,1,7,yes,no,E2,5,810.102175
Endometrium,16,5,2,01.10.24,1,7,yes,no,E2,10,1006.60889
Endometrium,16,5,2,01.10.24,1,7,yes,no,E2,20,973.987145
Endometrium,16,5,2,01.10.24,1,7,yes,no,E2,1,59.078542
Endometrium,16,5,2,01.10.24,1,7,yes,no,E2,5,342.055033
Endometrium,16,5,2,01.10.24,1,7,yes,no,E2,10,377.233452
Endometrium,16,5,2,01.10.24,1,7,yes,no,E2,20,612.861915
Endometrium,16,5,2,01.10.24,1,7,yes,no,E2,1,287.525806
Endometrium,16,5,2,01.10.24,1,7,yes,no,E2,5,312.556058
Endometrium,16,5,2,01.10.24,1,7,yes,no,E2,10,205.802583
Endometrium,16,5,2,01.10.24,1,7,yes,no,E2,20,404.75957
Endometrium,16,5,2,01.10.24,1,7,yes,no,E2,1,291.072893
Endometrium,16,5,2,01.10.24,1,7,yes,no,E2,5,505.181313
Endometrium,16,5,2,01.10.24,1,7,yes,no,E2,10,496.835524
Endometrium,16,5,2,01.10.24,1,7,yes,no,E2,20,495.946802
Endometrium,16,5,2,01.10.24,1,7,yes,no,E2,1,97.244113
Endometrium,16,5,2,01.10.24,1,7,yes,no,E2,5,413.689838
Endometrium,16,5,2,01.10.24,1,7,yes,no,E2,10,374.928082
Endometrium,16,5,2,01.10.24,1,7,yes,no,E2,20,508.63535
Endometrium,16,5,3,01.10.24,1,7,yes,no,E1,1,447.45372
Endometrium,16,5,3,01.10.24,1,7,yes,no,E1,5,546.246371
Endometrium,16,5,3,01.10.24,1,7,yes,no,E1,10,576.120228
Endometrium,16,5,3,01.10.24,1,7,yes,no,E1,20,668.685363
Endometrium,16,5,3,01.10.24,1,7,yes,no,E1,1,628.654676
Endometrium,16,5,3,01.10.24,1,7,yes,no,E1,5,757.298819
Endometrium,16,5,3,01.10.24,1,7,yes,no,E1,10,886.804741
Endometrium,16,5,3,01.10.24,1,7,yes,no,E1,20,1148.066165
Endometrium,16,5,3,01.10.24,1,7,yes,no,E2,1,170.443315
Endometrium,16,5,3,01.10.24,1,7,yes,no,E2,5,153.590108
Endometrium,16,5,3,01.10.24,1,7,yes,no,E2,10,244.884316
Endometrium,16,5,3,01.10.24,1,7,yes,no,E2,20,314.70414
Endometrium,16,5,3,01.10.24,1,7,yes,no,E2,1,167.477527
Endometrium,16,5,3,01.10.24,1,7,yes,no,E2,5,397.963007
Endometrium,16,5,3,01.10.24,1,7,yes,no,E2,10,449.024111
Endometrium,16,5,3,01.10.24,1,7,yes,no,E2,20,609.227399
Endometrium,16,5,1,01.10.24,1,7,yes,yes,E1,1,1561.962112
Endometrium,16,5,1,01.10.24,1,7,yes,yes,E1,5,1525.503611
Endometrium,16,5,1,01.10.24,1,7,yes,yes,E1,10,1487.10462
Endometrium,16,5,1,01.10.24,1,7,yes,yes,E1,20,1685.152995
Endometrium,16,5,1,01.10.24,1,7,yes,yes,E1,1,1978.914847
Endometrium,16,5,1,01.10.24,1,7,yes,yes,E1,5,2158.666485
Endometrium,16,5,1,01.10.24,1,7,yes,yes,E1,10,2268.887113
Endometrium,16,5,1,01.10.24,1,7,yes,yes,E1,20,2574.165806
Endometrium,16,5,1,01.10.24,1,7,yes,yes,E1,1,3303.329749
Endometrium,16,5,1,01.10.24,1,7,yes,yes,E1,5,3754.237819
Endometrium,16,5,1,01.10.24,1,7,yes,yes,E1,10,3772.498564
Endometrium,16,5,1,01.10.24,1,7,yes,yes,E1,20,3888.882657
Endometrium,16,5,1,01.10.24,1,7,yes,yes,E1,1,3834.939259
Endometrium,16,5,1,01.10.24,1,7,yes,yes,E1,5,4338.417257
Endometrium,16,5,1,01.10.24,1,7,yes,yes,E1,10,4258.635436
Endometrium,16,5,1,01.10.24,1,7,yes,yes,E1,20,4689.665867
Endometrium,16,5,1,01.10.24,1,7,yes,yes,E1,1,420.322288
Endometrium,16,5,1,01.10.24,1,7,yes,yes,E1,5,733.078836
Endometrium,16,5,1,01.10.24,1,7,yes,yes,E1,10,1086.38155
Endometrium,16,5,1,01.10.24,1,7,yes,yes,E1,20,1371.850673
Endometrium,16,5,1,01.10.24,1,7,yes,yes,E2,1,711.388064
Endometrium,16,5,1,01.10.24,1,7,yes,yes,E2,5,778.470689
Endometrium,16,5,1,01.10.24,1,7,yes,yes,E2,10,553.361375
Endometrium,16,5,1,01.10.24,1,7,yes,yes,E2,20,1304.491688
Endometrium,16,5,1,01.10.24,1,7,yes,yes,E2,1,332.525047
Endometrium,16,5,1,01.10.24,1,7,yes,yes,E2,5,95.925318
Endometrium,16,5,1,01.10.24,1,7,yes,yes,E2,10,252.153109
Endometrium,16,5,1,01.10.24,1,7,yes,yes,E2,20,368.177923
Endometrium,16,5,1,01.10.24,1,7,yes,yes,E2,1,1097.789218
Endometrium,16,5,1,01.10.24,1,7,yes,yes,E2,5,1117.252198
Endometrium,16,5,1,01.10.24,1,7,yes,yes,E2,10,1507.367901
Endometrium,16,5,1,01.10.24,1,7,yes,yes,E2,20,1606.300113
Endometrium,16,5,1,01.10.24,1,7,yes,yes,E2,1,371.638668
Endometrium,16,5,1,01.10.24,1,7,yes,yes,E2,5,317.662491
Endometrium,16,5,1,01.10.24,1,7,yes,yes,E2,10,418.800221
Endometrium,16,5,1,01.10.24,1,7,yes,yes,E2,20,313.931439
Endometrium,16,5,1,01.10.24,1,7,yes,yes,E2,1,208.63929
Endometrium,16,5,1,01.10.24,1,7,yes,yes,E2,5,628.843532
Endometrium,16,5,1,01.10.24,1,7,yes,yes,E2,10,739.193342
Endometrium,16,5,1,01.10.24,1,7,yes,yes,E2,20,964.359432
Endometrium,16,5,2,01.10.24,1,7,yes,yes,E1,1,3554.622603
Endometrium,16,5,2,01.10.24,1,7,yes,yes,E1,5,4048.453363
Endometrium,16,5,2,01.10.24,1,7,yes,yes,E1,10,4134.800477
Endometrium,16,5,2,01.10.24,1,7,yes,yes,E1,20,4460.08344
Endometrium,16,5,2,01.10.24,1,7,yes,yes,E1,1,3230.426718
Endometrium,16,5,2,01.10.24,1,7,yes,yes,E1,5,3537.083179
Endometrium,16,5,2,01.10.24,1,7,yes,yes,E1,10,3647.792098
Endometrium,16,5,2,01.10.24,1,7,yes,yes,E1,20,3928.548446
Endometrium,16,5,2,01.10.24,1,7,yes,yes,E1,1,2061.183133
Endometrium,16,5,2,01.10.24,1,7,yes,yes,E1,5,2127.075655
Endometrium,16,5,2,01.10.24,1,7,yes,yes,E1,10,2111.116424
Endometrium,16,5,2,01.10.24,1,7,yes,yes,E1,20,1455.816689
Endometrium,16,5,2,01.10.24,1,7,yes,yes,E1,1,2506.214589
Endometrium,16,5,2,01.10.24,1,7,yes,yes,E1,5,3996.830435
Endometrium,16,5,2,01.10.24,1,7,yes,yes,E1,10,3965.84505
Endometrium,16,5,2,01.10.24,1,7,yes,yes,E1,20,4322.937009
Endometrium,16,5,2,01.10.24,1,7,yes,yes,E2,1,2561.111565
Endometrium,16,5,2,01.10.24,1,7,yes,yes,E2,5,2505.946143
Endometrium,16,5,2,01.10.24,1,7,yes,yes,E2,10,3199.622857
Endometrium,16,5,2,01.10.24,1,7,yes,yes,E2,20,3085.348594
Endometrium,16,5,2,01.10.24,1,7,yes,yes,E2,1,354.9829
Endometrium,16,5,2,01.10.24,1,7,yes,yes,E2,5,244.016088
Endometrium,16,5,2,01.10.24,1,7,yes,yes,E2,10,457.034921
Endometrium,16,5,2,01.10.24,1,7,yes,yes,E2,20,918.315436
Endometrium,16,5,2,01.10.24,1,7,yes,yes,E2,1,694.101249
Endometrium,16,5,2,01.10.24,1,7,yes,yes,E2,5,999.797395
Endometrium,16,5,2,01.10.24,1,7,yes,yes,E2,10,1417.707463
Endometrium,16,5,2,01.10.24,1,7,yes,yes,E2,20,1967.165586
Endometrium,16,5,2,01.10.24,1,7,yes,yes,E2,1,3221.735245
Endometrium,16,5,2,01.10.24,1,7,yes,yes,E2,5,3286.563612
Endometrium,16,5,2,01.10.24,1,7,yes,yes,E2,10,4034.292801
Endometrium,16,5,2,01.10.24,1,7,yes,yes,E2,20,4053.955979
Endometrium,16,5,3,02.10.24,1,7,yes,yes,E1,1,1956.589157
Endometrium,16,5,3,02.10.24,1,7,yes,yes,E1,5,2187.119895
Endometrium,16,5,3,02.10.24,1,7,yes,yes,E1,10,2443.76692
Endometrium,16,5,3,02.10.24,1,7,yes,yes,E1,20,2398.492456
Endometrium,16,5,3,02.10.24,1,7,yes,yes,E1,1,1581.964598
Endometrium,16,5,3,02.10.24,1,7,yes,yes,E1,5,1814.282628
Endometrium,16,5,3,02.10.24,1,7,yes,yes,E1,10,1711.234054
Endometrium,16,5,3,02.10.24,1,7,yes,yes,E1,20,1773.274572
Endometrium,16,5,3,02.10.24,1,7,yes,yes,E1,1,1404.634244
Endometrium,16,5,3,02.10.24,1,7,yes,yes,E1,5,1456.903328
Endometrium,16,5,3,02.10.24,1,7,yes,yes,E1,10,1551.181955
Endometrium,16,5,3,02.10.24,1,7,yes,yes,E1,20,1569.731828
Endometrium,16,5,3,02.10.24,1,7,yes,yes,E1,1,1463.020441
Endometrium,16,5,3,02.10.24,1,7,yes,yes,E1,5,1517.303529
Endometrium,16,5,3,02.10.24,1,7,yes,yes,E1,10,1486.285828
Endometrium,16,5,3,02.10.24,1,7,yes,yes,E1,20,1525.118211
Endometrium,16,5,3,02.10.24,1,7,yes,yes,E1,1,1469.266309
Endometrium,16,5,3,02.10.24,1,7,yes,yes,E1,5,1516.807874
Endometrium,16,5,3,02.10.24,1,7,yes,yes,E1,10,1545.059866
Endometrium,16,5,3,02.10.24,1,7,yes,yes,E1,20,1409.353538
Endometrium,16,5,3,02.10.24,1,7,yes,yes,E1,1,3033.348158
Endometrium,16,5,3,02.10.24,1,7,yes,yes,E1,5,3188.500772
Endometrium,16,5,3,02.10.24,1,7,yes,yes,E1,10,3449.329593
Endometrium,16,5,3,02.10.24,1,7,yes,yes,E1,20,3622.319371
Endometrium,16,5,3,02.10.24,1,7,yes,yes,E1,1,1066.563784
Endometrium,16,5,3,02.10.24,1,7,yes,yes,E1,5,1116.066645
Endometrium,16,5,3,02.10.24,1,7,yes,yes,E1,10,1105.962406
Endometrium,16,5,3,02.10.24,1,7,yes,yes,E1,20,1127.482508
Endometrium,16,5,3,02.10.24,1,7,yes,yes,E1,1,1298.708313
Endometrium,16,5,3,02.10.24,1,7,yes,yes,E1,5,1256.027692
Endometrium,16,5,3,02.10.24,1,7,yes,yes,E1,10,1350.445887
Endometrium,16,5,3,02.10.24,1,7,yes,yes,E1,20,1374.478056
Endometrium,16,5,3,02.10.24,1,7,yes,yes,E2,1,114.686248
Endometrium,16,5,3,02.10.24,1,7,yes,yes,E2,5,158.215039
Endometrium,16,5,3,02.10.24,1,7,yes,yes,E2,10,239.557528
Endometrium,16,5,3,02.10.24,1,7,yes,yes,E2,20,262.92199
Endometrium,16,5,3,02.10.24,1,7,yes,yes,E2,1,228.46082
Endometrium,16,5,3,02.10.24,1,7,yes,yes,E2,5,19.93637
Endometrium,16,5,3,02.10.24,1,7,yes,yes,E2,10,158.857335
Endometrium,16,5,3,02.10.24,1,7,yes,yes,E2,20,223.033215
Endometrium,16,5,3,02.10.24,1,7,yes,yes,E2,1,153.166858
Endometrium,16,5,3,02.10.24,1,7,yes,yes,E2,5,93.932695
Endometrium,16,5,3,02.10.24,1,7,yes,yes,E2,10,111.222796
Endometrium,16,5,3,02.10.24,1,7,yes,yes,E2,20,136.842116
Endometrium,16,5,3,02.10.24,1,7,yes,yes,E2,1,62.36239
Endometrium,16,5,3,02.10.24,1,7,yes,yes,E2,5,21.095558
Endometrium,16,5,3,02.10.24,1,7,yes,yes,E2,10,81.226857
Endometrium,16,5,3,02.10.24,1,7,yes,yes,E2,20,126.856851
Endometrium,16,5,3,02.10.24,1,7,yes,yes,E2,1,6.95219
Endometrium,16,5,3,02.10.24,1,7,yes,yes,E2,5,433.678357
Endometrium,16,5,3,02.10.24,1,7,yes,yes,E2,10,114.997447
Endometrium,16,5,3,02.10.24,1,7,yes,yes,E2,20,121.237596
Endometrium,16,5,3,02.10.24,1,7,yes,yes,E2,1,586.975615
Endometrium,16,5,3,02.10.24,1,7,yes,yes,E2,5,40.55023
Endometrium,16,5,3,02.10.24,1,7,yes,yes,E2,10,395.855911
Endometrium,16,5,3,02.10.24,1,7,yes,yes,E2,20,766.343982
Endometrium,16,5,3,02.10.24,1,7,yes,yes,E2,1,35.08582
Endometrium,16,5,3,02.10.24,1,7,yes,yes,E2,5,333.639874
Endometrium,16,5,3,02.10.24,1,7,yes,yes,E2,10,180.071248
Endometrium,16,5,3,02.10.24,1,7,yes,yes,E2,20,331.621101
Endometrium,16,5,3,02.10.24,1,7,yes,yes,E2,1,53.892061
Endometrium,16,5,3,02.10.24,1,7,yes,yes,E2,5,215.144768
Endometrium,16,5,3,02.10.24,1,7,yes,yes,E2,10,103.736939
Endometrium,16,5,3,02.10.24,1,7,yes,yes,E2,20,133.511025
Endometrium,16,5,4,02.10.24,1,7,yes,yes,E1,1,390.527675
Endometrium,16,5,4,02.10.24,1,7,yes,yes,E1,5,386.778698
Endometrium,16,5,4,02.10.24,1,7,yes,yes,E1,10,518.358428
Endometrium,16,5,4,02.10.24,1,7,yes,yes,E1,20,566.919608
Endometrium,16,5,4,02.10.24,1,7,yes,yes,E1,1,1307.811115
Endometrium,16,5,4,02.10.24,1,7,yes,yes,E1,5,1656.77977
Endometrium,16,5,4,02.10.24,1,7,yes,yes,E1,10,1702.540017
Endometrium,16,5,4,02.10.24,1,7,yes,yes,E1,20,1913.617412
Endometrium,16,5,4,02.10.24,1,7,yes,yes,E1,1,874.408339
Endometrium,16,5,4,02.10.24,1,7,yes,yes,E1,5,1057.979191
Endometrium,16,5,4,02.10.24,1,7,yes,yes,E1,10,1489.683616
Endometrium,16,5,4,02.10.24,1,7,yes,yes,E1,20,1792.879772
Endometrium,16,5,4,02.10.24,1,7,yes,yes,E1,1,3503.349115
Endometrium,16,5,4,02.10.24,1,7,yes,yes,E1,5,4325.302189
Endometrium,16,5,4,02.10.24,1,7,yes,yes,E1,10,4639.034139
Endometrium,16,5,4,02.10.24,1,7,yes,yes,E1,20,5145.472628
Endometrium,16,5,4,02.10.24,1,7,yes,yes,E1,1,413.807325
Endometrium,16,5,4,02.10.24,1,7,yes,yes,E1,5,402.967783
Endometrium,16,5,4,02.10.24,1,7,yes,yes,E1,10,484.058921
Endometrium,16,5,4,02.10.24,1,7,yes,yes,E1,20,511.494406
Endometrium,16,5,4,02.10.24,1,7,yes,yes,E1,1,476.566381
Endometrium,16,5,4,02.10.24,1,7,yes,yes,E1,5,546.92222
Endometrium,16,5,4,02.10.24,1,7,yes,yes,E1,10,586.217446
Endometrium,16,5,4,02.10.24,1,7,yes,yes,E1,20,701.300271
Endometrium,16,5,4,02.10.24,1,7,yes,yes,E2,1,100.343991
Endometrium,16,5,4,02.10.24,1,7,yes,yes,E2,5,268.04844
Endometrium,16,5,4,02.10.24,1,7,yes,yes,E2,10,248.436461
Endometrium,16,5,4,02.10.24,1,7,yes,yes,E2,20,414.270482
Endometrium,16,5,4,02.10.24,1,7,yes,yes,E2,1,212.183006
Endometrium,16,5,4,02.10.24,1,7,yes,yes,E2,5,444.569107
Endometrium,16,5,4,02.10.24,1,7,yes,yes,E2,10,614.662574
Endometrium,16,5,4,02.10.24,1,7,yes,yes,E2,20,908.524867
Endometrium,16,5,4,02.10.24,1,7,yes,yes,E2,1,207.300626
Endometrium,16,5,4,02.10.24,1,7,yes,yes,E2,5,708.792547
Endometrium,16,5,4,02.10.24,1,7,yes,yes,E2,10,758.403382
Endometrium,16,5,4,02.10.24,1,7,yes,yes,E2,20,1244.856989
Endometrium,16,5,4,02.10.24,1,7,yes,yes,E2,1,4785.68621
Endometrium,16,5,4,02.10.24,1,7,yes,yes,E2,5,4132.40891
Endometrium,16,5,4,02.10.24,1,7,yes,yes,E2,10,5015.17646
Endometrium,16,5,4,02.10.24,1,7,yes,yes,E2,20,4245.092343
Endometrium,16,5,4,02.10.24,1,7,yes,yes,E2,1,5.747584
Endometrium,16,5,4,02.10.24,1,7,yes,yes,E2,5,175.111576
Endometrium,16,5,4,02.10.24,1,7,yes,yes,E2,10,217.775519
Endometrium,16,5,4,02.10.24,1,7,yes,yes,E2,20,423.781403
Endometrium,16,5,4,02.10.24,1,7,yes,yes,E2,1,134.537746
Endometrium,16,5,4,02.10.24,1,7,yes,yes,E2,5,144.570325
Endometrium,16,5,4,02.10.24,1,7,yes,yes,E2,10,317.987793
Endometrium,16,5,4,02.10.24,1,7,yes,yes,E2,20,554.983677
